city,line,station_code,station_name,month,weekday_days,mean_weekday_boardings,median_weekday_boardings
busan,1,95,다대포해수욕장,2022-07,21,5460.0952380952385,5508.0
busan,1,95,다대포해수욕장,2022-08,23,5231.913043478261,5379.0
busan,1,95,다대포해수욕장,2022-09,22,4882.0,5137.5
busan,1,95,다대포해수욕장,2022-10,21,5085.952380952381,5182.0
busan,1,95,다대포해수욕장,2022-11,22,4994.045454545455,5045.0
busan,1,95,다대포해수욕장,2022-12,22,4562.772727272727,4526.5
busan,1,95,다대포해수욕장,2023-01,22,4370.636363636364,4547.0
busan,1,95,다대포해수욕장,2023-02,20,4929.15,4947.5
busan,1,95,다대포해수욕장,2023-03,23,4996.130434782609,5099.0
busan,1,95,다대포해수욕장,2023-04,20,4989.55,5098.5
busan,1,95,다대포해수욕장,2023-05,23,5038.782608695652,5316.0
busan,1,95,다대포해수욕장,2023-06,22,5066.727272727273,5342.5
busan,1,95,다대포해수욕장,2023-07,21,4970.809523809524,5040.0
busan,1,95,다대포해수욕장,2023-08,23,5586.826086956522,5721.0
busan,1,95,다대포해수욕장,2023-09,21,5253.142857142857,5422.0
busan,1,95,다대포해수욕장,2023-10,22,5899.409090909091,5848.5
busan,1,95,다대포해수욕장,2023-11,22,5335.409090909091,5419.5
busan,1,95,다대포해수욕장,2023-12,21,4779.523809523809,4758.0
busan,1,95,다대포해수욕장,2024-01,23,4922.260869565217,4836.0
busan,1,95,다대포해수욕장,2024-02,21,4659.761904761905,4742.0
busan,1,95,다대포해수욕장,2024-03,21,5087.380952380952,5257.0
busan,1,95,다대포해수욕장,2024-04,22,5391.454545454545,5491.0
busan,1,95,다대포해수욕장,2024-05,23,6025.086956521739,6150.0
busan,1,95,다대포해수욕장,2024-06,20,6248.55,6255.0
busan,1,95,다대포해수욕장,2024-07,23,6412.217391304348,6320.0
busan,1,95,다대포해수욕장,2024-08,22,6671.272727272727,6718.5
busan,1,95,다대포해수욕장,2024-09,21,5900.619047619048,6044.0
busan,1,95,다대포해수욕장,2024-10,23,5861.086956521739,6076.0
busan,1,95,다대포해수욕장,2024-11,21,5385.761904761905,5580.0
busan,1,95,다대포해수욕장,2024-12,22,5122.954545454545,5053.5
busan,1,96,다대포항,2022-07,21,3617.285714285714,3638.0
busan,1,96,다대포항,2022-08,23,3373.2608695652175,3462.0
busan,1,96,다대포항,2022-09,22,3511.409090909091,3760.0
busan,1,96,다대포항,2022-10,21,3667.9523809523807,3785.0
busan,1,96,다대포항,2022-11,22,3750.1363636363635,3752.5
busan,1,96,다대포항,2022-12,22,3568.409090909091,3566.5
busan,1,96,다대포항,2023-01,22,3292.9545454545455,3471.5
busan,1,96,다대포항,2023-02,20,3595.6,3570.5
busan,1,96,다대포항,2023-03,23,3697.0,3773.0
busan,1,96,다대포항,2023-04,20,3675.65,3775.0
busan,1,96,다대포항,2023-05,23,3587.478260869565,3785.0
busan,1,96,다대포항,2023-06,22,3640.318181818182,3738.5
busan,1,96,다대포항,2023-07,21,3437.1428571428573,3430.0
busan,1,96,다대포항,2023-08,23,3358.086956521739,3452.0
busan,1,96,다대포항,2023-09,21,3667.095238095238,3855.0
busan,1,96,다대포항,2023-10,22,3910.2727272727275,4061.0
busan,1,96,다대포항,2023-11,22,3896.409090909091,3857.0
busan,1,96,다대포항,2023-12,21,3764.0,3873.0
busan,1,96,다대포항,2024-01,23,3632.0,3690.0
busan,1,96,다대포항,2024-02,21,3564.3333333333335,3617.0
busan,1,96,다대포항,2024-03,21,3870.095238095238,3940.0
busan,1,96,다대포항,2024-04,22,3882.818181818182,3990.0
busan,1,96,다대포항,2024-05,23,3873.3478260869565,3968.0
busan,1,96,다대포항,2024-06,20,3844.6,3867.0
busan,1,96,다대포항,2024-07,23,3589.478260869565,3637.0
busan,1,96,다대포항,2024-08,22,3537.409090909091,3557.5
busan,1,96,다대포항,2024-09,21,3545.1428571428573,3794.0
busan,1,96,다대포항,2024-10,23,3691.695652173913,3826.0
busan,1,96,다대포항,2024-11,21,3811.3333333333335,3868.0
busan,1,96,다대포항,2024-12,22,3737.409090909091,3776.0
busan,1,97,낫개,2022-07,21,5045.190476190476,5056.0
busan,1,97,낫개,2022-08,23,4616.913043478261,4715.0
busan,1,97,낫개,2022-09,22,4926.909090909091,5282.5
busan,1,97,낫개,2022-10,21,5107.523809523809,5299.0
busan,1,97,낫개,2022-11,22,5196.863636363636,5204.0
busan,1,97,낫개,2022-12,22,4956.863636363636,5007.5
busan,1,97,낫개,2023-01,22,4703.090909090909,4935.0
busan,1,97,낫개,2023-02,20,5086.25,5038.5
busan,1,97,낫개,2023-03,23,5156.478260869565,5254.0
busan,1,97,낫개,2023-04,20,5191.45,5268.0
busan,1,97,낫개,2023-05,23,5062.260869565217,5358.0
busan,1,97,낫개,2023-06,22,5086.409090909091,5232.0
busan,1,97,낫개,2023-07,21,4826.666666666667,4871.0
busan,1,97,낫개,2023-08,23,4594.347826086957,4747.0
busan,1,97,낫개,2023-09,21,5041.380952380952,5319.0
busan,1,97,낫개,2023-10,22,5251.681818181818,5469.0
busan,1,97,낫개,2023-11,22,5316.545454545455,5353.5
busan,1,97,낫개,2023-12,21,5081.428571428572,5162.0
busan,1,97,낫개,2024-01,23,4927.086956521739,4984.0
busan,1,97,낫개,2024-02,21,4902.619047619048,5114.0
busan,1,97,낫개,2024-03,21,5206.428571428572,5336.0
busan,1,97,낫개,2024-04,22,5262.954545454545,5436.5
busan,1,97,낫개,2024-05,23,5373.434782608696,5552.0
busan,1,97,낫개,2024-06,20,5356.6,5438.0
busan,1,97,낫개,2024-07,23,5099.608695652174,5246.0
busan,1,97,낫개,2024-08,22,4866.727272727273,4916.0
busan,1,97,낫개,2024-09,21,4985.238095238095,5350.0
busan,1,97,낫개,2024-10,23,5194.347826086957,5408.0
busan,1,97,낫개,2024-11,21,5405.238095238095,5460.0
busan,1,97,낫개,2024-12,22,5311.590909090909,5330.0
busan,1,98,신장림,2022-07,21,3595.9523809523807,3613.0
busan,1,98,신장림,2022-08,23,3281.608695652174,3334.0
busan,1,98,신장림,2022-09,22,3476.2727272727275,3714.5
busan,1,98,신장림,2022-10,21,3570.285714285714,3728.0
busan,1,98,신장림,2022-11,22,3673.8636363636365,3670.0
busan,1,98,신장림,2022-12,22,3601.0,3639.5
busan,1,98,신장림,2023-01,22,3280.318181818182,3466.5
busan,1,98,신장림,2023-02,20,3550.85,3536.0
busan,1,98,신장림,2023-03,23,3578.6521739130435,3637.0
busan,1,98,신장림,2023-04,20,3644.9,3683.0
busan,1,98,신장림,2023-05,23,3528.9565217391305,3736.0
busan,1,98,신장림,2023-06,22,3611.181818181818,3719.0
busan,1,98,신장림,2023-07,21,3492.1428571428573,3490.0
busan,1,98,신장림,2023-08,23,3386.9565217391305,3539.0
busan,1,98,신장림,2023-09,21,3626.904761904762,3853.0
busan,1,98,신장림,2023-10,22,3665.7272727272725,3863.0
busan,1,98,신장림,2023-11,22,3766.681818181818,3800.5
busan,1,98,신장림,2023-12,21,3579.6666666666665,3586.0
busan,1,98,신장림,2024-01,23,3496.7391304347825,3574.0
busan,1,98,신장림,2024-02,21,3541.285714285714,3610.0
busan,1,98,신장림,2024-03,21,3715.4285714285716,3786.0
busan,1,98,신장림,2024-04,22,3771.090909090909,3830.0
busan,1,98,신장림,2024-05,23,3786.1304347826085,3931.0
busan,1,98,신장림,2024-06,20,3839.05,3914.0
busan,1,98,신장림,2024-07,23,3753.695652173913,3824.0
busan,1,98,신장림,2024-08,22,3603.909090909091,3684.0
busan,1,98,신장림,2024-09,21,3610.6666666666665,3909.0
busan,1,98,신장림,2024-10,23,3669.9565217391305,3888.0
busan,1,98,신장림,2024-11,21,3789.2380952380954,3828.0
busan,1,98,신장림,2024-12,22,3759.6363636363635,3788.5
busan,1,99,장림,2022-07,21,3940.5714285714284,4007.0
busan,1,99,장림,2022-08,23,3465.1739130434785,3455.0
busan,1,99,장림,2022-09,22,3690.318181818182,3909.0
busan,1,99,장림,2022-10,21,4010.4285714285716,4191.0
busan,1,99,장림,2022-11,22,4150.227272727273,4144.5
busan,1,99,장림,2022-12,22,4022.681818181818,4029.5
busan,1,99,장림,2023-01,22,3463.2272727272725,3664.0
busan,1,99,장림,2023-02,20,3859.1,3924.5
busan,1,99,장림,2023-03,23,4138.0,4226.0
busan,1,99,장림,2023-04,20,4195.4,4205.0
busan,1,99,장림,2023-05,23,4026.7391304347825,4219.0
busan,1,99,장림,2023-06,22,3910.0,4052.5
busan,1,99,장림,2023-07,21,3719.7619047619046,3752.0
busan,1,99,장림,2023-08,23,3432.4347826086955,3579.0
busan,1,99,장림,2023-09,21,3826.809523809524,4029.0
busan,1,99,장림,2023-10,22,4020.9545454545455,4261.5
busan,1,99,장림,2023-11,22,4188.727272727273,4247.5
busan,1,99,장림,2023-12,21,4067.809523809524,4156.0
busan,1,99,장림,2024-01,23,3755.391304347826,3867.0
busan,1,99,장림,2024-02,21,3526.7619047619046,3663.0
busan,1,99,장림,2024-03,21,4321.333333333333,4353.0
busan,1,99,장림,2024-04,22,4319.318181818182,4439.0
busan,1,99,장림,2024-05,23,4307.130434782609,4534.0
busan,1,99,장림,2024-06,20,4296.15,4405.5
busan,1,99,장림,2024-07,23,4215.130434782609,4205.0
busan,1,99,장림,2024-08,22,3681.318181818182,3620.5
busan,1,99,장림,2024-09,21,3898.2380952380954,4267.0
busan,1,99,장림,2024-10,23,4221.695652173913,4459.0
busan,1,99,장림,2024-11,21,4620.714285714285,4649.0
busan,1,99,장림,2024-12,22,4551.090909090909,4652.5
busan,1,100,동매,2022-07,21,4744.047619047619,4764.0
busan,1,100,동매,2022-08,23,4380.652173913043,4540.0
busan,1,100,동매,2022-09,22,4711.454545454545,5129.0
busan,1,100,동매,2022-10,21,4900.0,5114.0
busan,1,100,동매,2022-11,22,5053.681818181818,5072.0
busan,1,100,동매,2022-12,22,4970.454545454545,4914.5
busan,1,100,동매,2023-01,22,4560.045454545455,4842.5
busan,1,100,동매,2023-02,20,4902.05,4911.0
busan,1,100,동매,2023-03,23,4958.086956521739,5115.0
busan,1,100,동매,2023-04,20,4895.4,4978.5
busan,1,100,동매,2023-05,23,4663.782608695652,4941.0
busan,1,100,동매,2023-06,22,4667.045454545455,4777.0
busan,1,100,동매,2023-07,21,4538.333333333333,4584.0
busan,1,100,동매,2023-08,23,4302.652173913043,4494.0
busan,1,100,동매,2023-09,21,4598.142857142857,4839.0
busan,1,100,동매,2023-10,22,4683.363636363636,4973.0
busan,1,100,동매,2023-11,22,4928.045454545455,4943.0
busan,1,100,동매,2023-12,21,4691.9047619047615,4675.0
busan,1,100,동매,2024-01,23,4587.652173913043,4689.0
busan,1,100,동매,2024-02,21,4502.761904761905,4704.0
busan,1,100,동매,2024-03,21,4743.0,4862.0
busan,1,100,동매,2024-04,22,4773.090909090909,4872.0
busan,1,100,동매,2024-05,23,4698.826086956522,4889.0
busan,1,100,동매,2024-06,20,4685.55,4806.0
busan,1,100,동매,2024-07,23,4528.304347826087,4625.0
busan,1,100,동매,2024-08,22,4294.5,4427.0
busan,1,100,동매,2024-09,21,4301.238095238095,4744.0
busan,1,100,동매,2024-10,23,4447.565217391304,4665.0
busan,1,100,동매,2024-11,21,4666.761904761905,4696.0
busan,1,100,동매,2024-12,22,4733.045454545455,4725.5
busan,1,101,신평,2022-07,21,7061.428571428572,7080.0
busan,1,101,신평,2022-08,23,6446.434782608696,6607.0
busan,1,101,신평,2022-09,22,6778.090909090909,7200.0
busan,1,101,신평,2022-10,21,7004.0,7384.0
busan,1,101,신평,2022-11,22,7093.045454545455,7082.0
busan,1,101,신평,2022-12,22,6954.363636363636,6950.5
busan,1,101,신평,2023-01,22,6513.681818181818,6877.5
busan,1,101,신평,2023-02,20,7003.45,6988.5
busan,1,101,신평,2023-03,23,6895.434782608696,7018.0
busan,1,101,신평,2023-04,20,7013.9,7088.5
busan,1,101,신평,2023-05,23,6683.478260869565,7130.0
busan,1,101,신평,2023-06,22,6840.363636363636,6993.5
busan,1,101,신평,2023-07,21,6578.952380952381,6642.0
busan,1,101,신평,2023-08,23,6482.0,6717.0
busan,1,101,신평,2023-09,21,6943.523809523809,7285.0
busan,1,101,신평,2023-10,22,6972.318181818182,7387.5
busan,1,101,신평,2023-11,22,7173.863636363636,7148.5
busan,1,101,신평,2023-12,21,6858.809523809524,6915.0
busan,1,101,신평,2024-01,23,6774.869565217391,6877.0
busan,1,101,신평,2024-02,21,6646.285714285715,6981.0
busan,1,101,신평,2024-03,21,6990.142857142857,7190.0
busan,1,101,신평,2024-04,22,7033.954545454545,7253.0
busan,1,101,신평,2024-05,23,6992.478260869565,7300.0
busan,1,101,신평,2024-06,20,7103.7,7228.0
busan,1,101,신평,2024-07,23,7210.565217391304,7322.0
busan,1,101,신평,2024-08,22,6800.681818181818,7018.5
busan,1,101,신평,2024-09,21,6841.9047619047615,7463.0
busan,1,101,신평,2024-10,23,7040.826086956522,7427.0
busan,1,101,신평,2024-11,21,7357.333333333333,7425.0
busan,1,101,신평,2024-12,22,7146.136363636364,7248.0
busan,1,102,하단,2022-07,21,19422.428571428572,19321.0
busan,1,102,하단,2022-08,23,17802.652173913044,17989.0
busan,1,102,하단,2022-09,22,19888.954545454544,21322.5
busan,1,102,하단,2022-10,21,20518.380952380954,21125.0
busan,1,102,하단,2022-11,22,20826.545454545456,20916.5
busan,1,102,하단,2022-12,22,20163.31818181818,19941.5
busan,1,102,하단,2023-01,22,17770.31818181818,18552.5
busan,1,102,하단,2023-02,20,19459.4,19324.5
busan,1,102,하단,2023-03,23,21278.608695652172,21537.0
busan,1,102,하단,2023-04,20,21095.95,21142.0
busan,1,102,하단,2023-05,23,20696.478260869564,21610.0
busan,1,102,하단,2023-06,22,19999.590909090908,20547.5
busan,1,102,하단,2023-07,21,18849.666666666668,18751.0
busan,1,102,하단,2023-08,23,18369.08695652174,19012.0
busan,1,102,하단,2023-09,21,20780.190476190477,21601.0
busan,1,102,하단,2023-10,22,21105.136363636364,21999.0
busan,1,102,하단,2023-11,22,21684.409090909092,21701.0
busan,1,102,하단,2023-12,21,20946.761904761905,21201.0
busan,1,102,하단,2024-01,23,19192.695652173912,19308.0
busan,1,102,하단,2024-02,21,19021.238095238095,19609.0
busan,1,102,하단,2024-03,21,21941.0,22249.0
busan,1,102,하단,2024-04,22,22030.18181818182,22330.5
busan,1,102,하단,2024-05,23,21907.956521739132,22341.0
busan,1,102,하단,2024-06,20,21250.0,21386.5
busan,1,102,하단,2024-07,23,19947.130434782608,19744.0
busan,1,102,하단,2024-08,22,19060.590909090908,19145.5
busan,1,102,하단,2024-09,21,20113.95238095238,21554.0
busan,1,102,하단,2024-10,23,20944.260869565216,21696.0
busan,1,102,하단,2024-11,21,21944.714285714286,21796.0
busan,1,102,하단,2024-12,22,21394.272727272728,21243.5
busan,1,103,당리,2022-07,21,6662.142857142857,6565.0
busan,1,103,당리,2022-08,23,6064.695652173913,6114.0
busan,1,103,당리,2022-09,22,6472.363636363636,6757.0
busan,1,103,당리,2022-10,21,6737.428571428572,6841.0
busan,1,103,당리,2022-11,22,6939.272727272727,6773.5
busan,1,103,당리,2022-12,22,6779.181818181818,6600.5
busan,1,103,당리,2023-01,22,6282.909090909091,6537.0
busan,1,103,당리,2023-02,20,6893.1,6663.5
busan,1,103,당리,2023-03,23,6878.826086956522,6808.0
busan,1,103,당리,2023-04,20,6920.55,6740.0
busan,1,103,당리,2023-05,23,6630.347826086957,6802.0
busan,1,103,당리,2023-06,22,6757.954545454545,6726.0
busan,1,103,당리,2023-07,21,6572.428571428572,6543.0
busan,1,103,당리,2023-08,23,6361.173913043478,6556.0
busan,1,103,당리,2023-09,21,6847.0952380952385,6920.0
busan,1,103,당리,2023-10,22,6902.590909090909,7114.5
busan,1,103,당리,2023-11,22,7271.318181818182,7104.5
busan,1,103,당리,2023-12,21,6935.857142857143,7004.0
busan,1,103,당리,2024-01,23,6692.652173913043,6669.0
busan,1,103,당리,2024-02,21,6707.761904761905,6859.0
busan,1,103,당리,2024-03,21,7084.761904761905,6995.0
busan,1,103,당리,2024-04,22,7146.227272727273,7108.0
busan,1,103,당리,2024-05,23,7259.130434782609,7303.0
busan,1,103,당리,2024-06,20,7288.4,7228.5
busan,1,103,당리,2024-07,23,7006.478260869565,6943.0
busan,1,103,당리,2024-08,22,6696.909090909091,6660.0
busan,1,103,당리,2024-09,21,6824.857142857143,7308.0
busan,1,103,당리,2024-10,23,6949.869565217391,7168.0
busan,1,103,당리,2024-11,21,7373.0952380952385,7206.0
busan,1,103,당리,2024-12,22,7132.545454545455,7057.5
busan,1,104,사하,2022-07,21,4592.380952380952,4648.0
busan,1,104,사하,2022-08,23,4201.260869565217,4231.0
busan,1,104,사하,2022-09,22,4432.636363636364,4708.0
busan,1,104,사하,2022-10,21,4570.523809523809,4720.0
busan,1,104,사하,2022-11,22,4661.181818181818,4663.5
busan,1,104,사하,2022-12,22,4522.545454545455,4513.5
busan,1,104,사하,2023-01,22,4164.954545454545,4316.0
busan,1,104,사하,2023-02,20,4652.95,4650.5
busan,1,104,사하,2023-03,23,4838.0,4930.0
busan,1,104,사하,2023-04,20,4901.05,4934.0
busan,1,104,사하,2023-05,23,4798.04347826087,5065.0
busan,1,104,사하,2023-06,22,4867.227272727273,4917.0
busan,1,104,사하,2023-07,21,4749.619047619048,4786.0
busan,1,104,사하,2023-08,23,4529.260869565217,4619.0
busan,1,104,사하,2023-09,21,4924.714285714285,5179.0
busan,1,104,사하,2023-10,22,5013.590909090909,5225.0
busan,1,104,사하,2023-11,22,5191.636363636364,5217.0
busan,1,104,사하,2023-12,21,4999.428571428572,5090.0
busan,1,104,사하,2024-01,23,4712.391304347826,4832.0
busan,1,104,사하,2024-02,21,4764.142857142857,4936.0
busan,1,104,사하,2024-03,21,5118.571428571428,5259.0
busan,1,104,사하,2024-04,22,5196.090909090909,5262.0
busan,1,104,사하,2024-05,23,5215.565217391304,5364.0
busan,1,104,사하,2024-06,20,5253.7,5337.5
busan,1,104,사하,2024-07,23,5175.869565217391,5252.0
busan,1,104,사하,2024-08,22,4886.590909090909,4983.0
busan,1,104,사하,2024-09,21,4962.809523809524,5325.0
busan,1,104,사하,2024-10,23,5020.521739130435,5245.0
busan,1,104,사하,2024-11,21,5211.523809523809,5247.0
busan,1,104,사하,2024-12,22,5044.136363636364,5109.0
busan,1,105,괴정,2022-07,21,9523.42857142857,9616.0
busan,1,105,괴정,2022-08,23,8706.608695652174,8727.0
busan,1,105,괴정,2022-09,22,9215.954545454546,9783.0
busan,1,105,괴정,2022-10,21,9681.285714285714,10075.0
busan,1,105,괴정,2022-11,22,9748.227272727272,9701.5
busan,1,105,괴정,2022-12,22,9565.363636363636,9588.0
busan,1,105,괴정,2023-01,22,8838.045454545454,9321.0
busan,1,105,괴정,2023-02,20,9591.2,9612.0
busan,1,105,괴정,2023-03,23,9715.478260869566,9925.0
busan,1,105,괴정,2023-04,20,9759.8,9887.5
busan,1,105,괴정,2023-05,23,9518.0,9985.0
busan,1,105,괴정,2023-06,22,9495.272727272728,9747.0
busan,1,105,괴정,2023-07,21,9093.761904761905,9088.0
busan,1,105,괴정,2023-08,23,8853.95652173913,9228.0
busan,1,105,괴정,2023-09,21,9508.190476190477,9925.0
busan,1,105,괴정,2023-10,22,9886.545454545454,10283.5
busan,1,105,괴정,2023-11,22,10181.045454545454,10186.5
busan,1,105,괴정,2023-12,21,9938.52380952381,10206.0
busan,1,105,괴정,2024-01,23,9493.08695652174,9701.0
busan,1,105,괴정,2024-02,21,9503.285714285714,9873.0
busan,1,105,괴정,2024-03,21,10089.095238095239,10274.0
busan,1,105,괴정,2024-04,22,10126.454545454546,10255.5
busan,1,105,괴정,2024-05,23,10199.608695652174,10460.0
busan,1,105,괴정,2024-06,20,10119.95,10150.0
busan,1,105,괴정,2024-07,23,9659.91304347826,9821.0
busan,1,105,괴정,2024-08,22,9181.318181818182,9269.0
busan,1,105,괴정,2024-09,21,9370.0,10102.0
busan,1,105,괴정,2024-10,23,9688.130434782608,10054.0
busan,1,105,괴정,2024-11,21,9982.190476190477,10052.0
busan,1,105,괴정,2024-12,22,9861.363636363636,9917.5
busan,1,106,대티,2022-07,21,4158.142857142857,4168.0
busan,1,106,대티,2022-08,23,3827.478260869565,3898.0
busan,1,106,대티,2022-09,22,4401.227272727273,4729.0
busan,1,106,대티,2022-10,21,4575.0,4777.0
busan,1,106,대티,2022-11,22,4636.954545454545,4638.5
busan,1,106,대티,2022-12,22,4296.545454545455,4371.5
busan,1,106,대티,2023-01,22,3728.681818181818,3927.0
busan,1,106,대티,2023-02,20,4109.15,4107.5
busan,1,106,대티,2023-03,23,4667.086956521739,4752.0
busan,1,106,대티,2023-04,20,4643.8,4704.5
busan,1,106,대티,2023-05,23,4507.913043478261,4786.0
busan,1,106,대티,2023-06,22,4350.454545454545,4471.5
busan,1,106,대티,2023-07,21,3897.9523809523807,3905.0
busan,1,106,대티,2023-08,23,3797.1739130434785,3999.0
busan,1,106,대티,2023-09,21,4496.0952380952385,4732.0
busan,1,106,대티,2023-10,22,4554.318181818182,4837.0
busan,1,106,대티,2023-11,22,4794.136363636364,4809.5
busan,1,106,대티,2023-12,21,4380.238095238095,4408.0
busan,1,106,대티,2024-01,23,3983.8260869565215,4072.0
busan,1,106,대티,2024-02,21,4001.190476190476,4139.0
busan,1,106,대티,2024-03,21,4756.0952380952385,4849.0
busan,1,106,대티,2024-04,22,4791.227272727273,4918.0
busan,1,106,대티,2024-05,23,4802.782608695652,4986.0
busan,1,106,대티,2024-06,20,4638.9,4744.0
busan,1,106,대티,2024-07,23,4163.347826086957,4244.0
busan,1,106,대티,2024-08,22,3912.5,4039.0
busan,1,106,대티,2024-09,21,4438.619047619048,4869.0
busan,1,106,대티,2024-10,23,4540.173913043478,4768.0
busan,1,106,대티,2024-11,21,4743.857142857143,4765.0
busan,1,106,대티,2024-12,22,4518.045454545455,4607.0
busan,1,107,서대신,2022-07,21,3144.190476190476,3195.0
busan,1,107,서대신,2022-08,23,2939.913043478261,3007.0
busan,1,107,서대신,2022-09,22,3240.818181818182,3474.0
busan,1,107,서대신,2022-10,21,3435.4761904761904,3574.0
busan,1,107,서대신,2022-11,22,3492.090909090909,3523.5
busan,1,107,서대신,2022-12,22,3408.090909090909,3387.5
busan,1,107,서대신,2023-01,22,3196.0454545454545,3346.5
busan,1,107,서대신,2023-02,20,3408.9,3412.5
busan,1,107,서대신,2023-03,23,3580.695652173913,3633.0
busan,1,107,서대신,2023-04,20,3567.65,3584.5
busan,1,107,서대신,2023-05,23,3697.1739130434785,3900.0
busan,1,107,서대신,2023-06,22,3534.181818181818,3625.0
busan,1,107,서대신,2023-07,21,3371.6666666666665,3393.0
busan,1,107,서대신,2023-08,23,3258.695652173913,3403.0
busan,1,107,서대신,2023-09,21,3592.809523809524,3791.0
busan,1,107,서대신,2023-10,22,3576.5,3773.0
busan,1,107,서대신,2023-11,22,3778.7272727272725,3776.0
busan,1,107,서대신,2023-12,21,3691.5714285714284,3776.0
busan,1,107,서대신,2024-01,23,3614.2608695652175,3684.0
busan,1,107,서대신,2024-02,21,3509.6666666666665,3641.0
busan,1,107,서대신,2024-03,21,3811.714285714286,3932.0
busan,1,107,서대신,2024-04,22,3816.818181818182,3915.0
busan,1,107,서대신,2024-05,23,3984.217391304348,4146.0
busan,1,107,서대신,2024-06,20,3817.3,3876.5
busan,1,107,서대신,2024-07,23,3695.217391304348,3739.0
busan,1,107,서대신,2024-08,22,3465.090909090909,3528.0
busan,1,107,서대신,2024-09,21,3570.1428571428573,3899.0
busan,1,107,서대신,2024-10,23,3650.521739130435,3821.0
busan,1,107,서대신,2024-11,21,3822.0476190476193,3838.0
busan,1,107,서대신,2024-12,22,3781.818181818182,3842.5
busan,1,108,동대신,2022-07,21,7039.476190476191,7108.0
busan,1,108,동대신,2022-08,23,6451.608695652174,6553.0
busan,1,108,동대신,2022-09,22,6878.727272727273,7373.5
busan,1,108,동대신,2022-10,21,7118.476190476191,7447.0
busan,1,108,동대신,2022-11,22,7287.0,7312.5
busan,1,108,동대신,2022-12,22,7055.545454545455,7050.0
busan,1,108,동대신,2023-01,22,6579.409090909091,6961.5
busan,1,108,동대신,2023-02,20,7184.45,7184.5
busan,1,108,동대신,2023-03,23,7316.521739130435,7457.0
busan,1,108,동대신,2023-04,20,7284.1,7371.0
busan,1,108,동대신,2023-05,23,7049.304347826087,7500.0
busan,1,108,동대신,2023-06,22,7068.863636363636,7226.5
busan,1,108,동대신,2023-07,21,6892.0,6943.0
busan,1,108,동대신,2023-08,23,6715.173913043478,6941.0
busan,1,108,동대신,2023-09,21,7231.571428571428,7577.0
busan,1,108,동대신,2023-10,22,7377.954545454545,7792.5
busan,1,108,동대신,2023-11,22,7812.863636363636,7877.5
busan,1,108,동대신,2023-12,21,7535.619047619048,7762.0
busan,1,108,동대신,2024-01,23,7259.304347826087,7487.0
busan,1,108,동대신,2024-02,21,7109.380952380952,7371.0
busan,1,108,동대신,2024-03,21,7532.523809523809,7663.0
busan,1,108,동대신,2024-04,22,7613.272727272727,7775.0
busan,1,108,동대신,2024-05,23,7567.782608695652,7888.0
busan,1,108,동대신,2024-06,20,7588.55,7661.0
busan,1,108,동대신,2024-07,23,7289.0,7398.0
busan,1,108,동대신,2024-08,22,6966.727272727273,7052.0
busan,1,108,동대신,2024-09,21,7112.238095238095,7759.0
busan,1,108,동대신,2024-10,23,7298.173913043478,7610.0
busan,1,108,동대신,2024-11,21,7628.952380952381,7675.0
busan,1,108,동대신,2024-12,22,7412.727272727273,7462.5
busan,1,109,토성,2022-07,21,8994.095238095239,9129.0
busan,1,109,토성,2022-08,23,8506.782608695652,8763.0
busan,1,109,토성,2022-09,22,10151.636363636364,11163.5
busan,1,109,토성,2022-10,21,10418.904761904761,11098.0
busan,1,109,토성,2022-11,22,10833.0,10965.0
busan,1,109,토성,2022-12,22,9895.272727272728,9995.0
busan,1,109,토성,2023-01,22,8431.363636363636,8951.5
busan,1,109,토성,2023-02,20,9192.1,9278.5
busan,1,109,토성,2023-03,23,11105.782608695652,11468.0
busan,1,109,토성,2023-04,20,11288.05,11307.5
busan,1,109,토성,2023-05,23,10694.826086956522,11656.0
busan,1,109,토성,2023-06,22,10181.318181818182,10559.5
busan,1,109,토성,2023-07,21,9009.380952380952,9133.0
busan,1,109,토성,2023-08,23,8788.826086956522,9060.0
busan,1,109,토성,2023-09,21,10906.333333333334,11718.0
busan,1,109,토성,2023-10,22,10886.227272727272,11752.5
busan,1,109,토성,2023-11,22,11522.227272727272,11691.5
busan,1,109,토성,2023-12,21,10705.857142857143,10894.0
busan,1,109,토성,2024-01,23,9748.217391304348,10020.0
busan,1,109,토성,2024-02,21,9260.142857142857,9761.0
busan,1,109,토성,2024-03,21,11479.285714285714,11927.0
busan,1,109,토성,2024-04,22,11359.681818181818,11731.0
busan,1,109,토성,2024-05,23,10951.521739130434,11789.0
busan,1,109,토성,2024-06,20,10512.6,10860.5
busan,1,109,토성,2024-07,23,9627.304347826086,9670.0
busan,1,109,토성,2024-08,22,9152.954545454546,9445.5
busan,1,109,토성,2024-09,21,10455.0,11590.0
busan,1,109,토성,2024-10,23,10682.260869565218,11580.0
busan,1,109,토성,2024-11,21,11285.095238095239,11562.0
busan,1,109,토성,2024-12,22,10390.454545454546,10706.5
busan,1,110,자갈치,2022-07,21,15924.857142857143,16233.0
busan,1,110,자갈치,2022-08,23,15880.08695652174,16252.0
busan,1,110,자갈치,2022-09,22,15856.90909090909,16449.0
busan,1,110,자갈치,2022-10,21,17408.95238095238,17238.0
busan,1,110,자갈치,2022-11,22,16705.68181818182,16734.5
busan,1,110,자갈치,2022-12,22,17254.045454545456,16864.0
busan,1,110,자갈치,2023-01,22,16696.545454545456,17519.0
busan,1,110,자갈치,2023-02,20,17389.95,17356.5
busan,1,110,자갈치,2023-03,23,16937.217391304348,17006.0
busan,1,110,자갈치,2023-04,20,16887.1,17100.5
busan,1,110,자갈치,2023-05,23,16982.695652173912,17570.0
busan,1,110,자갈치,2023-06,22,16745.81818181818,16822.0
busan,1,110,자갈치,2023-07,21,15816.238095238095,15799.0
busan,1,110,자갈치,2023-08,23,16549.521739130436,16992.0
busan,1,110,자갈치,2023-09,21,17834.52380952381,18150.0
busan,1,110,자갈치,2023-10,22,18864.409090909092,18561.0
busan,1,110,자갈치,2023-11,22,18622.0,18513.5
busan,1,110,자갈치,2023-12,21,19388.95238095238,18913.0
busan,1,110,자갈치,2024-01,23,17837.17391304348,18011.0
busan,1,110,자갈치,2024-02,21,17536.428571428572,17749.0
busan,1,110,자갈치,2024-03,21,17923.190476190477,17795.0
busan,1,110,자갈치,2024-04,22,17983.590909090908,18141.5
busan,1,110,자갈치,2024-05,23,18556.565217391304,18484.0
busan,1,110,자갈치,2024-06,20,18018.7,17793.0
busan,1,110,자갈치,2024-07,23,16707.260869565216,17193.0
busan,1,110,자갈치,2024-08,22,16917.31818181818,17044.5
busan,1,110,자갈치,2024-09,21,17081.238095238095,18033.0
busan,1,110,자갈치,2024-10,23,18171.260869565216,18167.0
busan,1,110,자갈치,2024-11,21,17975.85714285714,18006.0
busan,1,110,자갈치,2024-12,22,19157.590909090908,18359.5
busan,1,111,남포,2022-07,21,16215.47619047619,16365.0
busan,1,111,남포,2022-08,23,15799.739130434782,15868.0
busan,1,111,남포,2022-09,22,16194.818181818182,16877.0
busan,1,111,남포,2022-10,21,17422.095238095237,17267.0
busan,1,111,남포,2022-11,22,17199.045454545456,17113.0
busan,1,111,남포,2022-12,22,17925.0,17923.5
busan,1,111,남포,2023-01,22,16003.59090909091,16239.0
busan,1,111,남포,2023-02,20,16759.55,16746.0
busan,1,111,남포,2023-03,23,17855.434782608696,17776.0
busan,1,111,남포,2023-04,20,18110.35,18252.0
busan,1,111,남포,2023-05,23,17901.82608695652,18323.0
busan,1,111,남포,2023-06,22,17669.045454545456,17546.0
busan,1,111,남포,2023-07,21,16757.809523809523,16500.0
busan,1,111,남포,2023-08,23,17114.17391304348,17303.0
busan,1,111,남포,2023-09,21,17955.666666666668,18396.0
busan,1,111,남포,2023-10,22,19107.727272727272,19309.5
busan,1,111,남포,2023-11,22,19358.772727272728,19128.0
busan,1,111,남포,2023-12,21,20458.95238095238,20065.0
busan,1,111,남포,2024-01,23,17073.478260869564,17135.0
busan,1,111,남포,2024-02,21,17205.333333333332,17684.0
busan,1,111,남포,2024-03,21,18911.47619047619,18769.0
busan,1,111,남포,2024-04,22,18974.0,18977.5
busan,1,111,남포,2024-05,23,19545.956521739132,19417.0
busan,1,111,남포,2024-06,20,18981.3,18775.0
busan,1,111,남포,2024-07,23,17922.130434782608,17938.0
busan,1,111,남포,2024-08,22,18251.636363636364,17973.0
busan,1,111,남포,2024-09,21,18141.85714285714,18584.0
busan,1,111,남포,2024-10,23,18891.478260869564,19152.0
busan,1,111,남포,2024-11,21,19168.714285714286,18988.0
busan,1,111,남포,2024-12,22,20627.5,19715.5
busan,1,112,중앙,2022-07,21,10780.57142857143,10844.0
busan,1,112,중앙,2022-08,23,9949.217391304348,10198.0
busan,1,112,중앙,2022-09,22,9980.772727272728,10900.5
busan,1,112,중앙,2022-10,21,10427.190476190477,11075.0
busan,1,112,중앙,2022-11,22,10972.5,11003.0
busan,1,112,중앙,2022-12,22,10945.09090909091,10964.0
busan,1,112,중앙,2023-01,22,10023.59090909091,10783.0
busan,1,112,중앙,2023-02,20,11063.7,11057.0
busan,1,112,중앙,2023-03,23,10860.652173913044,11150.0
busan,1,112,중앙,2023-04,20,11277.95,11280.5
busan,1,112,중앙,2023-05,23,10373.652173913044,11208.0
busan,1,112,중앙,2023-06,22,10744.136363636364,11130.0
busan,1,112,중앙,2023-07,21,10901.190476190477,10923.0
busan,1,112,중앙,2023-08,23,10378.434782608696,10733.0
busan,1,112,중앙,2023-09,21,10353.333333333334,11107.0
busan,1,112,중앙,2023-10,22,10258.772727272728,11228.0
busan,1,112,중앙,2023-11,22,11226.5,11148.5
busan,1,112,중앙,2023-12,21,10867.666666666666,11169.0
busan,1,112,중앙,2024-01,23,10750.608695652174,11068.0
busan,1,112,중앙,2024-02,21,10427.666666666666,11200.0
busan,1,112,중앙,2024-03,21,11055.619047619048,11313.0
busan,1,112,중앙,2024-04,22,11032.227272727272,11386.0
busan,1,112,중앙,2024-05,23,10701.739130434782,11526.0
busan,1,112,중앙,2024-06,20,11008.0,11310.0
busan,1,112,중앙,2024-07,23,11153.08695652174,11157.0
busan,1,112,중앙,2024-08,22,10590.09090909091,10828.5
busan,1,112,중앙,2024-09,21,10034.333333333334,11138.0
busan,1,112,중앙,2024-10,23,10405.826086956522,11260.0
busan,1,112,중앙,2024-11,21,11300.666666666666,11283.0
busan,1,112,중앙,2024-12,22,10997.0,11294.0
busan,1,113,부산역,2022-07,21,20610.238095238095,19952.0
busan,1,113,부산역,2022-08,23,20952.217391304348,20593.0
busan,1,113,부산역,2022-09,22,19450.454545454544,18958.0
busan,1,113,부산역,2022-10,21,21215.809523809523,20086.0
busan,1,113,부산역,2022-11,22,20839.272727272728,19584.0
busan,1,113,부산역,2022-12,22,21657.454545454544,20375.0
busan,1,113,부산역,2023-01,22,20428.227272727272,20194.0
busan,1,113,부산역,2023-02,20,22577.2,22087.0
busan,1,113,부산역,2023-03,23,20926.739130434784,19778.0
busan,1,113,부산역,2023-04,20,22022.0,21087.0
busan,1,113,부산역,2023-05,23,21767.869565217392,20820.0
busan,1,113,부산역,2023-06,22,21796.81818181818,20689.5
busan,1,113,부산역,2023-07,21,21768.380952380954,20821.0
busan,1,113,부산역,2023-08,23,22573.565217391304,22452.0
busan,1,113,부산역,2023-09,21,21476.095238095237,20550.0
busan,1,113,부산역,2023-10,22,22651.68181818182,21686.0
busan,1,113,부산역,2023-11,22,22822.909090909092,21600.0
busan,1,113,부산역,2023-12,21,23280.238095238095,21835.0
busan,1,113,부산역,2024-01,23,21716.08695652174,21221.0
busan,1,113,부산역,2024-02,21,23319.666666666668,23133.0
busan,1,113,부산역,2024-03,21,22365.666666666668,20965.0
busan,1,113,부산역,2024-04,22,22947.31818181818,22249.0
busan,1,113,부산역,2024-05,23,23745.17391304348,22868.0
busan,1,113,부산역,2024-06,20,23350.1,22565.5
busan,1,113,부산역,2024-07,23,22933.347826086956,22099.0
busan,1,113,부산역,2024-08,22,24321.5,23178.5
busan,1,113,부산역,2024-09,21,22352.190476190477,21752.0
busan,1,113,부산역,2024-10,23,23285.608695652172,22488.0
busan,1,113,부산역,2024-11,21,23699.904761904763,22436.0
busan,1,113,부산역,2024-12,22,23281.363636363636,22014.5
busan,1,114,초량,2022-07,21,6629.571428571428,6693.0
busan,1,114,초량,2022-08,23,6221.304347826087,6385.0
busan,1,114,초량,2022-09,22,6316.590909090909,6834.5
busan,1,114,초량,2022-10,21,6607.333333333333,7016.0
busan,1,114,초량,2022-11,22,6901.909090909091,6901.0
busan,1,114,초량,2022-12,22,6864.636363636364,6889.0
busan,1,114,초량,2023-01,22,6320.0,6735.0
busan,1,114,초량,2023-02,20,6975.15,6974.0
busan,1,114,초량,2023-03,23,6950.565217391304,7091.0
busan,1,114,초량,2023-04,20,7213.6,7236.0
busan,1,114,초량,2023-05,23,6716.652173913043,7202.0
busan,1,114,초량,2023-06,22,6844.863636363636,6930.5
busan,1,114,초량,2023-07,21,6710.238095238095,6744.0
busan,1,114,초량,2023-08,23,6445.173913043478,6720.0
busan,1,114,초량,2023-09,21,6730.523809523809,7161.0
busan,1,114,초량,2023-10,22,6893.772727272727,7384.5
busan,1,114,초량,2023-11,22,7248.5,7238.0
busan,1,114,초량,2023-12,21,6882.0952380952385,7094.0
busan,1,114,초량,2024-01,23,6818.347826086957,7002.0
busan,1,114,초량,2024-02,21,6818.666666666667,7220.0
busan,1,114,초량,2024-03,21,7220.809523809524,7345.0
busan,1,114,초량,2024-04,22,7301.909090909091,7560.0
busan,1,114,초량,2024-05,23,7118.695652173913,7562.0
busan,1,114,초량,2024-06,20,7219.4,7357.5
busan,1,114,초량,2024-07,23,7129.0,7201.0
busan,1,114,초량,2024-08,22,6731.727272727273,6895.5
busan,1,114,초량,2024-09,21,6674.190476190476,7248.0
busan,1,114,초량,2024-10,23,6935.04347826087,7412.0
busan,1,114,초량,2024-11,21,7455.047619047619,7492.0
busan,1,114,초량,2024-12,22,7220.136363636364,7406.0
busan,1,115,부산진,2022-07,21,7961.047619047619,8045.0
busan,1,115,부산진,2022-08,23,7291.086956521739,7366.0
busan,1,115,부산진,2022-09,22,7689.0,8394.5
busan,1,115,부산진,2022-10,21,8072.476190476191,8492.0
busan,1,115,부산진,2022-11,22,8351.40909090909,8369.5
busan,1,115,부산진,2022-12,22,8117.409090909091,8152.0
busan,1,115,부산진,2023-01,22,7464.227272727273,7968.0
busan,1,115,부산진,2023-02,20,8172.1,8195.5
busan,1,115,부산진,2023-03,23,8218.434782608696,8430.0
busan,1,115,부산진,2023-04,20,8298.05,8406.5
busan,1,115,부산진,2023-05,23,7990.652173913043,8598.0
busan,1,115,부산진,2023-06,22,8012.545454545455,8250.0
busan,1,115,부산진,2023-07,21,7725.285714285715,7703.0
busan,1,115,부산진,2023-08,23,7382.0,7734.0
busan,1,115,부산진,2023-09,21,7982.619047619048,8554.0
busan,1,115,부산진,2023-10,22,8087.318181818182,8667.5
busan,1,115,부산진,2023-11,22,8538.636363636364,8556.0
busan,1,115,부산진,2023-12,21,8261.619047619048,8593.0
busan,1,115,부산진,2024-01,23,8071.826086956522,8304.0
busan,1,115,부산진,2024-02,21,7989.047619047619,8401.0
busan,1,115,부산진,2024-03,21,8443.42857142857,8701.0
busan,1,115,부산진,2024-04,22,8465.59090909091,8804.5
busan,1,115,부산진,2024-05,23,8490.826086956522,9017.0
busan,1,115,부산진,2024-06,20,8588.05,8769.0
busan,1,115,부산진,2024-07,23,8338.95652173913,8420.0
busan,1,115,부산진,2024-08,22,7879.818181818182,8042.0
busan,1,115,부산진,2024-09,21,7949.047619047619,8829.0
busan,1,115,부산진,2024-10,23,8167.260869565217,8650.0
busan,1,115,부산진,2024-11,21,8672.142857142857,8740.0
busan,1,115,부산진,2024-12,22,8290.727272727272,8463.0
busan,1,116,좌천,2022-07,21,4176.571428571428,4205.0
busan,1,116,좌천,2022-08,23,3940.8260869565215,3957.0
busan,1,116,좌천,2022-09,22,4114.545454545455,4427.5
busan,1,116,좌천,2022-10,21,4368.809523809524,4576.0
busan,1,116,좌천,2022-11,22,4398.363636363636,4422.0
busan,1,116,좌천,2022-12,22,4205.909090909091,4188.5
busan,1,116,좌천,2023-01,22,3937.8636363636365,4131.5
busan,1,116,좌천,2023-02,20,4323.7,4335.0
busan,1,116,좌천,2023-03,23,4358.478260869565,4466.0
busan,1,116,좌천,2023-04,20,4430.15,4486.0
busan,1,116,좌천,2023-05,23,4204.695652173913,4458.0
busan,1,116,좌천,2023-06,22,4320.909090909091,4457.5
busan,1,116,좌천,2023-07,21,4314.0952380952385,4307.0
busan,1,116,좌천,2023-08,23,4307.478260869565,4500.0
busan,1,116,좌천,2023-09,21,4623.857142857143,4873.0
busan,1,116,좌천,2023-10,22,4733.227272727273,5013.5
busan,1,116,좌천,2023-11,22,4954.636363636364,4977.0
busan,1,116,좌천,2023-12,21,4757.9047619047615,4827.0
busan,1,116,좌천,2024-01,23,4636.652173913043,4747.0
busan,1,116,좌천,2024-02,21,4623.571428571428,4886.0
busan,1,116,좌천,2024-03,21,4906.047619047619,5027.0
busan,1,116,좌천,2024-04,22,4938.181818181818,5030.5
busan,1,116,좌천,2024-05,23,4889.130434782609,5099.0
busan,1,116,좌천,2024-06,20,4910.45,4998.0
busan,1,116,좌천,2024-07,23,4746.434782608696,4724.0
busan,1,116,좌천,2024-08,22,4469.045454545455,4556.0
busan,1,116,좌천,2024-09,21,4544.476190476191,5002.0
busan,1,116,좌천,2024-10,23,4743.608695652174,4960.0
busan,1,116,좌천,2024-11,21,5026.238095238095,5011.0
busan,1,116,좌천,2024-12,22,4856.818181818182,4900.5
busan,1,117,범일,2022-07,21,16184.761904761905,16408.0
busan,1,117,범일,2022-08,23,14327.565217391304,14831.0
busan,1,117,범일,2022-09,22,14879.09090909091,16113.5
busan,1,117,범일,2022-10,21,15848.333333333334,16381.0
busan,1,117,범일,2022-11,22,15917.227272727272,15923.5
busan,1,117,범일,2022-12,22,15900.545454545454,16062.5
busan,1,117,범일,2023-01,22,14320.863636363636,15541.0
busan,1,117,범일,2023-02,20,15905.85,15851.0
busan,1,117,범일,2023-03,23,16099.782608695652,16227.0
busan,1,117,범일,2023-04,20,16149.35,16247.5
busan,1,117,범일,2023-05,23,15867.173913043478,16673.0
busan,1,117,범일,2023-06,22,16031.272727272728,16361.0
busan,1,117,범일,2023-07,21,15552.190476190477,15769.0
busan,1,117,범일,2023-08,23,14397.478260869566,14728.0
busan,1,117,범일,2023-09,21,14982.761904761905,15892.0
busan,1,117,범일,2023-10,22,15908.454545454546,16574.5
busan,1,117,범일,2023-11,22,16240.5,16162.5
busan,1,117,범일,2023-12,21,15714.619047619048,16139.0
busan,1,117,범일,2024-01,23,15190.08695652174,15512.0
busan,1,117,범일,2024-02,21,14632.047619047618,15255.0
busan,1,117,범일,2024-03,21,16157.57142857143,16473.0
busan,1,117,범일,2024-04,22,16179.454545454546,16551.0
busan,1,117,범일,2024-05,23,16275.04347826087,16782.0
busan,1,117,범일,2024-06,20,16753.15,16803.5
busan,1,117,범일,2024-07,23,15127.565217391304,15273.0
busan,1,117,범일,2024-08,22,13736.863636363636,13881.0
busan,1,117,범일,2024-09,21,15722.0,17249.0
busan,1,117,범일,2024-10,23,16157.695652173914,16431.0
busan,1,117,범일,2024-11,21,16702.714285714286,16667.0
busan,1,117,범일,2024-12,22,16526.0,16652.5
busan,1,118,범내골,2022-07,21,10430.095238095239,10464.0
busan,1,118,범내골,2022-08,23,9715.739130434782,9904.0
busan,1,118,범내골,2022-09,22,9964.863636363636,10790.0
busan,1,118,범내골,2022-10,21,10332.57142857143,10892.0
busan,1,118,범내골,2022-11,22,10733.727272727272,10650.5
busan,1,118,범내골,2022-12,22,10619.136363636364,10588.5
busan,1,118,범내골,2023-01,22,9921.5,10670.0
busan,1,118,범내골,2023-02,20,10801.95,10788.5
busan,1,118,범내골,2023-03,23,10699.652173913044,10973.0
busan,1,118,범내골,2023-04,20,10767.05,10838.0
busan,1,118,범내골,2023-05,23,10237.04347826087,10970.0
busan,1,118,범내골,2023-06,22,10430.181818181818,10738.5
busan,1,118,범내골,2023-07,21,10156.52380952381,10215.0
busan,1,118,범내골,2023-08,23,10132.434782608696,10501.0
busan,1,118,범내골,2023-09,21,10569.285714285714,11256.0
busan,1,118,범내골,2023-10,22,10600.59090909091,11445.5
busan,1,118,범내골,2023-11,22,11400.09090909091,11320.0
busan,1,118,범내골,2023-12,21,11099.761904761905,11419.0
busan,1,118,범내골,2024-01,23,10750.95652173913,11018.0
busan,1,118,범내골,2024-02,21,10634.619047619048,11239.0
busan,1,118,범내골,2024-03,21,11248.857142857143,11588.0
busan,1,118,범내골,2024-04,22,11362.227272727272,11586.0
busan,1,118,범내골,2024-05,23,11103.826086956522,11757.0
busan,1,118,범내골,2024-06,20,11394.55,11626.5
busan,1,118,범내골,2024-07,23,11323.739130434782,11391.0
busan,1,118,범내골,2024-08,22,10934.727272727272,11136.5
busan,1,118,범내골,2024-09,21,10651.0,11657.0
busan,1,118,범내골,2024-10,23,11067.565217391304,11756.0
busan,1,118,범내골,2024-11,21,11812.714285714286,11768.0
busan,1,118,범내골,2024-12,22,11399.681818181818,11561.0
busan,1,119,1서면,2022-07,21,33262.142857142855,33409.0
busan,1,119,1서면,2022-08,23,31374.217391304348,31790.0
busan,1,119,1서면,2022-09,22,31073.727272727272,32145.0
busan,1,119,1서면,2022-10,21,32321.0,32362.0
busan,1,119,1서면,2022-11,22,32501.090909090908,31971.5
busan,1,119,1서면,2022-12,22,34191.90909090909,33952.0
busan,1,119,1서면,2023-01,22,32859.09090909091,33845.0
busan,1,119,1서면,2023-02,20,35298.8,35155.5
busan,1,119,1서면,2023-03,23,33143.86956521739,32976.0
busan,1,119,1서면,2023-04,20,32697.95,32329.5
busan,1,119,1서면,2023-05,23,32994.0,33311.0
busan,1,119,1서면,2023-06,22,32911.27272727273,32387.5
busan,1,119,1서면,2023-07,21,33058.57142857143,32793.0
busan,1,119,1서면,2023-08,23,32309.043478260868,33115.0
busan,1,119,서면,2023-09,21,32026.428571428572,32661.0
busan,1,119,서면,2023-10,22,33436.27272727273,33312.0
busan,1,119,서면,2023-11,22,34313.545454545456,33765.0
busan,1,119,서면,2023-12,21,35503.04761904762,34839.0
busan,1,119,서면,2024-01,23,34656.565217391304,34893.0
busan,1,119,서면,2024-02,21,35540.42857142857,36187.0
busan,1,119,서면,2024-03,21,35038.57142857143,34609.0
busan,1,119,서면,2024-04,22,34553.86363636364,33971.0
busan,1,119,서면,2024-05,23,35916.47826086957,35442.0
busan,1,119,서면,2024-06,20,34858.4,34316.5
busan,1,119,서면,2024-07,23,34791.82608695652,34556.0
busan,1,119,서면,2024-08,22,34354.181818181816,34144.0
busan,1,119,서면,2024-09,21,32675.04761904762,34453.0
busan,1,119,서면,2024-10,23,33953.69565217391,33955.0
busan,1,119,서면,2024-11,21,35231.80952380953,34512.0
busan,1,119,서면,2024-12,22,37368.36363636364,36535.0
busan,1,120,부전,2022-07,21,16512.47619047619,16689.0
busan,1,120,부전,2022-08,23,15771.695652173914,15747.0
busan,1,120,부전,2022-09,22,16834.909090909092,17244.0
busan,1,120,부전,2022-10,21,17013.285714285714,17471.0
busan,1,120,부전,2022-11,22,17385.727272727272,17412.0
busan,1,120,부전,2022-12,22,16934.909090909092,17117.5
busan,1,120,부전,2023-01,22,16428.772727272728,17120.0
busan,1,120,부전,2023-02,20,17075.1,17067.0
busan,1,120,부전,2023-03,23,17294.739130434784,17705.0
busan,1,120,부전,2023-04,20,17527.9,17946.5
busan,1,120,부전,2023-05,23,17343.434782608696,18270.0
busan,1,120,부전,2023-06,22,17169.5,17587.5
busan,1,120,부전,2023-07,21,16249.904761904761,16436.0
busan,1,120,부전,2023-08,23,15898.565217391304,16609.0
busan,1,120,부전,2023-09,21,17986.619047619046,18409.0
busan,1,120,부전,2023-10,22,17485.409090909092,18212.5
busan,1,120,부전,2023-11,22,17972.454545454544,18198.5
busan,1,120,부전,2023-12,21,17182.571428571428,17859.0
busan,1,120,부전,2024-01,23,17074.260869565216,17437.0
busan,1,120,부전,2024-02,21,17081.571428571428,17132.0
busan,1,120,부전,2024-03,21,17732.333333333332,18150.0
busan,1,120,부전,2024-04,22,18102.363636363636,18549.0
busan,1,120,부전,2024-05,23,18546.347826086956,18738.0
busan,1,120,부전,2024-06,20,18388.4,18560.5
busan,1,120,부전,2024-07,23,17181.434782608696,17359.0
busan,1,120,부전,2024-08,22,16731.409090909092,17029.0
busan,1,120,부전,2024-09,21,17405.619047619046,18855.0
busan,1,120,부전,2024-10,23,17650.695652173912,18362.0
busan,1,120,부전,2024-11,21,18319.0,18431.0
busan,1,120,부전,2024-12,22,18046.0,18327.5
busan,1,121,양정,2022-07,21,12079.761904761905,12232.0
busan,1,121,양정,2022-08,23,11007.826086956522,11193.0
busan,1,121,양정,2022-09,22,12705.0,13878.0
busan,1,121,양정,2022-10,21,13238.47619047619,13969.0
busan,1,121,양정,2022-11,22,13543.681818181818,13616.0
busan,1,121,양정,2022-12,22,12960.545454545454,13091.0
busan,1,121,양정,2023-01,22,11075.954545454546,11898.5
busan,1,121,양정,2023-02,20,12354.75,12336.5
busan,1,121,양정,2023-03,23,13906.347826086956,14258.0
busan,1,121,양정,2023-04,20,14079.45,14192.0
busan,1,121,양정,2023-05,23,13429.608695652174,14278.0
busan,1,121,양정,2023-06,22,13193.818181818182,13683.0
busan,1,121,양정,2023-07,21,12088.238095238095,12145.0
busan,1,121,양정,2023-08,23,11325.04347826087,11972.0
busan,1,121,양정,2023-09,21,13290.42857142857,14201.0
busan,1,121,양정,2023-10,22,13415.227272727272,14413.5
busan,1,121,양정,2023-11,22,14244.045454545454,14276.0
busan,1,121,양정,2023-12,21,13461.809523809523,13699.0
busan,1,121,양정,2024-01,23,12192.347826086956,12453.0
busan,1,121,양정,2024-02,21,12322.285714285714,12918.0
busan,1,121,양정,2024-03,21,14417.952380952382,14723.0
busan,1,121,양정,2024-04,22,14454.045454545454,14830.5
busan,1,121,양정,2024-05,23,14131.869565217392,14955.0
busan,1,121,양정,2024-06,20,13985.15,14348.0
busan,1,121,양정,2024-07,23,12766.608695652174,12794.0
busan,1,121,양정,2024-08,22,11946.136363636364,12168.0
busan,1,121,양정,2024-09,21,12978.666666666666,14388.0
busan,1,121,양정,2024-10,23,13525.347826086956,14387.0
busan,1,121,양정,2024-11,21,14515.809523809523,14538.0
busan,1,121,양정,2024-12,22,13903.59090909091,14431.5
busan,1,122,시청,2022-07,21,15119.380952380952,15201.0
busan,1,122,시청,2022-08,23,13794.652173913044,14179.0
busan,1,122,시청,2022-09,22,14660.045454545454,15881.0
busan,1,122,시청,2022-10,21,15285.095238095239,16135.0
busan,1,122,시청,2022-11,22,15762.545454545454,15773.0
busan,1,122,시청,2022-12,22,15504.954545454546,15515.0
busan,1,122,시청,2023-01,22,14261.045454545454,15266.5
busan,1,122,시청,2023-02,20,15689.0,15765.5
busan,1,122,시청,2023-03,23,15710.347826086956,16070.0
busan,1,122,시청,2023-04,20,16094.6,16152.5
busan,1,122,시청,2023-05,23,15265.782608695652,16262.0
busan,1,122,시청,2023-06,22,15528.454545454546,15998.0
busan,1,122,시청,2023-07,21,15194.52380952381,15189.0
busan,1,122,시청,2023-08,23,14554.521739130434,15141.0
busan,1,122,시청,2023-09,21,15464.666666666666,16364.0
busan,1,122,시청,2023-10,22,15938.5,17201.0
busan,1,122,시청,2023-11,22,16957.272727272728,16986.0
busan,1,122,시청,2023-12,21,16553.238095238095,16895.0
busan,1,122,시청,2024-01,23,15952.869565217392,16452.0
busan,1,122,시청,2024-02,21,15744.238095238095,16757.0
busan,1,122,시청,2024-03,21,16889.95238095238,17237.0
busan,1,122,시청,2024-04,22,16953.31818181818,17307.0
busan,1,122,시청,2024-05,23,16651.08695652174,17503.0
busan,1,122,시청,2024-06,20,16797.4,17180.5
busan,1,122,시청,2024-07,23,16463.869565217392,16529.0
busan,1,122,시청,2024-08,22,15744.727272727272,16028.5
busan,1,122,시청,2024-09,21,15768.380952380952,17388.0
busan,1,122,시청,2024-10,23,16258.565217391304,17378.0
busan,1,122,시청,2024-11,21,17282.761904761905,17361.0
busan,1,122,시청,2024-12,22,16813.272727272728,17309.0
busan,1,123,1연산,2022-07,21,18880.619047619046,18930.0
busan,1,123,1연산,2022-08,23,17308.391304347828,17510.0
busan,1,123,1연산,2022-09,22,18413.772727272728,19859.5
busan,1,123,1연산,2022-10,21,19225.285714285714,20006.0
busan,1,123,1연산,2022-11,22,19589.409090909092,19465.5
busan,1,123,1연산,2022-12,22,19645.409090909092,19604.0
busan,1,123,1연산,2023-01,22,17768.954545454544,18907.5
busan,1,123,1연산,2023-02,20,19501.75,19371.0
busan,1,123,1연산,2023-03,23,19668.434782608696,20006.0
busan,1,123,1연산,2023-04,20,19844.2,19867.0
busan,1,123,1연산,2023-05,23,18937.652173913044,20074.0
busan,1,123,1연산,2023-06,22,19167.090909090908,19429.5
busan,1,123,1연산,2023-07,21,17992.04761904762,17978.0
busan,1,123,1연산,2023-08,23,17530.782608695652,17982.0
busan,1,123,연산,2023-09,21,18651.714285714286,19688.0
busan,1,123,연산,2023-10,22,18857.81818181818,19866.5
busan,1,123,연산,2023-11,22,19998.863636363636,19940.5
busan,1,123,연산,2023-12,21,19916.333333333332,20304.0
busan,1,123,연산,2024-01,23,18831.434782608696,19229.0
busan,1,123,연산,2024-02,21,18514.85714285714,19224.0
busan,1,123,연산,2024-03,21,20088.0,20397.0
busan,1,123,연산,2024-04,22,20024.863636363636,20342.0
busan,1,123,연산,2024-05,23,19781.08695652174,20679.0
busan,1,123,연산,2024-06,20,19842.1,20163.5
busan,1,123,연산,2024-07,23,18952.956521739132,19057.0
busan,1,123,연산,2024-08,22,17773.363636363636,18142.5
busan,1,123,연산,2024-09,21,18091.52380952381,19693.0
busan,1,123,연산,2024-10,23,18885.478260869564,19739.0
busan,1,123,연산,2024-11,21,20106.85714285714,20011.0
busan,1,123,연산,2024-12,22,20103.81818181818,20397.0
busan,1,124,교대,2022-07,21,14891.57142857143,15054.0
busan,1,124,교대,2022-08,23,13705.260869565218,13749.0
busan,1,124,교대,2022-09,22,14546.636363636364,15934.5
busan,1,124,교대,2022-10,21,15489.142857142857,16088.0
busan,1,124,교대,2022-11,22,15808.318181818182,15853.5
busan,1,124,교대,2022-12,22,15235.863636363636,15252.5
busan,1,124,교대,2023-01,22,13673.5,14492.5
busan,1,124,교대,2023-02,20,14909.8,15006.5
busan,1,124,교대,2023-03,23,16171.869565217392,16264.0
busan,1,124,교대,2023-04,20,16048.55,16180.5
busan,1,124,교대,2023-05,23,15478.565217391304,16388.0
busan,1,124,교대,2023-06,22,15404.318181818182,15766.0
busan,1,124,교대,2023-07,21,14754.333333333334,14780.0
busan,1,124,교대,2023-08,23,13520.173913043478,14069.0
busan,1,124,교대,2023-09,21,15001.047619047618,15861.0
busan,1,124,교대,2023-10,22,15391.227272727272,16239.5
busan,1,124,교대,2023-11,22,16155.09090909091,16201.0
busan,1,124,교대,2023-12,21,15419.095238095239,15646.0
busan,1,124,교대,2024-01,23,14336.95652173913,14711.0
busan,1,124,교대,2024-02,21,14137.238095238095,14740.0
busan,1,124,교대,2024-03,21,15882.619047619048,16185.0
busan,1,124,교대,2024-04,22,15966.59090909091,16285.0
busan,1,124,교대,2024-05,23,15898.04347826087,16481.0
busan,1,124,교대,2024-06,20,15568.25,15785.5
busan,1,124,교대,2024-07,23,14784.565217391304,14993.0
busan,1,124,교대,2024-08,22,13965.954545454546,14116.5
busan,1,124,교대,2024-09,21,14642.238095238095,15974.0
busan,1,124,교대,2024-10,23,15041.434782608696,15963.0
busan,1,124,교대,2024-11,21,16125.666666666666,16102.0
busan,1,124,교대,2024-12,22,15294.181818181818,15476.0
busan,1,125,1동래,2022-07,21,16456.904761904763,16396.0
busan,1,125,1동래,2022-08,23,15118.652173913044,15195.0
busan,1,125,1동래,2022-09,22,16536.136363636364,17730.5
busan,1,125,1동래,2022-10,21,17607.095238095237,18068.0
busan,1,125,1동래,2022-11,22,17864.5,17738.5
busan,1,125,1동래,2022-12,22,17587.272727272728,17512.0
busan,1,125,1동래,2023-01,22,15920.181818181818,16549.0
busan,1,125,1동래,2023-02,20,17169.75,17033.5
busan,1,125,1동래,2023-03,23,17911.82608695652,18151.0
busan,1,125,1동래,2023-04,20,17740.2,17954.0
busan,1,125,1동래,2023-05,23,17150.391304347828,17912.0
busan,1,125,1동래,2023-06,22,16975.727272727272,17208.0
busan,1,125,1동래,2023-07,21,15953.952380952382,15902.0
busan,1,125,1동래,2023-08,23,15095.217391304348,15710.0
busan,1,125,동래,2023-09,21,16795.190476190477,17387.0
busan,1,125,동래,2023-10,22,17671.545454545456,18207.5
busan,1,125,동래,2023-11,22,17955.18181818182,17832.5
busan,1,125,동래,2023-12,21,17646.380952380954,17902.0
busan,1,125,동래,2024-01,23,16551.0,16727.0
busan,1,125,동래,2024-02,21,16396.619047619046,16927.0
busan,1,125,동래,2024-03,21,17800.238095238095,17985.0
busan,1,125,동래,2024-04,22,17806.363636363636,17991.5
busan,1,125,동래,2024-05,23,17820.565217391304,18132.0
busan,1,125,동래,2024-06,20,17522.9,17533.0
busan,1,125,동래,2024-07,23,16283.782608695652,16238.0
busan,1,125,동래,2024-08,22,15373.90909090909,15438.0
busan,1,125,동래,2024-09,21,16198.285714285714,17243.0
busan,1,125,동래,2024-10,23,16967.782608695652,17687.0
busan,1,125,동래,2024-11,21,17765.333333333332,17636.0
busan,1,125,동래,2024-12,22,17741.0,17862.5
busan,1,126,명륜,2022-07,21,10333.714285714286,10473.0
busan,1,126,명륜,2022-08,23,9500.391304347826,9572.0
busan,1,126,명륜,2022-09,22,10148.90909090909,10869.0
busan,1,126,명륜,2022-10,21,10638.952380952382,11124.0
busan,1,126,명륜,2022-11,22,10838.40909090909,10909.5
busan,1,126,명륜,2022-12,22,10837.5,10861.0
busan,1,126,명륜,2023-01,22,9953.40909090909,10380.5
busan,1,126,명륜,2023-02,20,10749.9,10773.0
busan,1,126,명륜,2023-03,23,11274.478260869566,11433.0
busan,1,126,명륜,2023-04,20,11312.15,11348.5
busan,1,126,명륜,2023-05,23,11094.826086956522,11683.0
busan,1,126,명륜,2023-06,22,11177.5,11391.0
busan,1,126,명륜,2023-07,21,10764.42857142857,10861.0
busan,1,126,명륜,2023-08,23,10004.391304347826,10332.0
busan,1,126,명륜,2023-09,21,10844.952380952382,11455.0
busan,1,126,명륜,2023-10,22,11007.09090909091,11584.5
busan,1,126,명륜,2023-11,22,11502.363636363636,11599.5
busan,1,126,명륜,2023-12,21,11329.619047619048,11518.0
busan,1,126,명륜,2024-01,23,10529.217391304348,10687.0
busan,1,126,명륜,2024-02,21,10610.380952380952,10953.0
busan,1,126,명륜,2024-03,21,11343.047619047618,11524.0
busan,1,126,명륜,2024-04,22,11495.772727272728,11777.5
busan,1,126,명륜,2024-05,23,11572.739130434782,11960.0
busan,1,126,명륜,2024-06,20,11474.4,11670.0
busan,1,126,명륜,2024-07,23,10909.91304347826,10855.0
busan,1,126,명륜,2024-08,22,10196.0,10383.0
busan,1,126,명륜,2024-09,21,10542.714285714286,11481.0
busan,1,126,명륜,2024-10,23,10852.217391304348,11438.0
busan,1,126,명륜,2024-11,21,11559.42857142857,11640.0
busan,1,126,명륜,2024-12,22,11591.454545454546,11688.5
busan,1,127,온천장,2022-07,21,14699.42857142857,14786.0
busan,1,127,온천장,2022-08,23,13597.0,13600.0
busan,1,127,온천장,2022-09,22,14577.772727272728,15632.0
busan,1,127,온천장,2022-10,21,15451.0,15964.0
busan,1,127,온천장,2022-11,22,15927.90909090909,15929.5
busan,1,127,온천장,2022-12,22,15752.227272727272,15715.5
busan,1,127,온천장,2023-01,22,14287.59090909091,15012.0
busan,1,127,온천장,2023-02,20,15674.85,15573.0
busan,1,127,온천장,2023-03,23,16070.565217391304,16316.0
busan,1,127,온천장,2023-04,20,16128.05,16271.0
busan,1,127,온천장,2023-05,23,15621.695652173914,16384.0
busan,1,127,온천장,2023-06,22,15426.681818181818,15764.5
busan,1,127,온천장,2023-07,21,14579.952380952382,14689.0
busan,1,127,온천장,2023-08,23,13682.521739130434,14380.0
busan,1,127,온천장,2023-09,21,15005.142857142857,15616.0
busan,1,127,온천장,2023-10,22,15636.545454545454,16178.0
busan,1,127,온천장,2023-11,22,16167.727272727272,16238.5
busan,1,127,온천장,2023-12,21,15801.761904761905,16015.0
busan,1,127,온천장,2024-01,23,14894.173913043478,14965.0
busan,1,127,온천장,2024-02,21,15014.42857142857,15547.0
busan,1,127,온천장,2024-03,21,16094.904761904761,16241.0
busan,1,127,온천장,2024-04,22,16004.545454545454,16224.0
busan,1,127,온천장,2024-05,23,16189.04347826087,16468.0
busan,1,127,온천장,2024-06,20,15809.2,15905.5
busan,1,127,온천장,2024-07,23,14805.130434782608,14810.0
busan,1,127,온천장,2024-08,22,13836.454545454546,14029.5
busan,1,127,온천장,2024-09,21,14382.952380952382,15432.0
busan,1,127,온천장,2024-10,23,15470.130434782608,16250.0
busan,1,127,온천장,2024-11,21,16796.904761904763,16830.0
busan,1,127,온천장,2024-12,22,17009.636363636364,17051.5
busan,1,128,부산대,2022-07,21,14288.952380952382,14362.0
busan,1,128,부산대,2022-08,23,12928.173913043478,12968.0
busan,1,128,부산대,2022-09,22,16299.636363636364,17404.5
busan,1,128,부산대,2022-10,21,16364.095238095239,17120.0
busan,1,128,부산대,2022-11,22,16981.727272727272,16963.5
busan,1,128,부산대,2022-12,22,15790.818181818182,15834.0
busan,1,128,부산대,2023-01,22,13584.318181818182,13791.5
busan,1,128,부산대,2023-02,20,14483.4,14346.5
busan,1,128,부산대,2023-03,23,18010.869565217392,18265.0
busan,1,128,부산대,2023-04,20,17336.0,17376.5
busan,1,128,부산대,2023-05,23,17287.521739130436,18293.0
busan,1,128,부산대,2023-06,22,15827.181818181818,16031.0
busan,1,128,부산대,2023-07,21,14134.761904761905,14311.0
busan,1,128,부산대,2023-08,23,13064.521739130434,13564.0
busan,1,128,부산대,2023-09,21,16719.190476190477,17246.0
busan,1,128,부산대,2023-10,22,16389.5,17239.0
busan,1,128,부산대,2023-11,22,17506.090909090908,17484.5
busan,1,128,부산대,2023-12,21,16046.857142857143,16366.0
busan,1,128,부산대,2024-01,23,13921.478260869566,13975.0
busan,1,128,부산대,2024-02,21,14281.904761904761,14615.0
busan,1,128,부산대,2024-03,21,18260.04761904762,18704.0
busan,1,128,부산대,2024-04,22,17433.227272727272,17672.0
busan,1,128,부산대,2024-05,23,18452.608695652172,18657.0
busan,1,128,부산대,2024-06,20,16178.05,16282.0
busan,1,128,부산대,2024-07,23,14165.869565217392,14085.0
busan,1,128,부산대,2024-08,22,13225.454545454546,13195.0
busan,1,128,부산대,2024-09,21,15890.142857142857,17140.0
busan,1,128,부산대,2024-10,23,16004.08695652174,16435.0
busan,1,128,부산대,2024-11,21,17271.95238095238,17450.0
busan,1,128,부산대,2024-12,22,15914.454545454546,16056.5
busan,1,129,장전,2022-07,21,10868.952380952382,10773.0
busan,1,129,장전,2022-08,23,10019.91304347826,10165.0
busan,1,129,장전,2022-09,22,11193.954545454546,11845.0
busan,1,129,장전,2022-10,21,11463.333333333334,11703.0
busan,1,129,장전,2022-11,22,11736.681818181818,11565.0
busan,1,129,장전,2022-12,22,11324.272727272728,11297.5
busan,1,129,장전,2023-01,22,10123.272727272728,10559.0
busan,1,129,장전,2023-02,20,10993.75,10936.0
busan,1,129,장전,2023-03,23,11853.521739130434,11890.0
busan,1,129,장전,2023-04,20,11672.05,11676.5
busan,1,129,장전,2023-05,23,11389.173913043478,11739.0
busan,1,129,장전,2023-06,22,11274.772727272728,11334.5
busan,1,129,장전,2023-07,21,10774.42857142857,10850.0
busan,1,129,장전,2023-08,23,10182.608695652174,10519.0
busan,1,129,장전,2023-09,21,11632.952380952382,11920.0
busan,1,129,장전,2023-10,22,11667.863636363636,12064.5
busan,1,129,장전,2023-11,22,12043.727272727272,11971.5
busan,1,129,장전,2023-12,21,11515.47619047619,11632.0
busan,1,129,장전,2024-01,23,10617.95652173913,10716.0
busan,1,129,장전,2024-02,21,10740.57142857143,10972.0
busan,1,129,장전,2024-03,21,11866.095238095239,11996.0
busan,1,129,장전,2024-04,22,11890.136363636364,11976.0
busan,1,129,장전,2024-05,23,12263.173913043478,12377.0
busan,1,129,장전,2024-06,20,11846.15,11872.0
busan,1,129,장전,2024-07,23,11147.869565217392,11179.0
busan,1,129,장전,2024-08,22,10498.09090909091,10696.5
busan,1,129,장전,2024-09,21,11172.857142857143,11920.0
busan,1,129,장전,2024-10,23,11489.173913043478,11868.0
busan,1,129,장전,2024-11,21,12074.333333333334,11942.0
busan,1,129,장전,2024-12,22,11609.181818181818,11680.0
busan,1,130,구서,2022-07,21,10228.333333333334,10373.0
busan,1,130,구서,2022-08,23,9448.304347826086,9615.0
busan,1,130,구서,2022-09,22,10369.318181818182,11188.0
busan,1,130,구서,2022-10,21,10851.238095238095,11274.0
busan,1,130,구서,2022-11,22,11089.363636363636,11147.5
busan,1,130,구서,2022-12,22,10749.136363636364,10771.5
busan,1,130,구서,2023-01,22,9481.318181818182,10020.5
busan,1,130,구서,2023-02,20,10350.5,10279.0
busan,1,130,구서,2023-03,23,10937.347826086956,11130.0
busan,1,130,구서,2023-04,20,10940.85,10951.0
busan,1,130,구서,2023-05,23,10473.826086956522,11041.0
busan,1,130,구서,2023-06,22,10534.5,10676.0
busan,1,130,구서,2023-07,21,10243.52380952381,10297.0
busan,1,130,구서,2023-08,23,9603.260869565218,10062.0
busan,1,130,구서,2023-09,21,10498.047619047618,10983.0
busan,1,130,구서,2023-10,22,10627.227272727272,11200.0
busan,1,130,구서,2023-11,22,11033.136363636364,11020.5
busan,1,130,구서,2023-12,21,10681.57142857143,10841.0
busan,1,130,구서,2024-01,23,9838.173913043478,10043.0
busan,1,130,구서,2024-02,21,9934.666666666666,10142.0
busan,1,130,구서,2024-03,21,10916.142857142857,11157.0
busan,1,130,구서,2024-04,22,10958.727272727272,11076.0
busan,1,130,구서,2024-05,23,10991.304347826086,11364.0
busan,1,130,구서,2024-06,20,10923.65,11024.5
busan,1,130,구서,2024-07,23,10404.869565217392,10536.0
busan,1,130,구서,2024-08,22,9695.363636363636,9940.0
busan,1,130,구서,2024-09,21,10193.714285714286,11019.0
busan,1,130,구서,2024-10,23,10489.91304347826,10973.0
busan,1,130,구서,2024-11,21,11151.809523809523,11031.0
busan,1,130,구서,2024-12,22,10800.136363636364,10888.5
busan,1,131,두실,2022-07,21,7425.523809523809,7450.0
busan,1,131,두실,2022-08,23,6855.913043478261,6894.0
busan,1,131,두실,2022-09,22,7295.727272727273,7823.5
busan,1,131,두실,2022-10,21,7621.190476190476,7902.0
busan,1,131,두실,2022-11,22,7751.272727272727,7737.0
busan,1,131,두실,2022-12,22,7636.772727272727,7610.5
busan,1,131,두실,2023-01,22,7075.590909090909,7478.5
busan,1,131,두실,2023-02,20,7626.2,7615.0
busan,1,131,두실,2023-03,23,7898.434782608696,8031.0
busan,1,131,두실,2023-04,20,7883.4,7937.0
busan,1,131,두실,2023-05,23,7500.739130434783,7857.0
busan,1,131,두실,2023-06,22,7564.863636363636,7718.0
busan,1,131,두실,2023-07,21,7304.666666666667,7362.0
busan,1,131,두실,2023-08,23,6921.608695652174,7229.0
busan,1,131,두실,2023-09,21,7558.571428571428,7909.0
busan,1,131,두실,2023-10,22,7648.363636363636,8036.0
busan,1,131,두실,2023-11,22,7948.136363636364,7929.5
busan,1,131,두실,2023-12,21,7695.952380952381,7871.0
busan,1,131,두실,2024-01,23,7243.434782608696,7373.0
busan,1,131,두실,2024-02,21,7283.142857142857,7662.0
busan,1,131,두실,2024-03,21,7900.666666666667,8024.0
busan,1,131,두실,2024-04,22,8055.545454545455,8145.0
busan,1,131,두실,2024-05,23,8022.521739130435,8257.0
busan,1,131,두실,2024-06,20,8016.2,8144.0
busan,1,131,두실,2024-07,23,7616.913043478261,7698.0
busan,1,131,두실,2024-08,22,7166.0,7285.0
busan,1,131,두실,2024-09,21,7402.666666666667,7982.0
busan,1,131,두실,2024-10,23,7630.521739130435,7993.0
busan,1,131,두실,2024-11,21,8016.523809523809,8001.0
busan,1,131,두실,2024-12,22,7836.681818181818,7941.5
busan,1,132,남산,2022-07,21,5670.619047619048,5662.0
busan,1,132,남산,2022-08,23,5218.086956521739,5230.0
busan,1,132,남산,2022-09,22,6078.409090909091,6622.5
busan,1,132,남산,2022-10,21,6272.142857142857,6459.0
busan,1,132,남산,2022-11,22,6445.818181818182,6463.0
busan,1,132,남산,2022-12,22,6017.5,6071.0
busan,1,132,남산,2023-01,22,5089.181818181818,5292.0
busan,1,132,남산,2023-02,20,5623.0,5683.5
busan,1,132,남산,2023-03,23,6493.95652173913,6607.0
busan,1,132,남산,2023-04,20,6381.25,6433.5
busan,1,132,남산,2023-05,23,6262.434782608696,6496.0
busan,1,132,남산,2023-06,22,6025.545454545455,6244.5
busan,1,132,남산,2023-07,21,5382.571428571428,5472.0
busan,1,132,남산,2023-08,23,5123.04347826087,5363.0
busan,1,132,남산,2023-09,21,5970.0,6240.0
busan,1,132,남산,2023-10,22,5979.5,6294.0
busan,1,132,남산,2023-11,22,6216.954545454545,6265.0
busan,1,132,남산,2023-12,21,5894.0,6006.0
busan,1,132,남산,2024-01,23,5231.217391304348,5364.0
busan,1,132,남산,2024-02,21,5306.666666666667,5459.0
busan,1,132,남산,2024-03,21,6225.714285714285,6437.0
busan,1,132,남산,2024-04,22,6217.863636363636,6409.0
busan,1,132,남산,2024-05,23,6320.95652173913,6536.0
busan,1,132,남산,2024-06,20,5963.45,6016.5
busan,1,132,남산,2024-07,23,5466.739130434783,5522.0
busan,1,132,남산,2024-08,22,5265.863636363636,5390.0
busan,1,132,남산,2024-09,21,5747.047619047619,6194.0
busan,1,132,남산,2024-10,23,5846.608695652174,6090.0
busan,1,132,남산,2024-11,21,6124.0,6159.0
busan,1,132,남산,2024-12,22,5796.090909090909,5871.0
busan,1,133,범어사,2022-07,21,8531.333333333334,8638.0
busan,1,133,범어사,2022-08,23,7888.826086956522,8089.0
busan,1,133,범어사,2022-09,22,8714.727272727272,9393.5
busan,1,133,범어사,2022-10,21,9042.52380952381,9374.0
busan,1,133,범어사,2022-11,22,9208.954545454546,9340.5
busan,1,133,범어사,2022-12,22,8584.0,8616.5
busan,1,133,범어사,2023-01,22,7796.318181818182,8084.0
busan,1,133,범어사,2023-02,20,8383.5,8454.5
busan,1,133,범어사,2023-03,23,9035.08695652174,9210.0
busan,1,133,범어사,2023-04,20,9088.45,9115.5
busan,1,133,범어사,2023-05,23,8727.217391304348,9274.0
busan,1,133,범어사,2023-06,22,8611.545454545454,8881.5
busan,1,133,범어사,2023-07,21,8174.476190476191,8256.0
busan,1,133,범어사,2023-08,23,7751.826086956522,8030.0
busan,1,133,범어사,2023-09,21,9267.619047619048,9424.0
busan,1,133,범어사,2023-10,22,9417.136363636364,9790.0
busan,1,133,범어사,2023-11,22,9635.318181818182,9748.0
busan,1,133,범어사,2023-12,21,8896.47619047619,9033.0
busan,1,133,범어사,2024-01,23,8108.04347826087,8137.0
busan,1,133,범어사,2024-02,21,8305.380952380952,8335.0
busan,1,133,범어사,2024-03,21,9232.238095238095,9469.0
busan,1,133,범어사,2024-04,22,9528.136363636364,9722.5
busan,1,133,범어사,2024-05,23,9963.91304347826,9850.0
busan,1,133,범어사,2024-06,20,9236.5,9166.5
busan,1,133,범어사,2024-07,23,8384.565217391304,8379.0
busan,1,133,범어사,2024-08,22,8054.181818181818,8124.5
busan,1,133,범어사,2024-09,21,9033.904761904761,9469.0
busan,1,133,범어사,2024-10,23,9116.347826086956,9536.0
busan,1,133,범어사,2024-11,21,9560.809523809523,9603.0
busan,1,133,범어사,2024-12,22,8828.40909090909,8975.0
busan,1,134,노포,2022-07,21,10887.333333333334,10087.0
busan,1,134,노포,2022-08,23,10659.869565217392,10140.0
busan,1,134,노포,2022-09,22,11764.227272727272,11672.0
busan,1,134,노포,2022-10,21,11869.57142857143,10728.0
busan,1,134,노포,2022-11,22,11728.363636363636,10948.0
busan,1,134,노포,2022-12,22,11088.09090909091,10117.5
busan,1,134,노포,2023-01,22,10627.636363636364,9830.0
busan,1,134,노포,2023-02,20,11728.45,10770.0
busan,1,134,노포,2023-03,23,11817.260869565218,10609.0
busan,1,134,노포,2023-04,20,11563.4,10505.0
busan,1,134,노포,2023-05,23,11432.652173913044,10771.0
busan,1,134,노포,2023-06,22,10876.454545454546,9884.5
busan,1,134,노포,2023-07,21,10208.57142857143,9793.0
busan,1,134,노포,2023-08,23,10446.478260869566,10656.0
busan,1,134,노포,2023-09,21,11640.142857142857,10576.0
busan,1,134,노포,2023-10,22,11719.318181818182,10653.0
busan,1,134,노포,2023-11,22,11496.59090909091,10486.5
busan,1,134,노포,2023-12,21,10729.47619047619,10133.0
busan,1,134,노포,2024-01,23,9980.391304347826,9313.0
busan,1,134,노포,2024-02,21,11074.285714285714,10855.0
busan,1,134,노포,2024-03,21,11049.714285714286,10041.0
busan,1,134,노포,2024-04,22,11295.681818181818,10673.5
busan,1,134,노포,2024-05,23,11980.304347826086,11266.0
busan,1,134,노포,2024-06,20,10991.3,10185.5
busan,1,134,노포,2024-07,23,9929.08695652174,9558.0
busan,1,134,노포,2024-08,22,10599.954545454546,10256.0
busan,1,134,노포,2024-09,21,11125.380952380952,10332.0
busan,1,134,노포,2024-10,23,10740.260869565218,10111.0
busan,1,134,노포,2024-11,21,11314.952380952382,10403.0
busan,1,134,노포,2024-12,22,10802.90909090909,10128.0
busan,2,201,장산,2022-07,21,15463.095238095239,15600.0
busan,2,201,장산,2022-08,23,14368.130434782608,14451.0
busan,2,201,장산,2022-09,22,14578.318181818182,15617.0
busan,2,201,장산,2022-10,21,15349.47619047619,15856.0
busan,2,201,장산,2022-11,22,15721.0,15667.0
busan,2,201,장산,2022-12,22,15589.818181818182,15563.5
busan,2,201,장산,2023-01,22,14604.272727272728,15327.5
busan,2,201,장산,2023-02,20,15797.1,15777.5
busan,2,201,장산,2023-03,23,15706.695652173914,15971.0
busan,2,201,장산,2023-04,20,16106.1,15978.5
busan,2,201,장산,2023-05,23,15576.652173913044,16420.0
busan,2,201,장산,2023-06,22,15849.40909090909,16138.5
busan,2,201,장산,2023-07,21,15332.142857142857,15351.0
busan,2,201,장산,2023-08,23,14811.130434782608,15155.0
busan,2,201,장산,2023-09,21,15342.857142857143,16076.0
busan,2,201,장산,2023-10,22,15897.09090909091,16631.5
busan,2,201,장산,2023-11,22,16251.318181818182,16256.5
busan,2,201,장산,2023-12,21,15804.095238095239,16106.0
busan,2,201,장산,2024-01,23,15232.608695652174,15564.0
busan,2,201,장산,2024-02,21,15189.57142857143,15879.0
busan,2,201,장산,2024-03,21,15832.809523809523,16123.0
busan,2,201,장산,2024-04,22,16075.772727272728,16203.0
busan,2,201,장산,2024-05,23,16221.434782608696,16652.0
busan,2,201,장산,2024-06,20,16364.8,16401.5
busan,2,201,장산,2024-07,23,15853.347826086956,15777.0
busan,2,201,장산,2024-08,22,15284.318181818182,15440.0
busan,2,201,장산,2024-09,21,15093.047619047618,16149.0
busan,2,201,장산,2024-10,23,15772.173913043478,16367.0
busan,2,201,장산,2024-11,21,16613.619047619046,16673.0
busan,2,201,장산,2024-12,22,16491.0,16579.5
busan,2,202,중동,2022-07,21,7614.0952380952385,7625.0
busan,2,202,중동,2022-08,23,7244.478260869565,7325.0
busan,2,202,중동,2022-09,22,7328.772727272727,7849.5
busan,2,202,중동,2022-10,21,7732.952380952381,7998.0
busan,2,202,중동,2022-11,22,7898.818181818182,7868.5
busan,2,202,중동,2022-12,22,7874.318181818182,7821.5
busan,2,202,중동,2023-01,22,7337.954545454545,7720.0
busan,2,202,중동,2023-02,20,7920.65,7867.0
busan,2,202,중동,2023-03,23,7911.434782608696,8003.0
busan,2,202,중동,2023-04,20,8272.85,8231.0
busan,2,202,중동,2023-05,23,7940.95652173913,8318.0
busan,2,202,중동,2023-06,22,7982.818181818182,8107.0
busan,2,202,중동,2023-07,21,7765.0952380952385,7790.0
busan,2,202,중동,2023-08,23,7597.565217391304,7823.0
busan,2,202,중동,2023-09,21,7847.619047619048,8148.0
busan,2,202,중동,2023-10,22,8092.454545454545,8371.0
busan,2,202,중동,2023-11,22,8337.863636363636,8285.5
busan,2,202,중동,2023-12,21,8237.666666666666,8316.0
busan,2,202,중동,2024-01,23,7911.826086956522,8055.0
busan,2,202,중동,2024-02,21,7877.0,8279.0
busan,2,202,중동,2024-03,21,8260.666666666666,8298.0
busan,2,202,중동,2024-04,22,8507.454545454546,8601.5
busan,2,202,중동,2024-05,23,8567.95652173913,8711.0
busan,2,202,중동,2024-06,20,8536.65,8588.0
busan,2,202,중동,2024-07,23,8239.304347826086,8235.0
busan,2,202,중동,2024-08,22,7988.636363636364,7980.5
busan,2,202,중동,2024-09,21,7893.190476190476,8498.0
busan,2,202,중동,2024-10,23,8216.0,8606.0
busan,2,202,중동,2024-11,21,8591.0,8532.0
busan,2,202,중동,2024-12,22,8497.863636363636,8552.0
busan,2,203,해운대,2022-07,21,12221.666666666666,12071.0
busan,2,203,해운대,2022-08,23,13188.130434782608,13042.0
busan,2,203,해운대,2022-09,22,9746.363636363636,9947.0
busan,2,203,해운대,2022-10,21,11348.095238095239,11169.0
busan,2,203,해운대,2022-11,22,10583.454545454546,9920.0
busan,2,203,해운대,2022-12,22,11697.272727272728,11255.5
busan,2,203,해운대,2023-01,22,11387.90909090909,11468.5
busan,2,203,해운대,2023-02,20,12705.65,12741.5
busan,2,203,해운대,2023-03,23,10613.521739130434,10276.0
busan,2,203,해운대,2023-04,20,11548.8,11576.5
busan,2,203,해운대,2023-05,23,11763.260869565218,11343.0
busan,2,203,해운대,2023-06,22,12494.636363636364,12083.5
busan,2,203,해운대,2023-07,21,12669.619047619048,12095.0
busan,2,203,해운대,2023-08,23,13915.869565217392,13803.0
busan,2,203,해운대,2023-09,21,11510.809523809523,11435.0
busan,2,203,해운대,2023-10,22,12883.636363636364,12479.5
busan,2,203,해운대,2023-11,22,11885.90909090909,11505.5
busan,2,203,해운대,2023-12,21,12900.666666666666,11933.0
busan,2,203,해운대,2024-01,23,12275.347826086956,12003.0
busan,2,203,해운대,2024-02,21,12355.142857142857,12181.0
busan,2,203,해운대,2024-03,21,11496.904761904761,11087.0
busan,2,203,해운대,2024-04,22,12299.772727272728,12224.0
busan,2,203,해운대,2024-05,23,13523.95652173913,13187.0
busan,2,203,해운대,2024-06,20,13488.3,12901.5
busan,2,203,해운대,2024-07,23,13754.08695652174,13636.0
busan,2,203,해운대,2024-08,22,14951.90909090909,14509.0
busan,2,203,해운대,2024-09,21,12367.42857142857,12256.0
busan,2,203,해운대,2024-10,23,13718.826086956522,13286.0
busan,2,203,해운대,2024-11,21,12811.857142857143,12247.0
busan,2,203,해운대,2024-12,22,13928.59090909091,12654.5
busan,2,204,동백,2022-07,21,7162.238095238095,7162.0
busan,2,204,동백,2022-08,23,6792.130434782609,6925.0
busan,2,204,동백,2022-09,22,6692.590909090909,7153.5
busan,2,204,동백,2022-10,21,7158.238095238095,7415.0
busan,2,204,동백,2022-11,22,7225.318181818182,7205.5
busan,2,204,동백,2022-12,22,7157.863636363636,7108.5
busan,2,204,동백,2023-01,22,6621.0,7000.0
busan,2,204,동백,2023-02,20,7360.6,7292.5
busan,2,204,동백,2023-03,23,7073.652173913043,7149.0
busan,2,204,동백,2023-04,20,7393.25,7290.5
busan,2,204,동백,2023-05,23,7082.0,7450.0
busan,2,204,동백,2023-06,22,7482.454545454545,7559.5
busan,2,204,동백,2023-07,21,7165.9047619047615,7211.0
busan,2,204,동백,2023-08,23,6765.739130434783,7029.0
busan,2,204,동백,2023-09,21,7006.523809523809,7342.0
busan,2,204,동백,2023-10,22,7280.636363636364,7564.0
busan,2,204,동백,2023-11,22,7410.681818181818,7410.0
busan,2,204,동백,2023-12,21,7183.047619047619,7382.0
busan,2,204,동백,2024-01,23,6950.04347826087,7147.0
busan,2,204,동백,2024-02,21,6835.571428571428,7204.0
busan,2,204,동백,2024-03,21,6981.476190476191,7086.0
busan,2,204,동백,2024-04,22,7206.681818181818,7399.5
busan,2,204,동백,2024-05,23,7366.434782608696,7534.0
busan,2,204,동백,2024-06,20,7523.15,7467.5
busan,2,204,동백,2024-07,23,7172.304347826087,7134.0
busan,2,204,동백,2024-08,22,6778.863636363636,6805.5
busan,2,204,동백,2024-09,21,6662.761904761905,7134.0
busan,2,204,동백,2024-10,23,7044.130434782609,7330.0
busan,2,204,동백,2024-11,21,7352.666666666667,7312.0
busan,2,204,동백,2024-12,22,7306.681818181818,7311.0
busan,2,205,벡스코,2022-07,21,10613.0,10591.0
busan,2,205,벡스코,2022-08,23,9875.608695652174,9943.0
busan,2,205,벡스코,2022-09,22,10085.954545454546,10859.5
busan,2,205,벡스코,2022-10,21,10633.47619047619,10964.0
busan,2,205,벡스코,2022-11,22,11204.045454545454,10864.5
busan,2,205,벡스코,2022-12,22,10746.363636363636,10685.5
busan,2,205,벡스코,2023-01,22,9658.90909090909,9936.5
busan,2,205,벡스코,2023-02,20,10851.5,10858.0
busan,2,205,벡스코,2023-03,23,11026.869565217392,11081.0
busan,2,205,벡스코,2023-04,20,11460.1,11244.0
busan,2,205,벡스코,2023-05,23,11028.304347826086,11579.0
busan,2,205,벡스코,2023-06,22,11216.681818181818,11312.0
busan,2,205,벡스코,2023-07,21,10788.52380952381,10788.0
busan,2,205,벡스코,2023-08,23,10211.95652173913,10530.0
busan,2,205,벡스코,2023-09,21,10800.857142857143,11118.0
busan,2,205,벡스코,2023-10,22,11247.90909090909,11689.5
busan,2,205,벡스코,2023-11,22,11808.181818181818,11545.0
busan,2,205,벡스코,2023-12,21,11343.142857142857,11333.0
busan,2,205,벡스코,2024-01,23,10403.04347826087,10431.0
busan,2,205,벡스코,2024-02,21,10377.809523809523,10778.0
busan,2,205,벡스코,2024-03,21,11480.761904761905,11571.0
busan,2,205,벡스코,2024-04,22,11515.09090909091,11704.5
busan,2,205,벡스코,2024-05,23,11656.04347826087,11805.0
busan,2,205,벡스코,2024-06,20,11467.55,11518.0
busan,2,205,벡스코,2024-07,23,10909.869565217392,10738.0
busan,2,205,벡스코,2024-08,22,10399.545454545454,10305.5
busan,2,205,벡스코,2024-09,21,10418.52380952381,11154.0
busan,2,205,벡스코,2024-10,23,10714.95652173913,11040.0
busan,2,205,벡스코,2024-11,21,11580.857142857143,11244.0
busan,2,205,벡스코,2024-12,22,11034.818181818182,10930.0
busan,2,206,센텀시티,2022-07,21,19077.95238095238,19053.0
busan,2,206,센텀시티,2022-08,23,18460.08695652174,18673.0
busan,2,206,센텀시티,2022-09,22,17444.954545454544,18324.5
busan,2,206,센텀시티,2022-10,21,19650.380952380954,19664.0
busan,2,206,센텀시티,2022-11,22,19440.909090909092,18546.0
busan,2,206,센텀시티,2022-12,22,19370.590909090908,18769.0
busan,2,206,센텀시티,2023-01,22,18096.363636363636,18369.5
busan,2,206,센텀시티,2023-02,20,18929.0,18844.0
busan,2,206,센텀시티,2023-03,23,18204.130434782608,18420.0
busan,2,206,센텀시티,2023-04,20,18660.5,18335.0
busan,2,206,센텀시티,2023-05,23,18595.347826086956,18689.0
busan,2,206,센텀시티,2023-06,22,19366.136363636364,19267.0
busan,2,206,센텀시티,2023-07,21,19962.04761904762,20209.0
busan,2,206,센텀시티,2023-08,23,19444.652173913044,19729.0
busan,2,206,센텀시티,2023-09,21,18717.619047619046,19745.0
busan,2,206,센텀시티,2023-10,22,21000.909090909092,21103.0
busan,2,206,센텀시티,2023-11,22,21012.31818181818,19700.5
busan,2,206,센텀시티,2023-12,21,20589.52380952381,20423.0
busan,2,206,센텀시티,2024-01,23,18774.91304347826,18921.0
busan,2,206,센텀시티,2024-02,21,19377.238095238095,19956.0
busan,2,206,센텀시티,2024-03,21,18985.0,18948.0
busan,2,206,센텀시티,2024-04,22,19094.045454545456,19046.5
busan,2,206,센텀시티,2024-05,23,19741.217391304348,19746.0
busan,2,206,센텀시티,2024-06,20,20130.1,19510.0
busan,2,206,센텀시티,2024-07,23,21562.739130434784,21443.0
busan,2,206,센텀시티,2024-08,22,20726.409090909092,20735.0
busan,2,206,센텀시티,2024-09,21,18985.095238095237,20015.0
busan,2,206,센텀시티,2024-10,23,21679.91304347826,19978.0
busan,2,206,센텀시티,2024-11,21,21556.761904761905,20715.0
busan,2,206,센텀시티,2024-12,22,21054.81818181818,20379.5
busan,2,207,민락,2022-07,21,3873.1428571428573,3874.0
busan,2,207,민락,2022-08,23,3587.5652173913045,3625.0
busan,2,207,민락,2022-09,22,3627.8636363636365,3862.5
busan,2,207,민락,2022-10,21,3761.6666666666665,3930.0
busan,2,207,민락,2022-11,22,3836.590909090909,3867.5
busan,2,207,민락,2022-12,22,3768.318181818182,3764.5
busan,2,207,민락,2023-01,22,3492.818181818182,3666.5
busan,2,207,민락,2023-02,20,3796.6,3814.5
busan,2,207,민락,2023-03,23,3819.521739130435,3901.0
busan,2,207,민락,2023-04,20,3979.25,3932.0
busan,2,207,민락,2023-05,23,3784.1304347826085,3969.0
busan,2,207,민락,2023-06,22,3878.5454545454545,3921.5
busan,2,207,민락,2023-07,21,3747.9523809523807,3744.0
busan,2,207,민락,2023-08,23,3648.7391304347825,3746.0
busan,2,207,민락,2023-09,21,3844.0,4020.0
busan,2,207,민락,2023-10,22,3910.6363636363635,4101.5
busan,2,207,민락,2023-11,22,4039.409090909091,4019.5
busan,2,207,민락,2023-12,21,3980.1428571428573,4046.0
busan,2,207,민락,2024-01,23,3753.9565217391305,3815.0
busan,2,207,민락,2024-02,21,3750.809523809524,3901.0
busan,2,207,민락,2024-03,21,3994.2380952380954,4057.0
busan,2,207,민락,2024-04,22,4061.2727272727275,4107.0
busan,2,207,민락,2024-05,23,4053.8695652173915,4190.0
busan,2,207,민락,2024-06,20,4143.55,4219.5
busan,2,207,민락,2024-07,23,4037.3478260869565,4045.0
busan,2,207,민락,2024-08,22,3823.681818181818,3900.0
busan,2,207,민락,2024-09,21,3752.2380952380954,4041.0
busan,2,207,민락,2024-10,23,3861.8260869565215,4022.0
busan,2,207,민락,2024-11,21,4073.0476190476193,4032.0
busan,2,207,민락,2024-12,22,3994.2272727272725,4077.0
busan,2,208,수영,2022-07,21,15654.761904761905,15684.0
busan,2,208,수영,2022-08,23,14534.0,14708.0
busan,2,208,수영,2022-09,22,14975.045454545454,16084.5
busan,2,208,수영,2022-10,21,15616.761904761905,16193.0
busan,2,208,수영,2022-11,22,15888.0,15860.0
busan,2,208,수영,2022-12,22,15699.045454545454,15668.5
busan,2,208,수영,2023-01,22,14709.90909090909,15564.5
busan,2,208,수영,2023-02,20,15990.65,15924.5
busan,2,208,수영,2023-03,23,16176.826086956522,16410.0
busan,2,208,수영,2023-04,20,16768.3,16661.5
busan,2,208,수영,2023-05,23,15906.08695652174,16722.0
busan,2,208,수영,2023-06,22,16232.5,16513.5
busan,2,208,수영,2023-07,21,15822.714285714286,15940.0
busan,2,208,수영,2023-08,23,15103.0,15550.0
busan,2,208,수영,2023-09,21,15757.761904761905,16483.0
busan,2,208,수영,2023-10,22,15971.545454545454,16740.5
busan,2,208,수영,2023-11,22,16666.363636363636,16617.0
busan,2,208,수영,2023-12,21,16339.333333333334,16657.0
busan,2,208,수영,2024-01,23,15845.347826086956,16183.0
busan,2,208,수영,2024-02,21,15765.52380952381,16424.0
busan,2,208,수영,2024-03,21,16710.809523809523,16907.0
busan,2,208,수영,2024-04,22,16915.5,17131.0
busan,2,208,수영,2024-05,23,16847.782608695652,17470.0
busan,2,208,수영,2024-06,20,17044.5,17185.0
busan,2,208,수영,2024-07,23,16577.608695652172,16580.0
busan,2,208,수영,2024-08,22,15751.363636363636,15968.0
busan,2,208,수영,2024-09,21,15840.095238095239,17127.0
busan,2,208,수영,2024-10,23,16484.478260869564,17118.0
busan,2,208,수영,2024-11,21,17406.809523809523,17392.0
busan,2,208,수영,2024-12,22,17092.636363636364,17231.0
busan,2,209,광안,2022-07,21,10424.52380952381,10522.0
busan,2,209,광안,2022-08,23,10107.173913043478,10195.0
busan,2,209,광안,2022-09,22,9394.40909090909,9756.5
busan,2,209,광안,2022-10,21,10203.666666666666,10296.0
busan,2,209,광안,2022-11,22,10103.454545454546,9903.0
busan,2,209,광안,2022-12,22,10177.727272727272,10194.0
busan,2,209,광안,2023-01,22,9897.5,10360.5
busan,2,209,광안,2023-02,20,11133.8,11095.0
busan,2,209,광안,2023-03,23,10133.173913043478,10155.0
busan,2,209,광안,2023-04,20,10772.1,10190.0
busan,2,209,광안,2023-05,23,10224.478260869566,10347.0
busan,2,209,광안,2023-06,22,10426.727272727272,10168.0
busan,2,209,광안,2023-07,21,10470.761904761905,10434.0
busan,2,209,광안,2023-08,23,10693.04347826087,11060.0
busan,2,209,광안,2023-09,21,10172.52380952381,10274.0
busan,2,209,광안,2023-10,22,10896.818181818182,11000.0
busan,2,209,광안,2023-11,22,10725.59090909091,10552.5
busan,2,209,광안,2023-12,21,11041.47619047619,10663.0
busan,2,209,광안,2024-01,23,10914.304347826086,10683.0
busan,2,209,광안,2024-02,21,10881.42857142857,11099.0
busan,2,209,광안,2024-03,21,10520.047619047618,10545.0
busan,2,209,광안,2024-04,22,10746.0,10744.0
busan,2,209,광안,2024-05,23,11419.260869565218,11022.0
busan,2,209,광안,2024-06,20,11315.25,10926.0
busan,2,209,광안,2024-07,23,11178.782608695652,11174.0
busan,2,209,광안,2024-08,22,11065.181818181818,10972.5
busan,2,209,광안,2024-09,21,10149.57142857143,10595.0
busan,2,209,광안,2024-10,23,10758.521739130434,10829.0
busan,2,209,광안,2024-11,21,10812.0,10689.0
busan,2,209,광안,2024-12,22,11365.727272727272,10816.5
busan,2,210,금련산,2022-07,21,7593.476190476191,7623.0
busan,2,210,금련산,2022-08,23,7187.521739130435,7267.0
busan,2,210,금련산,2022-09,22,6750.272727272727,7184.0
busan,2,210,금련산,2022-10,21,7180.142857142857,7448.0
busan,2,210,금련산,2022-11,22,7066.5,7078.5
busan,2,210,금련산,2022-12,22,7087.818181818182,7072.0
busan,2,210,금련산,2023-01,22,6794.727272727273,7050.0
busan,2,210,금련산,2023-02,20,7676.3,7644.5
busan,2,210,금련산,2023-03,23,7227.608695652174,7208.0
busan,2,210,금련산,2023-04,20,7742.5,7321.0
busan,2,210,금련산,2023-05,23,7225.086956521739,7546.0
busan,2,210,금련산,2023-06,22,7488.909090909091,7533.5
busan,2,210,금련산,2023-07,21,7601.857142857143,7593.0
busan,2,210,금련산,2023-08,23,7355.95652173913,7639.0
busan,2,210,금련산,2023-09,21,7186.0952380952385,7496.0
busan,2,210,금련산,2023-10,22,7637.954545454545,7928.5
busan,2,210,금련산,2023-11,22,7662.727272727273,7630.0
busan,2,210,금련산,2023-12,21,7687.571428571428,7626.0
busan,2,210,금련산,2024-01,23,7632.608695652174,7705.0
busan,2,210,금련산,2024-02,21,7539.047619047619,7808.0
busan,2,210,금련산,2024-03,21,7656.9047619047615,7632.0
busan,2,210,금련산,2024-04,22,7874.590909090909,7919.5
busan,2,210,금련산,2024-05,23,8054.391304347826,8165.0
busan,2,210,금련산,2024-06,20,8102.9,8090.5
busan,2,210,금련산,2024-07,23,8149.913043478261,8221.0
busan,2,210,금련산,2024-08,22,8025.545454545455,8099.5
busan,2,210,금련산,2024-09,21,7487.9047619047615,7864.0
busan,2,210,금련산,2024-10,23,7932.608695652174,8088.0
busan,2,210,금련산,2024-11,21,8099.047619047619,8006.0
busan,2,210,금련산,2024-12,22,8080.0,7845.5
busan,2,211,남천,2022-07,21,6691.9047619047615,6473.0
busan,2,211,남천,2022-08,23,5851.260869565217,6026.0
busan,2,211,남천,2022-09,22,6398.181818181818,6677.0
busan,2,211,남천,2022-10,21,6859.523809523809,6948.0
busan,2,211,남천,2022-11,22,7150.818181818182,6948.0
busan,2,211,남천,2022-12,22,7079.227272727273,6827.5
busan,2,211,남천,2023-01,22,6639.909090909091,6892.0
busan,2,211,남천,2023-02,20,7369.55,7120.5
busan,2,211,남천,2023-03,23,7440.695652173913,7346.0
busan,2,211,남천,2023-04,20,7783.6,7343.5
busan,2,211,남천,2023-05,23,7515.217391304348,7527.0
busan,2,211,남천,2023-06,22,7503.181818181818,7472.5
busan,2,211,남천,2023-07,21,7396.476190476191,7065.0
busan,2,211,남천,2023-08,23,6903.478260869565,6850.0
busan,2,211,남천,2023-09,21,7472.333333333333,7773.0
busan,2,211,남천,2023-10,22,7812.909090909091,7949.0
busan,2,211,남천,2023-11,22,8362.727272727272,8167.5
busan,2,211,남천,2023-12,21,7896.0,7898.0
busan,2,211,남천,2024-01,23,7689.782608695652,7610.0
busan,2,211,남천,2024-02,21,7852.190476190476,8107.0
busan,2,211,남천,2024-03,21,8547.380952380952,8538.0
busan,2,211,남천,2024-04,22,8547.40909090909,8500.5
busan,2,211,남천,2024-05,23,8576.521739130434,8636.0
busan,2,211,남천,2024-06,20,8461.4,8201.5
busan,2,211,남천,2024-07,23,8157.130434782609,8029.0
busan,2,211,남천,2024-08,22,7374.409090909091,7497.0
busan,2,211,남천,2024-09,21,7635.285714285715,8118.0
busan,2,211,남천,2024-10,23,8205.04347826087,8264.0
busan,2,211,남천,2024-11,21,8732.095238095239,8554.0
busan,2,211,남천,2024-12,22,8523.772727272728,8412.5
busan,2,212,경성대부경대,2022-07,21,14312.761904761905,14225.0
busan,2,212,경성대부경대,2022-08,23,13110.217391304348,13210.0
busan,2,212,경성대부경대,2022-09,22,18620.363636363636,20321.5
busan,2,212,경성대부경대,2022-10,21,18688.571428571428,19444.0
busan,2,212,경성대부경대,2022-11,22,19726.0,19856.0
busan,2,212,경성대부경대,2022-12,22,17412.272727272728,17782.5
busan,2,212,경성대부경대,2023-01,22,13429.0,13974.0
busan,2,212,경성대부경대,2023-02,20,14684.1,14548.0
busan,2,212,경성대부경대,2023-03,23,21269.434782608696,21901.0
busan,2,212,경성대부경대,2023-04,20,20884.45,20525.0
busan,2,212,경성대부경대,2023-05,23,19759.695652173912,21351.0
busan,2,212,경성대부경대,2023-06,22,18231.045454545456,19067.5
busan,2,212,경성대부경대,2023-07,21,14447.52380952381,14296.0
busan,2,212,경성대부경대,2023-08,23,13613.260869565218,13921.0
busan,2,212,경성대부경대,2023-09,21,19232.52380952381,20181.0
busan,2,212,경성대부경대,2023-10,22,18631.909090909092,19892.5
busan,2,212,경성대부경대,2023-11,22,20172.81818181818,20343.5
busan,2,212,경성대부경대,2023-12,21,17998.238095238095,18592.0
busan,2,212,경성대부경대,2024-01,23,14098.608695652174,14247.0
busan,2,212,경성대부경대,2024-02,21,14436.857142857143,14951.0
busan,2,212,경성대부경대,2024-03,21,21396.04761904762,21964.0
busan,2,212,경성대부경대,2024-04,22,20706.0,20998.0
busan,2,212,경성대부경대,2024-05,23,20481.304347826088,21506.0
busan,2,212,경성대부경대,2024-06,20,19109.8,19429.5
busan,2,212,경성대부경대,2024-07,23,15001.260869565218,14895.0
busan,2,212,경성대부경대,2024-08,22,14268.136363636364,14380.0
busan,2,212,경성대부경대,2024-09,21,18352.809523809523,20187.0
busan,2,212,경성대부경대,2024-10,23,18625.521739130436,19864.0
busan,2,212,경성대부경대,2024-11,21,20010.571428571428,20047.0
busan,2,212,경성대부경대,2024-12,22,18249.363636363636,19234.5
busan,2,213,대연,2022-07,21,9902.666666666666,9919.0
busan,2,213,대연,2022-08,23,9186.739130434782,9245.0
busan,2,213,대연,2022-09,22,9686.681818181818,10374.5
busan,2,213,대연,2022-10,21,10183.190476190477,10567.0
busan,2,213,대연,2022-11,22,10477.636363636364,10483.5
busan,2,213,대연,2022-12,22,10210.045454545454,10208.0
busan,2,213,대연,2023-01,22,9370.772727272728,9860.0
busan,2,213,대연,2023-02,20,10188.3,10185.5
busan,2,213,대연,2023-03,23,10530.695652173914,10673.0
busan,2,213,대연,2023-04,20,10645.15,10605.0
busan,2,213,대연,2023-05,23,10345.260869565218,10863.0
busan,2,213,대연,2023-06,22,10406.227272727272,10529.5
busan,2,213,대연,2023-07,21,10079.857142857143,10125.0
busan,2,213,대연,2023-08,23,9642.130434782608,9934.0
busan,2,213,대연,2023-09,21,10278.380952380952,10715.0
busan,2,213,대연,2023-10,22,10519.136363636364,11031.5
busan,2,213,대연,2023-11,22,11044.181818181818,11041.5
busan,2,213,대연,2023-12,21,10646.380952380952,10790.0
busan,2,213,대연,2024-01,23,10123.826086956522,10332.0
busan,2,213,대연,2024-02,21,10124.857142857143,10505.0
busan,2,213,대연,2024-03,21,10950.809523809523,11144.0
busan,2,213,대연,2024-04,22,10904.045454545454,11004.0
busan,2,213,대연,2024-05,23,11019.95652173913,11288.0
busan,2,213,대연,2024-06,20,11001.65,11031.0
busan,2,213,대연,2024-07,23,10670.04347826087,10570.0
busan,2,213,대연,2024-08,22,10127.363636363636,10196.0
busan,2,213,대연,2024-09,21,10149.52380952381,10909.0
busan,2,213,대연,2024-10,23,10606.260869565218,10967.0
busan,2,213,대연,2024-11,21,11220.857142857143,11193.0
busan,2,213,대연,2024-12,22,11068.0,11112.0
busan,2,214,못골,2022-07,21,4807.047619047619,4841.0
busan,2,214,못골,2022-08,23,4447.652173913043,4448.0
busan,2,214,못골,2022-09,22,4766.863636363636,5159.0
busan,2,214,못골,2022-10,21,5048.761904761905,5189.0
busan,2,214,못골,2022-11,22,5141.318181818182,5087.0
busan,2,214,못골,2022-12,22,4978.136363636364,4955.0
busan,2,214,못골,2023-01,22,4349.227272727273,4589.5
busan,2,214,못골,2023-02,20,4860.65,4817.5
busan,2,214,못골,2023-03,23,5211.347826086957,5299.0
busan,2,214,못골,2023-04,20,5380.9,5339.0
busan,2,214,못골,2023-05,23,5106.130434782609,5365.0
busan,2,214,못골,2023-06,22,5171.363636363636,5218.5
busan,2,214,못골,2023-07,21,4927.0952380952385,4913.0
busan,2,214,못골,2023-08,23,4775.04347826087,4947.0
busan,2,214,못골,2023-09,21,5131.285714285715,5437.0
busan,2,214,못골,2023-10,22,5326.090909090909,5670.5
busan,2,214,못골,2023-11,22,5633.136363636364,5643.0
busan,2,214,못골,2023-12,21,5396.571428571428,5501.0
busan,2,214,못골,2024-01,23,4905.565217391304,4986.0
busan,2,214,못골,2024-02,21,4930.9047619047615,5148.0
busan,2,214,못골,2024-03,21,5675.523809523809,5769.0
busan,2,214,못골,2024-04,22,5736.136363636364,5830.0
busan,2,214,못골,2024-05,23,5691.521739130435,5932.0
busan,2,214,못골,2024-06,20,5751.1,5840.5
busan,2,214,못골,2024-07,23,5604.782608695652,5564.0
busan,2,214,못골,2024-08,22,5307.045454545455,5404.0
busan,2,214,못골,2024-09,21,5507.0952380952385,6012.0
busan,2,214,못골,2024-10,23,5707.782608695652,6038.0
busan,2,214,못골,2024-11,21,5978.571428571428,6019.0
busan,2,214,못골,2024-12,22,5754.863636363636,5868.0
busan,2,215,지게골,2022-07,21,2851.5714285714284,2861.0
busan,2,215,지게골,2022-08,23,2655.4347826086955,2657.0
busan,2,215,지게골,2022-09,22,2804.590909090909,3024.5
busan,2,215,지게골,2022-10,21,2972.4285714285716,3101.0
busan,2,215,지게골,2022-11,22,3013.909090909091,3041.0
busan,2,215,지게골,2022-12,22,2949.0,2982.0
busan,2,215,지게골,2023-01,22,2594.2727272727275,2778.5
busan,2,215,지게골,2023-02,20,2784.0,2777.0
busan,2,215,지게골,2023-03,23,3049.9565217391305,3108.0
busan,2,215,지게골,2023-04,20,3102.6,3117.0
busan,2,215,지게골,2023-05,23,2897.3478260869565,3086.0
busan,2,215,지게골,2023-06,22,2872.0,2924.5
busan,2,215,지게골,2023-07,21,2701.190476190476,2735.0
busan,2,215,지게골,2023-08,23,2667.913043478261,2730.0
busan,2,215,지게골,2023-09,21,2914.6190476190477,3035.0
busan,2,215,지게골,2023-10,22,2950.4545454545455,3135.0
busan,2,215,지게골,2023-11,22,3036.7727272727275,3064.5
busan,2,215,지게골,2023-12,21,2944.3809523809523,2993.0
busan,2,215,지게골,2024-01,23,2724.695652173913,2783.0
busan,2,215,지게골,2024-02,21,2707.6666666666665,2765.0
busan,2,215,지게골,2024-03,21,3155.4761904761904,3229.0
busan,2,215,지게골,2024-04,22,3130.1363636363635,3212.5
busan,2,215,지게골,2024-05,23,3097.2608695652175,3252.0
busan,2,215,지게골,2024-06,20,3195.9,3231.0
busan,2,215,지게골,2024-07,23,2977.304347826087,3003.0
busan,2,215,지게골,2024-08,22,2733.590909090909,2785.5
busan,2,215,지게골,2024-09,21,2830.4761904761904,3075.0
busan,2,215,지게골,2024-10,23,2990.8695652173915,3181.0
busan,2,215,지게골,2024-11,21,3220.4285714285716,3224.0
busan,2,215,지게골,2024-12,22,3082.090909090909,3142.0
busan,2,216,문현,2022-07,21,5412.190476190476,5311.0
busan,2,216,문현,2022-08,23,4803.608695652174,4881.0
busan,2,216,문현,2022-09,22,5185.227272727273,5538.0
busan,2,216,문현,2022-10,21,5387.809523809524,5557.0
busan,2,216,문현,2022-11,22,5493.818181818182,5480.0
busan,2,216,문현,2022-12,22,5372.909090909091,5367.5
busan,2,216,문현,2023-01,22,4829.863636363636,5058.5
busan,2,216,문현,2023-02,20,5308.8,5323.0
busan,2,216,문현,2023-03,23,5477.391304347826,5515.0
busan,2,216,문현,2023-04,20,5533.5,5476.5
busan,2,216,문현,2023-05,23,5291.869565217391,5543.0
busan,2,216,문현,2023-06,22,5425.136363636364,5492.5
busan,2,216,문현,2023-07,21,5239.523809523809,5288.0
busan,2,216,문현,2023-08,23,4974.173913043478,5166.0
busan,2,216,문현,2023-09,21,5323.714285714285,5615.0
busan,2,216,문현,2023-10,22,5452.181818181818,5735.0
busan,2,216,문현,2023-11,22,5740.772727272727,5700.0
busan,2,216,문현,2023-12,21,5482.333333333333,5579.0
busan,2,216,문현,2024-01,23,5200.217391304348,5279.0
busan,2,216,문현,2024-02,21,5140.0952380952385,5267.0
busan,2,216,문현,2024-03,21,5626.571428571428,5660.0
busan,2,216,문현,2024-04,22,5647.227272727273,5768.0
busan,2,216,문현,2024-05,23,5643.304347826087,5819.0
busan,2,216,문현,2024-06,20,5723.4,5776.5
busan,2,216,문현,2024-07,23,5534.173913043478,5453.0
busan,2,216,문현,2024-08,22,5111.454545454545,5142.5
busan,2,216,문현,2024-09,21,5179.761904761905,5625.0
busan,2,216,문현,2024-10,23,5421.304347826087,5653.0
busan,2,216,문현,2024-11,21,5796.0,5737.0
busan,2,216,문현,2024-12,22,5645.227272727273,5624.5
busan,2,217,국제금융센터,2022-07,21,5248.571428571428,5295.0
busan,2,217,국제금융센터,2022-08,23,4868.478260869565,4974.0
busan,2,217,국제금융센터,2022-09,22,5007.863636363636,5336.0
busan,2,217,국제금융센터,2022-10,21,5115.142857142857,5411.0
busan,2,217,국제금융센터,2022-11,22,5417.363636363636,5413.5
busan,2,217,국제금융센터,2022-12,22,5347.772727272727,5326.5
busan,2,217,국제금융센터,2023-01,22,4922.409090909091,5216.0
busan,2,217,국제금융센터,2023-02,20,5255.5,5233.5
busan,2,217,국제금융센터,2023-03,23,5311.869565217391,5404.0
busan,2,217,국제금융센터,2023-04,20,5716.9,5692.0
busan,2,217,국제금융센터,2023-05,23,5254.260869565217,5604.0
busan,2,217,국제금융센터,2023-06,22,5388.909090909091,5584.0
busan,2,217,국제금융센터,2023-07,21,5261.9047619047615,5339.0
busan,2,217,국제금융센터,2023-08,23,5036.173913043478,5251.0
busan,2,217,국제금융센터부산은행,2023-09,21,5310.619047619048,5684.0
busan,2,217,국제금융센터부산은행,2023-10,22,5255.363636363636,5693.0
busan,2,217,국제금융센터부산은행,2023-11,22,5718.545454545455,5648.5
busan,2,217,국제금융센터부산은행,2023-12,21,5365.619047619048,5506.0
busan,2,217,국제금융센터부산은행,2024-01,23,5184.695652173913,5325.0
busan,2,217,국제금융센터부산은행,2024-02,21,5174.666666666667,5484.0
busan,2,217,국제금융센터부산은행,2024-03,21,5595.9047619047615,5724.0
busan,2,217,국제금융센터부산은행,2024-04,22,5639.772727272727,5772.5
busan,2,217,국제금융센터부산은행,2024-05,23,5424.869565217391,5799.0
busan,2,217,국제금융센터부산은행,2024-06,20,5585.8,5742.5
busan,2,217,국제금융센터부산은행,2024-07,23,5697.217391304348,5646.0
busan,2,217,국제금융센터부산은행,2024-08,22,5432.954545454545,5512.5
busan,2,217,국제금융센터부산은행,2024-09,21,5359.380952380952,5918.0
busan,2,217,국제금융센터부산은행,2024-10,23,5504.695652173913,5841.0
busan,2,217,국제금융센터부산은행,2024-11,21,5819.952380952381,5803.0
busan,2,217,국제금융센터부산은행,2024-12,22,5713.045454545455,5800.0
busan,2,218,전포,2022-07,21,8820.857142857143,8826.0
busan,2,218,전포,2022-08,23,8384.91304347826,8458.0
busan,2,218,전포,2022-09,22,8292.818181818182,8795.0
busan,2,218,전포,2022-10,21,8591.47619047619,8835.0
busan,2,218,전포,2022-11,22,8700.818181818182,8676.0
busan,2,218,전포,2022-12,22,9058.363636363636,9062.5
busan,2,218,전포,2023-01,22,8223.727272727272,8564.0
busan,2,218,전포,2023-02,20,9102.9,9062.5
busan,2,218,전포,2023-03,23,8784.739130434782,8807.0
busan,2,218,전포,2023-04,20,8751.35,8632.0
busan,2,218,전포,2023-05,23,8612.826086956522,8789.0
busan,2,218,전포,2023-06,22,8663.363636363636,8657.5
busan,2,218,전포,2023-07,21,8636.809523809523,8673.0
busan,2,218,전포,2023-08,23,8659.652173913044,8805.0
busan,2,218,전포,2023-09,21,8573.095238095239,8896.0
busan,2,218,전포,2023-10,22,8612.90909090909,8727.5
busan,2,218,전포,2023-11,22,9056.863636363636,8904.5
busan,2,218,전포,2023-12,21,9501.619047619048,9332.0
busan,2,218,전포,2024-01,23,8805.652173913044,8893.0
busan,2,218,전포,2024-02,21,9373.380952380952,9656.0
busan,2,218,전포,2024-03,21,9316.619047619048,9215.0
busan,2,218,전포,2024-04,22,9148.727272727272,9101.5
busan,2,218,전포,2024-05,23,9389.08695652174,9337.0
busan,2,218,전포,2024-06,20,9425.8,9303.5
busan,2,218,전포,2024-07,23,9516.391304347826,9368.0
busan,2,218,전포,2024-08,22,9504.045454545454,9457.0
busan,2,218,전포,2024-09,21,8789.333333333334,9177.0
busan,2,218,전포,2024-10,23,9074.130434782608,9059.0
busan,2,218,전포,2024-11,21,9451.57142857143,9312.0
busan,2,218,전포,2024-12,22,10043.227272727272,9728.0
busan,2,219,2서면,2022-07,21,23244.761904761905,23280.0
busan,2,219,2서면,2022-08,23,22043.652173913044,22438.0
busan,2,219,2서면,2022-09,22,21418.545454545456,22099.0
busan,2,219,2서면,2022-10,21,22285.95238095238,22307.0
busan,2,219,2서면,2022-11,22,22559.363636363636,22261.0
busan,2,219,2서면,2022-12,22,23825.636363636364,23700.5
busan,2,219,2서면,2023-01,22,23046.363636363636,23797.0
busan,2,219,2서면,2023-02,20,24780.9,24919.0
busan,2,219,2서면,2023-03,23,23253.739130434784,23064.0
busan,2,219,2서면,2023-04,20,22827.9,22479.5
busan,2,219,2서면,2023-05,23,22905.217391304348,23172.0
busan,2,219,2서면,2023-06,22,22995.18181818182,22686.0
busan,2,219,2서면,2023-07,21,23186.095238095237,22794.0
busan,2,219,2서면,2023-08,23,22897.304347826088,23531.0
busan,2,219,서면,2023-09,21,22676.904761904763,23135.0
busan,2,219,서면,2023-10,22,23216.0,23336.5
busan,2,219,서면,2023-11,22,23927.545454545456,23514.0
busan,2,219,서면,2023-12,21,24968.285714285714,24419.0
busan,2,219,서면,2024-01,23,24295.478260869564,24458.0
busan,2,219,서면,2024-02,21,24918.666666666668,25847.0
busan,2,219,서면,2024-03,21,24321.619047619046,24212.0
busan,2,219,서면,2024-04,22,23973.227272727272,23398.5
busan,2,219,서면,2024-05,23,24860.478260869564,24331.0
busan,2,219,서면,2024-06,20,24148.95,23742.5
busan,2,219,서면,2024-07,23,24112.260869565216,24167.0
busan,2,219,서면,2024-08,22,24049.727272727272,23704.5
busan,2,219,서면,2024-09,21,22634.380952380954,23679.0
busan,2,219,서면,2024-10,23,23646.17391304348,23553.0
busan,2,219,서면,2024-11,21,24279.285714285714,23769.0
busan,2,219,서면,2024-12,22,25959.18181818182,25024.0
busan,2,220,부암,2022-07,21,6559.619047619048,6583.0
busan,2,220,부암,2022-08,23,6135.652173913043,6368.0
busan,2,220,부암,2022-09,22,6549.454545454545,7048.5
busan,2,220,부암,2022-10,21,6751.0952380952385,7021.0
busan,2,220,부암,2022-11,22,7044.363636363636,7072.5
busan,2,220,부암,2022-12,22,6840.863636363636,6793.0
busan,2,220,부암,2023-01,22,6018.636363636364,6373.5
busan,2,220,부암,2023-02,20,6458.45,6461.5
busan,2,220,부암,2023-03,23,6677.347826086957,6771.0
busan,2,220,부암,2023-04,20,6805.95,6806.5
busan,2,220,부암,2023-05,23,6507.826086956522,6909.0
busan,2,220,부암,2023-06,22,6518.681818181818,6602.0
busan,2,220,부암,2023-07,21,6458.523809523809,6508.0
busan,2,220,부암,2023-08,23,6188.521739130435,6383.0
busan,2,220,부암,2023-09,21,6518.619047619048,6926.0
busan,2,220,부암,2023-10,22,6642.409090909091,7058.5
busan,2,220,부암,2023-11,22,7022.545454545455,7072.0
busan,2,220,부암,2023-12,21,6814.523809523809,6948.0
busan,2,220,부암,2024-01,23,6448.434782608696,6628.0
busan,2,220,부암,2024-02,21,6283.285714285715,6541.0
busan,2,220,부암,2024-03,21,7002.857142857143,7126.0
busan,2,220,부암,2024-04,22,7143.181818181818,7287.0
busan,2,220,부암,2024-05,23,7044.391304347826,7369.0
busan,2,220,부암,2024-06,20,7003.85,7136.5
busan,2,220,부암,2024-07,23,6841.434782608696,6823.0
busan,2,220,부암,2024-08,22,6527.772727272727,6645.0
busan,2,220,부암,2024-09,21,6618.333333333333,7290.0
busan,2,220,부암,2024-10,23,6835.782608695652,7155.0
busan,2,220,부암,2024-11,21,7217.857142857143,7203.0
busan,2,220,부암,2024-12,22,6992.409090909091,7151.5
busan,2,221,가야,2022-07,21,3755.7619047619046,3750.0
busan,2,221,가야,2022-08,23,3501.608695652174,3535.0
busan,2,221,가야,2022-09,22,3714.1363636363635,3899.0
busan,2,221,가야,2022-10,21,3815.5238095238096,3953.0
busan,2,221,가야,2022-11,22,3969.4545454545455,3981.0
busan,2,221,가야,2022-12,22,3872.090909090909,3875.5
busan,2,221,가야,2023-01,22,3439.5454545454545,3600.5
busan,2,221,가야,2023-02,20,3670.15,3659.5
busan,2,221,가야,2023-03,23,3788.2608695652175,3857.0
busan,2,221,가야,2023-04,20,3791.55,3805.0
busan,2,221,가야,2023-05,23,3664.304347826087,3868.0
busan,2,221,가야,2023-06,22,3631.409090909091,3705.5
busan,2,221,가야,2023-07,21,3505.8571428571427,3506.0
busan,2,221,가야,2023-08,23,3410.521739130435,3509.0
busan,2,221,가야,2023-09,21,3677.1428571428573,3807.0
busan,2,221,가야,2023-10,22,3724.4545454545455,3910.5
busan,2,221,가야,2023-11,22,3986.8636363636365,3989.0
busan,2,221,가야,2023-12,21,3897.7619047619046,4003.0
busan,2,221,가야,2024-01,23,3781.7391304347825,3848.0
busan,2,221,가야,2024-02,21,3800.285714285714,3890.0
busan,2,221,가야,2024-03,21,4056.3333333333335,4152.0
busan,2,221,가야,2024-04,22,4115.590909090909,4214.0
busan,2,221,가야,2024-05,23,4059.5652173913045,4209.0
busan,2,221,가야,2024-06,20,4113.3,4182.0
busan,2,221,가야,2024-07,23,3908.7391304347825,3912.0
busan,2,221,가야,2024-08,22,3736.8636363636365,3810.0
busan,2,221,가야,2024-09,21,3788.0476190476193,4087.0
busan,2,221,가야,2024-10,23,3892.8695652173915,4069.0
busan,2,221,가야,2024-11,21,4049.4285714285716,4059.0
busan,2,221,가야,2024-12,22,3930.181818181818,3988.0
busan,2,222,동의대,2022-07,21,5453.333333333333,5455.0
busan,2,222,동의대,2022-08,23,4945.0,4977.0
busan,2,222,동의대,2022-09,22,8336.136363636364,9114.0
busan,2,222,동의대,2022-10,21,8531.285714285714,9031.0
busan,2,222,동의대,2022-11,22,9237.227272727272,9313.0
busan,2,222,동의대,2022-12,22,7669.909090909091,8242.0
busan,2,222,동의대,2023-01,22,4987.590909090909,5276.5
busan,2,222,동의대,2023-02,20,5473.55,5466.0
busan,2,222,동의대,2023-03,23,9516.130434782608,9719.0
busan,2,222,동의대,2023-04,20,9124.7,9192.5
busan,2,222,동의대,2023-05,23,8568.434782608696,9212.0
busan,2,222,동의대,2023-06,22,7260.636363636364,8074.0
busan,2,222,동의대,2023-07,21,5277.0,5337.0
busan,2,222,동의대,2023-08,23,5081.478260869565,5283.0
busan,2,222,동의대,2023-09,21,8416.619047619048,8952.0
busan,2,222,동의대,2023-10,22,8158.863636363636,8900.5
busan,2,222,동의대,2023-11,22,8870.454545454546,8974.5
busan,2,222,동의대,2023-12,21,7460.857142857143,8004.0
busan,2,222,동의대,2024-01,23,5426.869565217391,5542.0
busan,2,222,동의대,2024-02,21,5451.142857142857,5703.0
busan,2,222,동의대,2024-03,21,9586.904761904761,9861.0
busan,2,222,동의대,2024-04,22,9276.318181818182,9497.5
busan,2,222,동의대,2024-05,23,9399.608695652174,9811.0
busan,2,222,동의대,2024-06,20,7927.05,8534.0
busan,2,222,동의대,2024-07,23,5708.695652173913,5798.0
busan,2,222,동의대,2024-08,22,5294.045454545455,5350.5
busan,2,222,동의대,2024-09,21,8053.952380952381,9026.0
busan,2,222,동의대,2024-10,23,8040.95652173913,8637.0
busan,2,222,동의대,2024-11,21,8935.190476190477,9030.0
busan,2,222,동의대,2024-12,22,7704.727272727273,8238.0
busan,2,223,개금,2022-07,21,8829.238095238095,8922.0
busan,2,223,개금,2022-08,23,8123.217391304348,8348.0
busan,2,223,개금,2022-09,22,8737.545454545454,9484.5
busan,2,223,개금,2022-10,21,9222.809523809523,9701.0
busan,2,223,개금,2022-11,22,9659.454545454546,9701.5
busan,2,223,개금,2022-12,22,9223.59090909091,9294.0
busan,2,223,개금,2023-01,22,8361.272727272728,8999.0
busan,2,223,개금,2023-02,20,9091.5,9113.5
busan,2,223,개금,2023-03,23,9377.08695652174,9581.0
busan,2,223,개금,2023-04,20,9438.25,9555.0
busan,2,223,개금,2023-05,23,9051.608695652174,9722.0
busan,2,223,개금,2023-06,22,8898.045454545454,9096.5
busan,2,223,개금,2023-07,21,8663.142857142857,8762.0
busan,2,223,개금,2023-08,23,8181.913043478261,8492.0
busan,2,223,개금,2023-09,21,8924.809523809523,9402.0
busan,2,223,개금,2023-10,22,9219.818181818182,9799.0
busan,2,223,개금,2023-11,22,9749.681818181818,9799.5
busan,2,223,개금,2023-12,21,9386.380952380952,9636.0
busan,2,223,개금,2024-01,23,9126.95652173913,9386.0
busan,2,223,개금,2024-02,21,9053.52380952381,9451.0
busan,2,223,개금,2024-03,21,9663.857142857143,9955.0
busan,2,223,개금,2024-04,22,9789.545454545454,10179.0
busan,2,223,개금,2024-05,23,9613.130434782608,10069.0
busan,2,223,개금,2024-06,20,9626.2,9740.0
busan,2,223,개금,2024-07,23,9189.608695652174,9271.0
busan,2,223,개금,2024-08,22,8503.40909090909,8710.5
busan,2,223,개금,2024-09,21,8692.57142857143,9586.0
busan,2,223,개금,2024-10,23,9108.565217391304,9682.0
busan,2,223,개금,2024-11,21,9660.190476190477,9695.0
busan,2,223,개금,2024-12,22,9473.272727272728,9639.5
busan,2,224,냉정,2022-07,21,4898.619047619048,4935.0
busan,2,224,냉정,2022-08,23,4555.04347826087,4624.0
busan,2,224,냉정,2022-09,22,7192.818181818182,7979.0
busan,2,224,냉정,2022-10,21,7268.190476190476,7670.0
busan,2,224,냉정,2022-11,22,7640.272727272727,7719.5
busan,2,224,냉정,2022-12,22,6470.5,6779.5
busan,2,224,냉정,2023-01,22,4480.681818181818,4739.5
busan,2,224,냉정,2023-02,20,4983.55,4840.0
busan,2,224,냉정,2023-03,23,7890.478260869565,8164.0
busan,2,224,냉정,2023-04,20,7664.65,7650.5
busan,2,224,냉정,2023-05,23,7219.434782608696,7802.0
busan,2,224,냉정,2023-06,22,6456.181818181818,6894.0
busan,2,224,냉정,2023-07,21,4820.666666666667,4831.0
busan,2,224,냉정,2023-08,23,4573.173913043478,4801.0
busan,2,224,냉정,2023-09,21,7055.666666666667,7545.0
busan,2,224,냉정,2023-10,22,6913.0,7505.5
busan,2,224,냉정,2023-11,22,7457.954545454545,7588.5
busan,2,224,냉정,2023-12,21,6491.190476190476,6788.0
busan,2,224,냉정,2024-01,23,4871.173913043478,4931.0
busan,2,224,냉정,2024-02,21,4944.523809523809,5046.0
busan,2,224,냉정,2024-03,21,7809.809523809524,8013.0
busan,2,224,냉정,2024-04,22,7627.0,7781.5
busan,2,224,냉정,2024-05,23,7293.913043478261,7760.0
busan,2,224,냉정,2024-06,20,6929.0,7306.0
busan,2,224,냉정,2024-07,23,5329.391304347826,5451.0
busan,2,224,냉정,2024-08,22,5063.818181818182,5196.0
busan,2,224,냉정,2024-09,21,6700.238095238095,7480.0
busan,2,224,냉정,2024-10,23,6909.869565217391,7297.0
busan,2,224,냉정,2024-11,21,7331.238095238095,7456.0
busan,2,224,냉정,2024-12,22,6496.5,6881.0
busan,2,225,주례,2022-07,21,7329.761904761905,7293.0
busan,2,225,주례,2022-08,23,6759.695652173913,6885.0
busan,2,225,주례,2022-09,22,7658.909090909091,8228.0
busan,2,225,주례,2022-10,21,8134.238095238095,8565.0
busan,2,225,주례,2022-11,22,8593.045454545454,8620.0
busan,2,225,주례,2022-12,22,8098.454545454545,8131.0
busan,2,225,주례,2023-01,22,6908.818181818182,7282.5
busan,2,225,주례,2023-02,20,7521.05,7505.5
busan,2,225,주례,2023-03,23,8222.869565217392,8405.0
busan,2,225,주례,2023-04,20,8214.85,8282.5
busan,2,225,주례,2023-05,23,7973.434782608696,8468.0
busan,2,225,주례,2023-06,22,7866.954545454545,8050.5
busan,2,225,주례,2023-07,21,7176.428571428572,7235.0
busan,2,225,주례,2023-08,23,6950.217391304348,7151.0
busan,2,225,주례,2023-09,21,7926.0,8435.0
busan,2,225,주례,2023-10,22,8105.954545454545,8653.0
busan,2,225,주례,2023-11,22,8585.454545454546,8615.5
busan,2,225,주례,2023-12,21,8129.190476190476,8292.0
busan,2,225,주례,2024-01,23,7429.391304347826,7668.0
busan,2,225,주례,2024-02,21,7371.285714285715,7674.0
busan,2,225,주례,2024-03,21,8500.142857142857,8698.0
busan,2,225,주례,2024-04,22,8557.0,8769.0
busan,2,225,주례,2024-05,23,8508.869565217392,8930.0
busan,2,225,주례,2024-06,20,8353.65,8460.0
busan,2,225,주례,2024-07,23,7708.565217391304,7720.0
busan,2,225,주례,2024-08,22,7160.227272727273,7287.5
busan,2,225,주례,2024-09,21,7686.666666666667,8448.0
busan,2,225,주례,2024-10,23,7990.521739130435,8489.0
busan,2,225,주례,2024-11,21,8509.857142857143,8490.0
busan,2,225,주례,2024-12,22,8229.181818181818,8373.0
busan,2,226,감전,2022-07,21,4357.9047619047615,4377.0
busan,2,226,감전,2022-08,23,3939.217391304348,4096.0
busan,2,226,감전,2022-09,22,4276.590909090909,4666.5
busan,2,226,감전,2022-10,21,4544.0952380952385,4844.0
busan,2,226,감전,2022-11,22,4911.409090909091,4932.5
busan,2,226,감전,2022-12,22,4677.045454545455,4730.0
busan,2,226,감전,2023-01,22,4297.772727272727,4615.5
busan,2,226,감전,2023-02,20,4714.75,4722.5
busan,2,226,감전,2023-03,23,4781.130434782609,4897.0
busan,2,226,감전,2023-04,20,4847.85,4893.5
busan,2,226,감전,2023-05,23,4724.391304347826,5088.0
busan,2,226,감전,2023-06,22,4592.681818181818,4753.5
busan,2,226,감전,2023-07,21,4475.0952380952385,4464.0
busan,2,226,감전,2023-08,23,4098.739130434783,4320.0
busan,2,226,감전,2023-09,21,4436.380952380952,4771.0
busan,2,226,감전,2023-10,22,4542.545454545455,4921.0
busan,2,226,감전,2023-11,22,4846.818181818182,4847.0
busan,2,226,감전,2023-12,21,4611.047619047619,4792.0
busan,2,226,감전,2024-01,23,4642.0,4793.0
busan,2,226,감전,2024-02,21,4394.809523809524,4662.0
busan,2,226,감전,2024-03,21,4785.333333333333,4960.0
busan,2,226,감전,2024-04,22,4805.772727272727,4975.5
busan,2,226,감전,2024-05,23,4913.173913043478,5283.0
busan,2,226,감전,2024-06,20,4822.35,4959.0
busan,2,226,감전,2024-07,23,4686.869565217391,4734.0
busan,2,226,감전,2024-08,22,4270.818181818182,4433.0
busan,2,226,감전,2024-09,21,4332.571428571428,4839.0
busan,2,226,감전,2024-10,23,4568.826086956522,4890.0
busan,2,226,감전,2024-11,21,4949.333333333333,4947.0
busan,2,226,감전,2024-12,22,4717.863636363636,4886.5
busan,2,227,사상,2022-07,21,20307.380952380954,19746.0
busan,2,227,사상,2022-08,23,19159.956521739132,18888.0
busan,2,227,사상,2022-09,22,19839.454545454544,20272.0
busan,2,227,사상,2022-10,21,20838.0,20377.0
busan,2,227,사상,2022-11,22,20777.090909090908,20331.0
busan,2,227,사상,2022-12,22,20473.954545454544,20180.0
busan,2,227,사상,2023-01,22,19595.68181818182,19849.0
busan,2,227,사상,2023-02,20,21492.75,21364.5
busan,2,227,사상,2023-03,23,21811.608695652172,21197.0
busan,2,227,사상,2023-04,20,21434.95,21413.5
busan,2,227,사상,2023-05,23,21364.347826086956,21518.0
busan,2,227,사상,2023-06,22,21217.454545454544,20822.0
busan,2,227,사상,2023-07,21,20252.380952380954,20124.0
busan,2,227,사상,2023-08,23,19995.91304347826,20437.0
busan,2,227,사상,2023-09,21,20968.428571428572,20904.0
busan,2,227,사상,2023-10,22,21808.5,21681.5
busan,2,227,사상,2023-11,22,21936.590909090908,21381.0
busan,2,227,사상,2023-12,21,21950.238095238095,21553.0
busan,2,227,사상,2024-01,23,20908.82608695652,20772.0
busan,2,227,사상,2024-02,21,21932.52380952381,22471.0
busan,2,227,사상,2024-03,21,22662.52380952381,22143.0
busan,2,227,사상,2024-04,22,22621.409090909092,22552.0
busan,2,227,사상,2024-05,23,22943.17391304348,22437.0
busan,2,227,사상,2024-06,20,22433.0,21807.5
busan,2,227,사상,2024-07,23,21336.956521739132,21106.0
busan,2,227,사상,2024-08,22,21337.136363636364,21234.0
busan,2,227,사상,2024-09,21,21478.619047619046,21498.0
busan,2,227,사상,2024-10,23,22054.695652173912,21871.0
busan,2,227,사상,2024-11,21,22710.571428571428,22002.0
busan,2,227,사상,2024-12,22,22866.0,22037.0
busan,2,228,덕포,2022-07,21,4334.952380952381,4396.0
busan,2,228,덕포,2022-08,23,3960.2608695652175,4028.0
busan,2,228,덕포,2022-09,22,4376.590909090909,4797.5
busan,2,228,덕포,2022-10,21,4584.809523809524,4872.0
busan,2,228,덕포,2022-11,22,4904.681818181818,4930.5
busan,2,228,덕포,2022-12,22,4559.0,4594.5
busan,2,228,덕포,2023-01,22,3988.6363636363635,4202.0
busan,2,228,덕포,2023-02,20,4388.0,4395.0
busan,2,228,덕포,2023-03,23,4736.347826086957,4840.0
busan,2,228,덕포,2023-04,20,4765.65,4808.0
busan,2,228,덕포,2023-05,23,4503.565217391304,4843.0
busan,2,228,덕포,2023-06,22,4435.181818181818,4562.0
busan,2,228,덕포,2023-07,21,4149.428571428572,4177.0
busan,2,228,덕포,2023-08,23,4166.739130434783,4343.0
busan,2,228,덕포,2023-09,21,4819.428571428572,5076.0
busan,2,228,덕포,2023-10,22,5057.454545454545,5439.5
busan,2,228,덕포,2023-11,22,5374.590909090909,5420.0
busan,2,228,덕포,2023-12,21,5120.190476190476,5201.0
busan,2,228,덕포,2024-01,23,4870.695652173913,5004.0
busan,2,228,덕포,2024-02,21,4810.619047619048,5090.0
busan,2,228,덕포,2024-03,21,5485.380952380952,5658.0
busan,2,228,덕포,2024-04,22,5546.409090909091,5745.5
busan,2,228,덕포,2024-05,23,5473.869565217391,5803.0
busan,2,228,덕포,2024-06,20,5440.8,5580.0
busan,2,228,덕포,2024-07,23,5138.695652173913,5128.0
busan,2,228,덕포,2024-08,22,4826.681818181818,4973.0
busan,2,228,덕포,2024-09,21,5065.761904761905,5563.0
busan,2,228,덕포,2024-10,23,5355.869565217391,5682.0
busan,2,228,덕포,2024-11,21,5709.0,5746.0
busan,2,228,덕포,2024-12,22,5384.954545454545,5583.5
busan,2,229,모덕,2022-07,21,2499.2380952380954,2539.0
busan,2,229,모덕,2022-08,23,2154.0434782608695,2374.0
busan,2,229,모덕,2022-09,22,2400.0,2617.5
busan,2,229,모덕,2022-10,21,2622.2380952380954,2799.0
busan,2,229,모덕,2022-11,22,2746.409090909091,2739.0
busan,2,229,모덕,2022-12,22,2620.2727272727275,2627.5
busan,2,229,모덕,2023-01,22,2292.3636363636365,2500.5
busan,2,229,모덕,2023-02,20,2660.4,2647.0
busan,2,229,모덕,2023-03,23,2733.4347826086955,2814.0
busan,2,229,모덕,2023-04,20,2764.35,2766.0
busan,2,229,모덕,2023-05,23,2521.8260869565215,2737.0
busan,2,229,모덕,2023-06,22,2587.4545454545455,2679.5
busan,2,229,모덕,2023-07,21,2517.0,2576.0
busan,2,229,모덕,2023-08,23,2289.608695652174,2448.0
busan,2,229,모덕,2023-09,21,2458.7619047619046,2698.0
busan,2,229,모덕,2023-10,22,2484.9545454545455,2734.5
busan,2,229,모덕,2023-11,22,2740.7272727272725,2731.0
busan,2,229,모덕,2023-12,21,2597.4761904761904,2710.0
busan,2,229,모덕,2024-01,23,2529.7391304347825,2614.0
busan,2,229,모덕,2024-02,21,2422.285714285714,2636.0
busan,2,229,모덕,2024-03,21,2701.9523809523807,2787.0
busan,2,229,모덕,2024-04,22,2754.0454545454545,2852.0
busan,2,229,모덕,2024-05,23,2583.3478260869565,2819.0
busan,2,229,모덕,2024-06,20,2647.65,2734.5
busan,2,229,모덕,2024-07,23,2605.1304347826085,2681.0
busan,2,229,모덕,2024-08,22,2283.3636363636365,2485.0
busan,2,229,모덕,2024-09,21,2353.3333333333335,2671.0
busan,2,229,모덕,2024-10,23,2485.7391304347825,2726.0
busan,2,229,모덕,2024-11,21,2729.8571428571427,2740.0
busan,2,229,모덕,2024-12,22,2646.818181818182,2764.0
busan,2,230,모라,2022-07,21,4972.714285714285,4970.0
busan,2,230,모라,2022-08,23,4522.565217391304,4632.0
busan,2,230,모라,2022-09,22,4821.636363636364,5190.5
busan,2,230,모라,2022-10,21,5042.523809523809,5282.0
busan,2,230,모라,2022-11,22,5268.181818181818,5300.5
busan,2,230,모라,2022-12,22,5002.045454545455,4996.5
busan,2,230,모라,2023-01,22,4643.136363636364,4902.5
busan,2,230,모라,2023-02,20,5118.15,5107.5
busan,2,230,모라,2023-03,23,5282.304347826087,5389.0
busan,2,230,모라,2023-04,20,5275.2,5310.0
busan,2,230,모라,2023-05,23,5065.260869565217,5409.0
busan,2,230,모라,2023-06,22,5014.318181818182,5107.0
busan,2,230,모라,2023-07,21,4826.0952380952385,4868.0
busan,2,230,모라,2023-08,23,4567.391304347826,4746.0
busan,2,230,모라,2023-09,21,5028.952380952381,5313.0
busan,2,230,모라,2023-10,22,5246.681818181818,5510.0
busan,2,230,모라,2023-11,22,5456.090909090909,5473.0
busan,2,230,모라,2023-12,21,5265.428571428572,5404.0
busan,2,230,모라,2024-01,23,5113.478260869565,5277.0
busan,2,230,모라,2024-02,21,5008.809523809524,5230.0
busan,2,230,모라,2024-03,21,5402.9047619047615,5557.0
busan,2,230,모라,2024-04,22,5470.681818181818,5645.5
busan,2,230,모라,2024-05,23,5435.086956521739,5700.0
busan,2,230,모라,2024-06,20,5455.85,5535.0
busan,2,230,모라,2024-07,23,5199.04347826087,5285.0
busan,2,230,모라,2024-08,22,4789.045454545455,4866.5
busan,2,230,모라,2024-09,21,4891.047619047619,5345.0
busan,2,230,모라,2024-10,23,5232.04347826087,5543.0
busan,2,230,모라,2024-11,21,5508.0952380952385,5532.0
busan,2,230,모라,2024-12,22,5333.636363636364,5414.5
busan,2,231,구남,2022-07,21,4406.285714285715,4385.0
busan,2,231,구남,2022-08,23,4034.608695652174,4086.0
busan,2,231,구남,2022-09,22,4412.909090909091,4702.5
busan,2,231,구남,2022-10,21,4551.857142857143,4723.0
busan,2,231,구남,2022-11,22,4697.954545454545,4709.5
busan,2,231,구남,2022-12,22,4521.545454545455,4550.5
busan,2,231,구남,2023-01,22,4130.909090909091,4294.5
busan,2,231,구남,2023-02,20,4479.75,4465.0
busan,2,231,구남,2023-03,23,4588.695652173913,4669.0
busan,2,231,구남,2023-04,20,4608.6,4603.0
busan,2,231,구남,2023-05,23,4453.782608695652,4692.0
busan,2,231,구남,2023-06,22,4426.136363636364,4495.5
busan,2,231,구남,2023-07,21,4233.0952380952385,4288.0
busan,2,231,구남,2023-08,23,4257.0,4437.0
busan,2,231,구남,2023-09,21,4615.952380952381,4839.0
busan,2,231,구남,2023-10,22,4572.727272727273,4806.5
busan,2,231,구남,2023-11,22,4840.5,4828.0
busan,2,231,구남,2023-12,21,4651.238095238095,4772.0
busan,2,231,구남,2024-01,23,4378.347826086957,4454.0
busan,2,231,구남,2024-02,21,4450.333333333333,4554.0
busan,2,231,구남,2024-03,21,4791.380952380952,4856.0
busan,2,231,구남,2024-04,22,4790.272727272727,4889.0
busan,2,231,구남,2024-05,23,4832.0,5052.0
busan,2,231,구남,2024-06,20,4798.0,4902.5
busan,2,231,구남,2024-07,23,4619.869565217391,4648.0
busan,2,231,구남,2024-08,22,4380.954545454545,4476.0
busan,2,231,구남,2024-09,21,4520.0,4875.0
busan,2,231,구남,2024-10,23,4611.217391304348,4779.0
busan,2,231,구남,2024-11,21,4872.380952380952,4840.0
busan,2,231,구남,2024-12,22,4717.409090909091,4776.0
busan,2,232,구명,2022-07,21,3676.095238095238,3690.0
busan,2,232,구명,2022-08,23,3345.521739130435,3377.0
busan,2,232,구명,2022-09,22,3828.590909090909,4124.5
busan,2,232,구명,2022-10,21,3999.1428571428573,4159.0
busan,2,232,구명,2022-11,22,4137.863636363636,4136.5
busan,2,232,구명,2022-12,22,3871.0,3879.0
busan,2,232,구명,2023-01,22,3367.4545454545455,3558.5
busan,2,232,구명,2023-02,20,3663.6,3654.5
busan,2,232,구명,2023-03,23,4057.7391304347825,4149.0
busan,2,232,구명,2023-04,20,4120.15,4146.5
busan,2,232,구명,2023-05,23,4050.2608695652175,4257.0
busan,2,232,구명,2023-06,22,3848.3636363636365,3924.5
busan,2,232,구명,2023-07,21,3550.904761904762,3561.0
busan,2,232,구명,2023-08,23,3432.782608695652,3586.0
busan,2,232,구명,2023-09,21,3883.7619047619046,4090.0
busan,2,232,구명,2023-10,22,3924.7727272727275,4165.0
busan,2,232,구명,2023-11,22,4143.954545454545,4136.5
busan,2,232,구명,2023-12,21,3845.5238095238096,3923.0
busan,2,232,구명,2024-01,23,3497.1739130434785,3583.0
busan,2,232,구명,2024-02,21,3521.4285714285716,3619.0
busan,2,232,구명,2024-03,21,4077.0476190476193,4166.0
busan,2,232,구명,2024-04,22,4064.2272727272725,4149.5
busan,2,232,구명,2024-05,23,4109.869565217391,4277.0
busan,2,232,구명,2024-06,20,4028.1,4104.5
busan,2,232,구명,2024-07,23,3801.695652173913,3823.0
busan,2,232,구명,2024-08,22,3575.4545454545455,3710.5
busan,2,232,구명,2024-09,21,3796.0,4118.0
busan,2,232,구명,2024-10,23,3891.4347826086955,4075.0
busan,2,232,구명,2024-11,21,4119.190476190476,4087.0
busan,2,232,구명,2024-12,22,3943.0454545454545,4009.0
busan,2,233,2덕천,2022-07,21,5140.047619047619,5019.0
busan,2,233,2덕천,2022-08,23,4872.95652173913,4795.0
busan,2,233,2덕천,2022-09,22,5176.136363636364,5200.0
busan,2,233,2덕천,2022-10,21,5333.952380952381,5317.0
busan,2,233,2덕천,2022-11,22,5376.545454545455,5147.0
busan,2,233,2덕천,2022-12,22,5269.318181818182,5139.5
busan,2,233,2덕천,2023-01,22,4927.318181818182,5001.5
busan,2,233,2덕천,2023-02,20,5399.25,5166.0
busan,2,233,2덕천,2023-03,23,5389.869565217391,5245.0
busan,2,233,2덕천,2023-04,20,5380.55,5221.5
busan,2,233,2덕천,2023-05,23,5223.869565217391,5367.0
busan,2,233,2덕천,2023-06,22,5218.590909090909,5078.0
busan,2,233,2덕천,2023-07,21,5020.0952380952385,4911.0
busan,2,233,2덕천,2023-08,23,4904.478260869565,4902.0
busan,2,233,덕천,2023-09,21,5219.9047619047615,5244.0
busan,2,233,덕천,2023-10,22,5407.681818181818,5355.0
busan,2,233,덕천,2023-11,22,5551.5,5341.0
busan,2,233,덕천,2023-12,21,5302.571428571428,5292.0
busan,2,233,덕천,2024-01,23,5115.391304347826,5130.0
busan,2,233,덕천,2024-02,21,5263.571428571428,5246.0
busan,2,233,덕천,2024-03,21,5555.571428571428,5427.0
busan,2,233,덕천,2024-04,22,5609.772727272727,5604.5
busan,2,233,덕천,2024-05,23,5635.260869565217,5593.0
busan,2,233,덕천,2024-06,20,5517.2,5471.5
busan,2,233,덕천,2024-07,23,5534.739130434783,5539.0
busan,2,233,덕천,2024-08,22,5429.090909090909,5426.5
busan,2,233,덕천,2024-09,21,5167.190476190476,5356.0
busan,2,233,덕천,2024-10,23,5314.521739130435,5269.0
busan,2,233,덕천,2024-11,21,5469.333333333333,5308.0
busan,2,233,덕천,2024-12,22,5463.772727272727,5351.0
busan,2,234,수정,2022-07,21,5952.428571428572,6036.0
busan,2,234,수정,2022-08,23,5396.347826086957,5523.0
busan,2,234,수정,2022-09,22,5922.136363636364,6274.0
busan,2,234,수정,2022-10,21,6134.428571428572,6343.0
busan,2,234,수정,2022-11,22,6269.409090909091,6274.0
busan,2,234,수정,2022-12,22,6148.409090909091,6120.0
busan,2,234,수정,2023-01,22,5556.090909090909,5827.5
busan,2,234,수정,2023-02,20,6129.25,6101.5
busan,2,234,수정,2023-03,23,6302.260869565217,6428.0
busan,2,234,수정,2023-04,20,6430.3,6470.5
busan,2,234,수정,2023-05,23,6174.478260869565,6532.0
busan,2,234,수정,2023-06,22,6230.818181818182,6276.0
busan,2,234,수정,2023-07,21,6064.047619047619,5986.0
busan,2,234,수정,2023-08,23,5681.869565217391,5866.0
busan,2,234,수정,2023-09,21,6264.380952380952,6591.0
busan,2,234,수정,2023-10,22,6360.863636363636,6685.0
busan,2,234,수정,2023-11,22,6640.227272727273,6631.5
busan,2,234,수정,2023-12,21,6412.809523809524,6540.0
busan,2,234,수정,2024-01,23,6014.608695652174,6142.0
busan,2,234,수정,2024-02,21,6058.761904761905,6232.0
busan,2,234,수정,2024-03,21,6482.761904761905,6593.0
busan,2,234,수정,2024-04,22,6579.227272727273,6752.0
busan,2,234,수정,2024-05,23,6588.95652173913,6797.0
busan,2,234,수정,2024-06,20,6656.75,6761.5
busan,2,234,수정,2024-07,23,6388.95652173913,6459.0
busan,2,234,수정,2024-08,22,5993.454545454545,6133.0
busan,2,234,수정,2024-09,21,6169.619047619048,6735.0
busan,2,234,수정,2024-10,23,6401.0,6718.0
busan,2,234,수정,2024-11,21,6710.0952380952385,6683.0
busan,2,234,수정,2024-12,22,6547.318181818182,6619.0
busan,2,235,화명,2022-07,21,10291.714285714286,10442.0
busan,2,235,화명,2022-08,23,9502.478260869566,9735.0
busan,2,235,화명,2022-09,22,10266.318181818182,10925.5
busan,2,235,화명,2022-10,21,10766.904761904761,11173.0
busan,2,235,화명,2022-11,22,10951.0,10948.0
busan,2,235,화명,2022-12,22,10645.59090909091,10706.5
busan,2,235,화명,2023-01,22,9905.681818181818,10413.0
busan,2,235,화명,2023-02,20,10811.95,10776.0
busan,2,235,화명,2023-03,23,10919.478260869566,11113.0
busan,2,235,화명,2023-04,20,11007.8,11020.5
busan,2,235,화명,2023-05,23,10776.608695652174,11467.0
busan,2,235,화명,2023-06,22,10746.59090909091,10955.5
busan,2,235,화명,2023-07,21,10577.714285714286,10467.0
busan,2,235,화명,2023-08,23,9996.782608695652,10224.0
busan,2,235,화명,2023-09,21,10758.095238095239,11260.0
busan,2,235,화명,2023-10,22,11002.5,11552.0
busan,2,235,화명,2023-11,22,11479.90909090909,11518.5
busan,2,235,화명,2023-12,21,11133.809523809523,11412.0
busan,2,235,화명,2024-01,23,10626.695652173914,10899.0
busan,2,235,화명,2024-02,21,10639.333333333334,11108.0
busan,2,235,화명,2024-03,21,11431.0,11638.0
busan,2,235,화명,2024-04,22,11534.045454545454,11790.0
busan,2,235,화명,2024-05,23,11695.434782608696,12083.0
busan,2,235,화명,2024-06,20,11529.55,11689.5
busan,2,235,화명,2024-07,23,11031.782608695652,11102.0
busan,2,235,화명,2024-08,22,10360.363636363636,10468.5
busan,2,235,화명,2024-09,21,10545.190476190477,11488.0
busan,2,235,화명,2024-10,23,10990.652173913044,11471.0
busan,2,235,화명,2024-11,21,11541.761904761905,11499.0
busan,2,235,화명,2024-12,22,11399.545454545454,11484.0
busan,2,236,율리,2022-07,21,4779.0,4756.0
busan,2,236,율리,2022-08,23,4353.04347826087,4464.0
busan,2,236,율리,2022-09,22,4673.818181818182,5025.5
busan,2,236,율리,2022-10,21,4842.333333333333,5131.0
busan,2,236,율리,2022-11,22,4970.909090909091,4977.5
busan,2,236,율리,2022-12,22,4779.818181818182,4777.5
busan,2,236,율리,2023-01,22,4336.954545454545,4469.5
busan,2,236,율리,2023-02,20,4754.1,4721.0
busan,2,236,율리,2023-03,23,4970.652173913043,5053.0
busan,2,236,율리,2023-04,20,5016.7,5073.5
busan,2,236,율리,2023-05,23,4798.826086956522,5169.0
busan,2,236,율리,2023-06,22,4764.681818181818,4807.5
busan,2,236,율리,2023-07,21,4618.666666666667,4537.0
busan,2,236,율리,2023-08,23,4403.739130434783,4587.0
busan,2,236,율리,2023-09,21,4861.380952380952,5131.0
busan,2,236,율리,2023-10,22,4798.045454545455,5086.5
busan,2,236,율리,2023-11,22,5031.863636363636,5074.0
busan,2,236,율리,2023-12,21,4742.619047619048,4779.0
busan,2,236,율리,2024-01,23,4519.608695652174,4634.0
busan,2,236,율리,2024-02,21,4578.285714285715,4754.0
busan,2,236,율리,2024-03,21,4944.0,5030.0
busan,2,236,율리,2024-04,22,4976.090909090909,5102.5
busan,2,236,율리,2024-05,23,4995.260869565217,5231.0
busan,2,236,율리,2024-06,20,4948.9,5002.0
busan,2,236,율리,2024-07,23,4748.608695652174,4776.0
busan,2,236,율리,2024-08,22,4470.5,4603.0
busan,2,236,율리,2024-09,21,4651.047619047619,5043.0
busan,2,236,율리,2024-10,23,4737.304347826087,4982.0
busan,2,236,율리,2024-11,21,5013.619047619048,5067.0
busan,2,236,율리,2024-12,22,4822.681818181818,4884.0
busan,2,237,동원,2022-07,21,1643.952380952381,1668.0
busan,2,237,동원,2022-08,23,1536.4347826086957,1560.0
busan,2,237,동원,2022-09,22,1652.6818181818182,1751.5
busan,2,237,동원,2022-10,21,1729.3809523809523,1799.0
busan,2,237,동원,2022-11,22,1769.1363636363637,1766.0
busan,2,237,동원,2022-12,22,1650.7272727272727,1650.5
busan,2,237,동원,2023-01,22,1549.5454545454545,1643.5
busan,2,237,동원,2023-02,20,1683.6,1676.0
busan,2,237,동원,2023-03,23,1730.6521739130435,1770.0
busan,2,237,동원,2023-04,20,1714.8,1736.0
busan,2,237,동원,2023-05,23,1653.2608695652175,1741.0
busan,2,237,동원,2023-06,22,1637.5,1641.5
busan,2,237,동원,2023-07,21,1556.5238095238096,1561.0
busan,2,237,동원,2023-08,23,1535.5652173913043,1581.0
busan,2,237,동원,2023-09,21,1689.2380952380952,1740.0
busan,2,237,동원,2023-10,22,1721.1818181818182,1782.5
busan,2,237,동원,2023-11,22,1782.5,1784.0
busan,2,237,동원,2023-12,21,1689.7619047619048,1753.0
busan,2,237,동원,2024-01,23,1621.0869565217392,1663.0
busan,2,237,동원,2024-02,21,1660.904761904762,1709.0
busan,2,237,동원,2024-03,21,1726.095238095238,1757.0
busan,2,237,동원,2024-04,22,1780.3636363636363,1844.5
busan,2,237,동원,2024-05,23,1790.9130434782608,1852.0
busan,2,237,동원,2024-06,20,1786.55,1811.5
busan,2,237,동원,2024-07,23,1684.1304347826087,1686.0
busan,2,237,동원,2024-08,22,1611.5454545454545,1637.5
busan,2,237,동원,2024-09,21,1648.095238095238,1763.0
busan,2,237,동원,2024-10,23,1705.6521739130435,1776.0
busan,2,237,동원,2024-11,21,1786.6190476190477,1792.0
busan,2,237,동원,2024-12,22,1740.2272727272727,1752.0
busan,2,238,금곡,2022-07,21,2599.3809523809523,2639.0
busan,2,238,금곡,2022-08,23,2390.1304347826085,2439.0
busan,2,238,금곡,2022-09,22,2587.4545454545455,2801.0
busan,2,238,금곡,2022-10,21,2726.904761904762,2848.0
busan,2,238,금곡,2022-11,22,2823.1363636363635,2840.5
busan,2,238,금곡,2022-12,22,2623.409090909091,2631.5
busan,2,238,금곡,2023-01,22,2408.5454545454545,2544.0
busan,2,238,금곡,2023-02,20,2752.25,2762.0
busan,2,238,금곡,2023-03,23,2819.4347826086955,2887.0
busan,2,238,금곡,2023-04,20,2815.6,2817.5
busan,2,238,금곡,2023-05,23,2713.217391304348,2902.0
busan,2,238,금곡,2023-06,22,2709.8636363636365,2795.0
busan,2,238,금곡,2023-07,21,2505.8571428571427,2538.0
busan,2,238,금곡,2023-08,23,2377.0,2503.0
busan,2,238,금곡,2023-09,21,2744.3809523809523,2895.0
busan,2,238,금곡,2023-10,22,2825.409090909091,3000.5
busan,2,238,금곡,2023-11,22,2891.1363636363635,2904.5
busan,2,238,금곡,2023-12,21,2667.7619047619046,2675.0
busan,2,238,금곡,2024-01,23,2497.1739130434785,2562.0
busan,2,238,금곡,2024-02,21,2583.0,2677.0
busan,2,238,금곡,2024-03,21,2847.285714285714,2940.0
busan,2,238,금곡,2024-04,22,2872.7727272727275,2952.5
busan,2,238,금곡,2024-05,23,2867.217391304348,2939.0
busan,2,238,금곡,2024-06,20,2861.2,2890.5
busan,2,238,금곡,2024-07,23,2665.2608695652175,2691.0
busan,2,238,금곡,2024-08,22,2390.7727272727275,2398.5
busan,2,238,금곡,2024-09,21,2556.6190476190477,2769.0
busan,2,238,금곡,2024-10,23,2753.0434782608695,2866.0
busan,2,238,금곡,2024-11,21,2881.6666666666665,2882.0
busan,2,238,금곡,2024-12,22,2684.4545454545455,2729.5
busan,2,239,호포,2022-07,21,1094.6190476190477,1095.0
busan,2,239,호포,2022-08,23,986.1304347826087,988.0
busan,2,239,호포,2022-09,22,1128.6363636363637,1170.0
busan,2,239,호포,2022-10,21,1260.1904761904761,1261.0
busan,2,239,호포,2022-11,22,1204.8636363636363,1196.0
busan,2,239,호포,2022-12,22,1112.1363636363637,1114.5
busan,2,239,호포,2023-01,22,1022.9090909090909,1042.0
busan,2,239,호포,2023-02,20,1137.75,1129.5
busan,2,239,호포,2023-03,23,1272.2608695652175,1308.0
busan,2,239,호포,2023-04,20,1197.7,1240.0
busan,2,239,호포,2023-05,23,1117.2173913043478,1153.0
busan,2,239,호포,2023-06,22,744.6363636363636,719.0
busan,2,239,호포,2023-07,21,691.0,666.0
busan,2,239,호포,2023-08,23,975.695652173913,1003.0
busan,2,239,호포,2023-09,21,1071.2857142857142,1114.0
busan,2,239,호포,2023-10,22,1204.8181818181818,1198.5
busan,2,239,호포,2023-11,22,1109.409090909091,1111.5
busan,2,239,호포,2023-12,21,1035.2380952380952,1047.0
busan,2,239,호포,2024-01,23,1014.0,1023.0
busan,2,239,호포,2024-02,21,1023.8095238095239,1021.0
busan,2,239,호포,2024-03,21,1214.7142857142858,1204.0
busan,2,239,호포,2024-04,22,1208.3636363636363,1240.5
busan,2,239,호포,2024-05,23,1148.0869565217392,1160.0
busan,2,239,호포,2024-06,20,1139.3,1148.0
busan,2,239,호포,2024-07,23,1076.0869565217392,1081.0
busan,2,239,호포,2024-08,22,971.5,972.5
busan,2,239,호포,2024-09,21,996.5238095238095,1034.0
busan,2,239,호포,2024-10,23,1163.695652173913,1181.0
busan,2,239,호포,2024-11,21,1214.3809523809523,1206.0
busan,2,239,호포,2024-12,22,1083.7727272727273,1090.5
busan,2,240,증산,2022-07,21,4423.619047619048,4419.0
busan,2,240,증산,2022-08,23,4051.913043478261,4118.0
busan,2,240,증산,2022-09,22,4388.318181818182,4646.5
busan,2,240,증산,2022-10,21,4570.142857142857,4721.0
busan,2,240,증산,2022-11,22,4694.863636363636,4686.5
busan,2,240,증산,2022-12,22,4531.090909090909,4512.0
busan,2,240,증산,2023-01,22,4221.818181818182,4388.5
busan,2,240,증산,2023-02,20,4611.05,4622.0
busan,2,240,증산,2023-03,23,4718.0,4789.0
busan,2,240,증산,2023-04,20,4675.9,4699.0
busan,2,240,증산,2023-05,23,4525.521739130435,4760.0
busan,2,240,증산,2023-06,22,4481.136363636364,4543.5
busan,2,240,증산,2023-07,21,4217.285714285715,4193.0
busan,2,240,증산,2023-08,23,3978.086956521739,4161.0
busan,2,240,증산,2023-09,21,4402.571428571428,4582.0
busan,2,240,증산,2023-10,22,4626.0,4732.5
busan,2,240,증산,2023-11,22,4686.272727272727,4733.0
busan,2,240,증산,2023-12,21,4532.761904761905,4523.0
busan,2,240,증산,2024-01,23,4308.565217391304,4413.0
busan,2,240,증산,2024-02,21,4284.142857142857,4407.0
busan,2,240,증산,2024-03,21,4651.0,4771.0
busan,2,240,증산,2024-04,22,4676.954545454545,4728.5
busan,2,240,증산,2024-05,23,4732.565217391304,4860.0
busan,2,240,증산,2024-06,20,4633.55,4689.5
busan,2,240,증산,2024-07,23,4327.434782608696,4352.0
busan,2,240,증산,2024-08,22,4019.1363636363635,4026.0
busan,2,240,증산,2024-09,21,4211.523809523809,4512.0
busan,2,240,증산,2024-10,23,4457.0,4640.0
busan,2,240,증산,2024-11,21,4660.047619047619,4679.0
busan,2,240,증산,2024-12,22,4604.681818181818,4605.0
busan,2,241,부산대양산,2022-07,21,2216.3809523809523,2214.0
busan,2,241,부산대양산,2022-08,23,2052.391304347826,2078.0
busan,2,241,부산대양산,2022-09,22,2143.9545454545455,2305.0
busan,2,241,부산대양산,2022-10,21,2209.095238095238,2344.0
busan,2,241,부산대양산,2022-11,22,2310.8636363636365,2328.0
busan,2,241,부산대양산,2022-12,22,2170.2727272727275,2185.5
busan,2,241,부산대양산,2023-01,22,2022.7727272727273,2170.0
busan,2,241,부산대양산,2023-02,20,2225.0,2215.0
busan,2,241,부산대양산,2023-03,23,2343.478260869565,2393.0
busan,2,241,부산대양산,2023-04,20,2356.2,2390.5
busan,2,241,부산대양산,2023-05,23,2226.521739130435,2409.0
busan,2,241,부산대양산,2023-06,22,2184.818181818182,2240.0
busan,2,241,부산대양산,2023-07,21,1981.2380952380952,2009.0
busan,2,241,부산대양산,2023-08,23,1974.1739130434783,2117.0
busan,2,241,부산대양산캠퍼스,2023-09,21,2192.0,2313.0
busan,2,241,부산대양산캠퍼스,2023-10,22,2196.590909090909,2390.5
busan,2,241,부산대양산캠퍼스,2023-11,22,2314.181818181818,2299.0
busan,2,241,부산대양산캠퍼스,2023-12,21,2171.0476190476193,2200.0
busan,2,241,부산대양산캠퍼스,2024-01,23,2087.608695652174,2162.0
busan,2,241,부산대양산캠퍼스,2024-02,21,2039.2380952380952,2190.0
busan,2,241,부산대양산캠퍼스,2024-03,21,2230.6190476190477,2311.0
busan,2,241,부산대양산캠퍼스,2024-04,22,2215.818181818182,2272.0
busan,2,241,부산대양산캠퍼스,2024-05,23,2180.695652173913,2312.0
busan,2,241,부산대양산캠퍼스,2024-06,20,2198.45,2238.5
busan,2,241,부산대양산캠퍼스,2024-07,23,2086.608695652174,2077.0
busan,2,241,부산대양산캠퍼스,2024-08,22,1946.6818181818182,2015.0
busan,2,241,부산대양산캠퍼스,2024-09,21,1992.7142857142858,2202.0
busan,2,241,부산대양산캠퍼스,2024-10,23,2058.695652173913,2184.0
busan,2,241,부산대양산캠퍼스,2024-11,21,2189.904761904762,2202.0
busan,2,241,부산대양산캠퍼스,2024-12,22,2090.6363636363635,2153.5
busan,2,242,남양산,2022-07,21,3336.0,3337.0
busan,2,242,남양산,2022-08,23,3077.8695652173915,3104.0
busan,2,242,남양산,2022-09,22,3413.681818181818,3674.0
busan,2,242,남양산,2022-10,21,3583.190476190476,3700.0
busan,2,242,남양산,2022-11,22,3665.9545454545455,3678.0
busan,2,242,남양산,2022-12,22,3434.590909090909,3406.5
busan,2,242,남양산,2023-01,22,3187.818181818182,3380.0
busan,2,242,남양산,2023-02,20,3531.95,3523.0
busan,2,242,남양산,2023-03,23,3753.1304347826085,3841.0
busan,2,242,남양산,2023-04,20,3714.55,3769.5
busan,2,242,남양산,2023-05,23,3544.1739130434785,3780.0
busan,2,242,남양산,2023-06,22,3421.6363636363635,3479.0
busan,2,242,남양산,2023-07,21,3183.0476190476193,3148.0
busan,2,242,남양산,2023-08,23,3026.0434782608695,3112.0
busan,2,242,남양산,2023-09,21,3445.0,3606.0
busan,2,242,남양산,2023-10,22,3581.090909090909,3704.0
busan,2,242,남양산,2023-11,22,3637.2727272727275,3648.5
busan,2,242,남양산,2023-12,21,3402.1428571428573,3451.0
busan,2,242,남양산,2024-01,23,3189.304347826087,3267.0
busan,2,242,남양산,2024-02,21,3243.714285714286,3351.0
busan,2,242,남양산,2024-03,21,3592.2380952380954,3666.0
busan,2,242,남양산,2024-04,22,3567.5,3649.5
busan,2,242,남양산,2024-05,23,3628.0,3698.0
busan,2,242,남양산,2024-06,20,3542.45,3583.0
busan,2,242,남양산,2024-07,23,3241.8695652173915,3304.0
busan,2,242,남양산,2024-08,22,3067.1363636363635,3069.5
busan,2,242,남양산,2024-09,21,3242.8571428571427,3519.0
busan,2,242,남양산,2024-10,23,3397.8260869565215,3522.0
busan,2,242,남양산,2024-11,21,3585.0,3611.0
busan,2,242,남양산,2024-12,22,3548.090909090909,3554.0
busan,2,243,양산,2022-07,21,6115.523809523809,6194.0
busan,2,243,양산,2022-08,23,5702.869565217391,5763.0
busan,2,243,양산,2022-09,22,6102.727272727273,6369.0
busan,2,243,양산,2022-10,21,6317.523809523809,6488.0
busan,2,243,양산,2022-11,22,6325.318181818182,6331.0
busan,2,243,양산,2022-12,22,5937.227272727273,5898.0
busan,2,243,양산,2023-01,22,5451.045454545455,5641.0
busan,2,243,양산,2023-02,20,5952.35,5981.5
busan,2,243,양산,2023-03,23,6428.913043478261,6583.0
busan,2,243,양산,2023-04,20,6363.5,6485.5
busan,2,243,양산,2023-05,23,6236.608695652174,6513.0
busan,2,243,양산,2023-06,22,6108.318181818182,6267.5
busan,2,243,양산,2023-07,21,5855.190476190476,5892.0
busan,2,243,양산,2023-08,23,5897.913043478261,6129.0
busan,2,243,양산,2023-09,21,6246.666666666667,6504.0
busan,2,243,양산,2023-10,22,6519.863636363636,6584.0
busan,2,243,양산,2023-11,22,6515.181818181818,6337.0
busan,2,243,양산,2023-12,21,5906.571428571428,5942.0
busan,2,243,양산,2024-01,23,5530.478260869565,5646.0
busan,2,243,양산,2024-02,21,5468.666666666667,5569.0
busan,2,243,양산,2024-03,21,6156.190476190476,6228.0
busan,2,243,양산,2024-04,22,6196.681818181818,6333.5
busan,2,243,양산,2024-05,23,6186.695652173913,6277.0
busan,2,243,양산,2024-06,20,6158.3,6234.0
busan,2,243,양산,2024-07,23,5937.434782608696,6010.0
busan,2,243,양산,2024-08,22,6072.272727272727,6096.0
busan,2,243,양산,2024-09,21,6016.857142857143,6302.0
busan,2,243,양산,2024-10,23,6117.652173913043,6328.0
busan,2,243,양산,2024-11,21,6227.857142857143,6285.0
busan,2,243,양산,2024-12,22,6090.636363636364,6093.5
busan,3,302,망미,2022-07,21,5034.190476190476,5077.0
busan,3,302,망미,2022-08,23,4579.826086956522,4601.0
busan,3,302,망미,2022-09,22,4914.636363636364,5291.5
busan,3,302,망미,2022-10,21,5180.523809523809,5376.0
busan,3,302,망미,2022-11,22,5191.863636363636,5203.5
busan,3,302,망미,2022-12,22,5002.5,5018.5
busan,3,302,망미,2023-01,22,4580.636363636364,4825.5
busan,3,302,망미,2023-02,20,5031.6,5035.5
busan,3,302,망미,2023-03,23,5235.652173913043,5353.0
busan,3,302,망미,2023-04,20,5323.05,5340.0
busan,3,302,망미,2023-05,23,5093.478260869565,5411.0
busan,3,302,망미,2023-06,22,5057.545454545455,5160.5
busan,3,302,망미,2023-07,21,4867.285714285715,4891.0
busan,3,302,망미,2023-08,23,4627.304347826087,4804.0
busan,3,302,망미,2023-09,21,5059.142857142857,5343.0
busan,3,302,망미,2023-10,22,5191.681818181818,5493.5
busan,3,302,망미,2023-11,22,5381.636363636364,5411.5
busan,3,302,망미,2023-12,21,5195.9047619047615,5349.0
busan,3,302,망미,2024-01,23,4938.913043478261,5062.0
busan,3,302,망미,2024-02,21,4966.619047619048,5137.0
busan,3,302,망미,2024-03,21,5425.857142857143,5580.0
busan,3,302,망미,2024-04,22,5481.909090909091,5604.0
busan,3,302,망미,2024-05,23,5472.04347826087,5709.0
busan,3,302,망미,2024-06,20,5434.9,5509.0
busan,3,302,망미,2024-07,23,5111.739130434783,5169.0
busan,3,302,망미,2024-08,22,4757.181818181818,4849.5
busan,3,302,망미,2024-09,21,4885.809523809524,5332.0
busan,3,302,망미,2024-10,23,5141.478260869565,5415.0
busan,3,302,망미,2024-11,21,5510.476190476191,5540.0
busan,3,302,망미,2024-12,22,5326.5,5447.0
busan,3,303,배산,2022-07,21,4585.190476190476,4621.0
busan,3,303,배산,2022-08,23,4249.521739130435,4227.0
busan,3,303,배산,2022-09,22,4545.545454545455,4903.0
busan,3,303,배산,2022-10,21,4731.619047619048,4916.0
busan,3,303,배산,2022-11,22,4766.636363636364,4767.5
busan,3,303,배산,2022-12,22,4606.681818181818,4619.5
busan,3,303,배산,2023-01,22,4175.181818181818,4408.0
busan,3,303,배산,2023-02,20,4578.15,4569.5
busan,3,303,배산,2023-03,23,4829.913043478261,4948.0
busan,3,303,배산,2023-04,20,4887.0,4930.0
busan,3,303,배산,2023-05,23,4675.434782608696,4940.0
busan,3,303,배산,2023-06,22,4689.909090909091,4751.5
busan,3,303,배산,2023-07,21,4476.571428571428,4491.0
busan,3,303,배산,2023-08,23,4315.130434782609,4550.0
busan,3,303,배산,2023-09,21,4648.428571428572,4878.0
busan,3,303,배산,2023-10,22,4696.409090909091,4930.0
busan,3,303,배산,2023-11,22,4853.227272727273,4877.5
busan,3,303,배산,2023-12,21,4639.666666666667,4738.0
busan,3,303,배산,2024-01,23,4341.695652173913,4447.0
busan,3,303,배산,2024-02,21,4346.619047619048,4461.0
busan,3,303,배산,2024-03,21,4807.047619047619,4922.0
busan,3,303,배산,2024-04,22,4898.545454545455,5039.0
busan,3,303,배산,2024-05,23,4815.565217391304,4999.0
busan,3,303,배산,2024-06,20,4835.4,4909.5
busan,3,303,배산,2024-07,23,4650.652173913043,4692.0
busan,3,303,배산,2024-08,22,4395.863636363636,4439.0
busan,3,303,배산,2024-09,21,4558.0952380952385,4936.0
busan,3,303,배산,2024-10,23,4612.304347826087,4809.0
busan,3,303,배산,2024-11,21,4825.190476190476,4854.0
busan,3,303,배산,2024-12,22,4642.318181818182,4725.0
busan,3,304,물만골,2022-07,21,3952.095238095238,3996.0
busan,3,304,물만골,2022-08,23,3609.8260869565215,3685.0
busan,3,304,물만골,2022-09,22,3798.590909090909,4068.5
busan,3,304,물만골,2022-10,21,3980.3333333333335,4145.0
busan,3,304,물만골,2022-11,22,4055.7727272727275,4048.5
busan,3,304,물만골,2022-12,22,3945.681818181818,3990.0
busan,3,304,물만골,2023-01,22,3642.818181818182,3856.5
busan,3,304,물만골,2023-02,20,3963.75,3955.0
busan,3,304,물만골,2023-03,23,4059.9565217391305,4163.0
busan,3,304,물만골,2023-04,20,4119.05,4159.5
busan,3,304,물만골,2023-05,23,3950.086956521739,4187.0
busan,3,304,물만골,2023-06,22,3979.1363636363635,4028.0
busan,3,304,물만골,2023-07,21,3865.5714285714284,3869.0
busan,3,304,물만골,2023-08,23,3672.695652173913,3807.0
busan,3,304,물만골,2023-09,21,3920.3333333333335,4117.0
busan,3,304,물만골,2023-10,22,4048.2727272727275,4285.5
busan,3,304,물만골,2023-11,22,4219.772727272727,4204.5
busan,3,304,물만골,2023-12,21,4064.4285714285716,4172.0
busan,3,304,물만골,2024-01,23,3919.304347826087,4018.0
busan,3,304,물만골,2024-02,21,3905.095238095238,4059.0
busan,3,304,물만골,2024-03,21,4191.476190476191,4244.0
busan,3,304,물만골,2024-04,22,4219.272727272727,4318.5
busan,3,304,물만골,2024-05,23,4207.173913043478,4372.0
busan,3,304,물만골,2024-06,20,4270.8,4372.0
busan,3,304,물만골,2024-07,23,4103.478260869565,4161.0
busan,3,304,물만골,2024-08,22,3890.5454545454545,3921.5
busan,3,304,물만골,2024-09,21,3911.5238095238096,4257.0
busan,3,304,물만골,2024-10,23,4007.5652173913045,4216.0
busan,3,304,물만골,2024-11,21,4288.523809523809,4300.0
busan,3,304,물만골,2024-12,22,4098.272727272727,4165.0
busan,3,305,3연산,2022-07,21,10179.190476190477,10193.0
busan,3,305,3연산,2022-08,23,9301.217391304348,9522.0
busan,3,305,3연산,2022-09,22,9559.318181818182,10242.5
busan,3,305,3연산,2022-10,21,10263.952380952382,10702.0
busan,3,305,3연산,2022-11,22,10460.59090909091,10436.5
busan,3,305,3연산,2022-12,22,10441.09090909091,10330.0
busan,3,305,3연산,2023-01,22,9423.272727272728,10025.0
busan,3,305,3연산,2023-02,20,10505.35,10455.5
busan,3,305,3연산,2023-03,23,10377.95652173913,10549.0
busan,3,305,3연산,2023-04,20,10548.8,10625.0
busan,3,305,3연산,2023-05,23,10072.260869565218,10610.0
busan,3,305,3연산,2023-06,22,10454.5,10602.5
busan,3,305,3연산,2023-07,21,10398.142857142857,10282.0
busan,3,305,3연산,2023-08,23,9567.521739130434,9923.0
busan,3,305,연산,2023-09,21,10148.47619047619,10748.0
busan,3,305,연산,2023-10,22,10557.545454545454,10878.5
busan,3,305,연산,2023-11,22,10732.227272727272,10706.0
busan,3,305,연산,2023-12,21,10841.666666666666,11096.0
busan,3,305,연산,2024-01,23,10217.91304347826,10448.0
busan,3,305,연산,2024-02,21,10003.333333333334,10514.0
busan,3,305,연산,2024-03,21,10795.904761904761,11024.0
busan,3,305,연산,2024-04,22,10866.40909090909,11105.0
busan,3,305,연산,2024-05,23,10838.695652173914,11319.0
busan,3,305,연산,2024-06,20,11074.65,11259.5
busan,3,305,연산,2024-07,23,10630.391304347826,10595.0
busan,3,305,연산,2024-08,22,10062.681818181818,10298.5
busan,3,305,연산,2024-09,21,9954.0,10648.0
busan,3,305,연산,2024-10,23,10386.130434782608,10796.0
busan,3,305,연산,2024-11,21,11032.238095238095,11025.0
busan,3,305,연산,2024-12,22,11030.40909090909,11219.5
busan,3,306,거제,2022-07,21,6665.380952380952,6761.0
busan,3,306,거제,2022-08,23,6065.434782608696,6220.0
busan,3,306,거제,2022-09,22,6193.045454545455,6744.5
busan,3,306,거제,2022-10,21,6559.619047619048,6948.0
busan,3,306,거제,2022-11,22,6687.363636363636,6776.5
busan,3,306,거제,2022-12,22,6506.409090909091,6477.0
busan,3,306,거제,2023-01,22,5861.636363636364,6274.5
busan,3,306,거제,2023-02,20,6546.3,6552.0
busan,3,306,거제,2023-03,23,6590.826086956522,6762.0
busan,3,306,거제,2023-04,20,6854.7,6809.0
busan,3,306,거제,2023-05,23,6555.304347826087,6997.0
busan,3,306,거제,2023-06,22,6702.636363636364,6890.0
busan,3,306,거제,2023-07,21,6537.476190476191,6561.0
busan,3,306,거제,2023-08,23,6242.95652173913,6457.0
busan,3,306,거제,2023-09,21,6385.0,6813.0
busan,3,306,거제,2023-10,22,6562.818181818182,7035.5
busan,3,306,거제,2023-11,22,6960.590909090909,6986.0
busan,3,306,거제,2023-12,21,6875.476190476191,7093.0
busan,3,306,거제,2024-01,23,6561.434782608696,6798.0
busan,3,306,거제,2024-02,21,6445.476190476191,6780.0
busan,3,306,거제,2024-03,21,6941.666666666667,7132.0
busan,3,306,거제,2024-04,22,7088.090909090909,7283.5
busan,3,306,거제,2024-05,23,7069.826086956522,7453.0
busan,3,306,거제,2024-06,20,7111.25,7254.0
busan,3,306,거제,2024-07,23,7027.739130434783,7104.0
busan,3,306,거제,2024-08,22,6583.227272727273,6736.0
busan,3,306,거제,2024-09,21,6587.761904761905,7225.0
busan,3,306,거제,2024-10,23,6757.04347826087,7230.0
busan,3,306,거제,2024-11,21,7054.809523809524,7071.0
busan,3,306,거제,2024-12,22,6880.318181818182,7004.5
busan,3,307,종합운동장,2022-07,21,5711.857142857143,5704.0
busan,3,307,종합운동장,2022-08,23,5193.608695652174,5242.0
busan,3,307,종합운동장,2022-09,22,5472.863636363636,6054.0
busan,3,307,종합운동장,2022-10,21,5643.571428571428,5692.0
busan,3,307,종합운동장,2022-11,22,5721.454545454545,5709.0
busan,3,307,종합운동장,2022-12,22,5566.227272727273,5585.0
busan,3,307,종합운동장,2023-01,22,5296.409090909091,5556.5
busan,3,307,종합운동장,2023-02,20,5765.15,5809.0
busan,3,307,종합운동장,2023-03,23,5910.826086956522,6024.0
busan,3,307,종합운동장,2023-04,20,6015.1,6007.0
busan,3,307,종합운동장,2023-05,23,5823.130434782609,6063.0
busan,3,307,종합운동장,2023-06,22,6605.136363636364,6065.5
busan,3,307,종합운동장,2023-07,21,5590.952380952381,5617.0
busan,3,307,종합운동장,2023-08,23,6008.95652173913,5770.0
busan,3,307,종합운동장,2023-09,21,5778.142857142857,6181.0
busan,3,307,종합운동장,2023-10,22,5911.545454545455,6285.0
busan,3,307,종합운동장,2023-11,22,6316.272727272727,6227.5
busan,3,307,종합운동장,2023-12,21,6314.190476190476,6461.0
busan,3,307,종합운동장,2024-01,23,6724.739130434783,6967.0
busan,3,307,종합운동장,2024-02,21,7107.619047619048,7426.0
busan,3,307,종합운동장,2024-03,21,7777.0952380952385,7881.0
busan,3,307,종합운동장,2024-04,22,8008.727272727273,8116.0
busan,3,307,종합운동장,2024-05,23,8116.782608695652,8398.0
busan,3,307,종합운동장,2024-06,20,8047.7,8211.0
busan,3,307,종합운동장,2024-07,23,7734.826086956522,7798.0
busan,3,307,종합운동장,2024-08,22,7335.818181818182,7454.0
busan,3,307,종합운동장,2024-09,21,7135.9047619047615,7561.0
busan,3,307,종합운동장,2024-10,23,7225.565217391304,7584.0
busan,3,307,종합운동장,2024-11,21,7694.285714285715,7706.0
busan,3,307,종합운동장,2024-12,22,7549.136363636364,7604.5
busan,3,308,사직,2022-07,21,7403.476190476191,6995.0
busan,3,308,사직,2022-08,23,6763.782608695652,6618.0
busan,3,308,사직,2022-09,22,7016.454545454545,7419.5
busan,3,308,사직,2022-10,21,7257.476190476191,7421.0
busan,3,308,사직,2022-11,22,7386.318181818182,7428.5
busan,3,308,사직,2022-12,22,7167.681818181818,7159.5
busan,3,308,사직,2023-01,22,6589.363636363636,6998.0
busan,3,308,사직,2023-02,20,7319.85,7319.5
busan,3,308,사직,2023-03,23,7527.086956521739,7687.0
busan,3,308,사직,2023-04,20,8346.95,7915.5
busan,3,308,사직,2023-05,23,8171.652173913043,7712.0
busan,3,308,사직,2023-06,22,8504.0,7976.5
busan,3,308,사직,2023-07,21,7099.285714285715,6966.0
busan,3,308,사직,2023-08,23,7465.608695652174,6871.0
busan,3,308,사직,2023-09,21,7506.285714285715,7507.0
busan,3,308,사직,2023-10,22,7895.181818181818,7704.5
busan,3,308,사직,2023-11,22,7733.454545454545,7731.5
busan,3,308,사직,2023-12,21,7410.476190476191,7567.0
busan,3,308,사직,2024-01,23,7134.826086956522,7278.0
busan,3,308,사직,2024-02,21,7018.666666666667,7227.0
busan,3,308,사직,2024-03,21,7757.047619047619,7725.0
busan,3,308,사직,2024-04,22,8714.727272727272,7948.0
busan,3,308,사직,2024-05,23,9161.391304347826,8327.0
busan,3,308,사직,2024-06,20,8923.15,8076.0
busan,3,308,사직,2024-07,23,8040.391304347826,7437.0
busan,3,308,사직,2024-08,22,8251.90909090909,7185.5
busan,3,308,사직,2024-09,21,8868.52380952381,7918.0
busan,3,308,사직,2024-10,23,7437.086956521739,7826.0
busan,3,308,사직,2024-11,21,7893.380952380952,7856.0
busan,3,308,사직,2024-12,22,7780.681818181818,7861.0
busan,3,309,미남,2022-07,21,10617.52380952381,10672.0
busan,3,309,미남,2022-08,23,9709.434782608696,9837.0
busan,3,309,미남,2022-09,22,10223.90909090909,10980.0
busan,3,309,미남,2022-10,21,10640.047619047618,11057.0
busan,3,309,미남,2022-11,22,10890.59090909091,10873.5
busan,3,309,미남,2022-12,22,10708.09090909091,10662.0
busan,3,309,미남,2023-01,22,9892.272727272728,10425.5
busan,3,309,미남,2023-02,20,10839.9,10808.5
busan,3,309,미남,2023-03,23,11072.652173913044,11291.0
busan,3,309,미남,2023-04,20,11158.75,11149.5
busan,3,309,미남,2023-05,23,10733.91304347826,11386.0
busan,3,309,미남,2023-06,22,10820.727272727272,10965.0
busan,3,309,미남,2023-07,21,10435.285714285714,10495.0
busan,3,309,미남,2023-08,23,9991.826086956522,10295.0
busan,3,309,미남,2023-09,21,10637.190476190477,11267.0
busan,3,309,미남,2023-10,22,10842.363636363636,11511.0
busan,3,309,미남,2023-11,22,11354.181818181818,11360.5
busan,3,309,미남,2023-12,21,10991.857142857143,11240.0
busan,3,309,미남,2024-01,23,10579.04347826087,10839.0
busan,3,309,미남,2024-02,21,10553.761904761905,10966.0
busan,3,309,미남,2024-03,21,11247.42857142857,11485.0
busan,3,309,미남,2024-04,22,11377.454545454546,11663.0
busan,3,309,미남,2024-05,23,11233.739130434782,11836.0
busan,3,309,미남,2024-06,20,11452.15,11664.0
busan,3,309,미남,2024-07,23,11096.91304347826,11125.0
busan,3,309,미남,2024-08,22,10396.727272727272,10644.5
busan,3,309,미남,2024-09,21,10422.952380952382,11379.0
busan,3,309,미남,2024-10,23,10837.95652173913,11479.0
busan,3,309,미남,2024-11,21,11518.095238095239,11528.0
busan,3,309,미남,2024-12,22,11379.40909090909,11523.0
busan,3,310,만덕,2022-07,21,6256.523809523809,6316.0
busan,3,310,만덕,2022-08,23,5745.0,5835.0
busan,3,310,만덕,2022-09,22,6279.090909090909,6758.5
busan,3,310,만덕,2022-10,21,6501.0952380952385,6780.0
busan,3,310,만덕,2022-11,22,6645.090909090909,6647.5
busan,3,310,만덕,2022-12,22,6412.636363636364,6402.5
busan,3,310,만덕,2023-01,22,6012.136363636364,6390.5
busan,3,310,만덕,2023-02,20,6583.85,6527.5
busan,3,310,만덕,2023-03,23,6674.695652173913,6818.0
busan,3,310,만덕,2023-04,20,6755.85,6760.5
busan,3,310,만덕,2023-05,23,6468.826086956522,6889.0
busan,3,310,만덕,2023-06,22,6486.590909090909,6599.5
busan,3,310,만덕,2023-07,21,6126.0,6110.0
busan,3,310,만덕,2023-08,23,5781.304347826087,5988.0
busan,3,310,만덕,2023-09,21,6322.761904761905,6643.0
busan,3,310,만덕,2023-10,22,6431.272727272727,6795.5
busan,3,310,만덕,2023-11,22,6658.181818181818,6696.0
busan,3,310,만덕,2023-12,21,6405.428571428572,6546.0
busan,3,310,만덕,2024-01,23,6182.695652173913,6325.0
busan,3,310,만덕,2024-02,21,6160.9047619047615,6359.0
busan,3,310,만덕,2024-03,21,6609.333333333333,6760.0
busan,3,310,만덕,2024-04,22,6715.5,6930.5
busan,3,310,만덕,2024-05,23,6603.695652173913,6890.0
busan,3,310,만덕,2024-06,20,6578.1,6710.5
busan,3,310,만덕,2024-07,23,6298.0,6385.0
busan,3,310,만덕,2024-08,22,5848.318181818182,6021.5
busan,3,310,만덕,2024-09,21,6069.476190476191,6630.0
busan,3,310,만덕,2024-10,23,6298.95652173913,6608.0
busan,3,310,만덕,2024-11,21,6656.285714285715,6668.0
busan,3,310,만덕,2024-12,22,6502.636363636364,6585.0
busan,3,311,남산정,2022-07,21,5425.285714285715,5458.0
busan,3,311,남산정,2022-08,23,5042.739130434783,5075.0
busan,3,311,남산정,2022-09,22,5494.409090909091,5866.5
busan,3,311,남산정,2022-10,21,5877.9047619047615,6093.0
busan,3,311,남산정,2022-11,22,5873.545454545455,5888.5
busan,3,311,남산정,2022-12,22,5454.545454545455,5471.5
busan,3,311,남산정,2023-01,22,5025.636363636364,5289.0
busan,3,311,남산정,2023-02,20,5571.9,5526.0
busan,3,311,남산정,2023-03,23,6047.739130434783,6146.0
busan,3,311,남산정,2023-04,20,6001.75,6078.0
busan,3,311,남산정,2023-05,23,5727.173913043478,6105.0
busan,3,311,남산정,2023-06,22,5732.181818181818,5835.0
busan,3,311,남산정,2023-07,21,5331.571428571428,5354.0
busan,3,311,남산정,2023-08,23,5092.521739130435,5306.0
busan,3,311,남산정,2023-09,21,5606.761904761905,5912.0
busan,3,311,남산정,2023-10,22,5914.227272727273,6205.0
busan,3,311,남산정,2023-11,22,6037.772727272727,6072.0
busan,3,311,남산정,2023-12,21,5606.0,5781.0
busan,3,311,남산정,2024-01,23,5281.739130434783,5388.0
busan,3,311,남산정,2024-02,21,5274.523809523809,5472.0
busan,3,311,남산정,2024-03,21,5980.857142857143,6048.0
busan,3,311,남산정,2024-04,22,5973.5,6188.5
busan,3,311,남산정,2024-05,23,5986.782608695652,6228.0
busan,3,311,남산정,2024-06,20,5970.3,6040.0
busan,3,311,남산정,2024-07,23,5477.173913043478,5574.0
busan,3,311,남산정,2024-08,22,5113.954545454545,5197.5
busan,3,311,남산정,2024-09,21,5349.761904761905,5831.0
busan,3,311,남산정,2024-10,23,5642.173913043478,5919.0
busan,3,311,남산정,2024-11,21,5839.238095238095,5890.0
busan,3,311,남산정,2024-12,22,5569.772727272727,5637.0
busan,3,312,숙등,2022-07,21,3689.6666666666665,3718.0
busan,3,312,숙등,2022-08,23,3413.086956521739,3474.0
busan,3,312,숙등,2022-09,22,3594.590909090909,3865.0
busan,3,312,숙등,2022-10,21,3882.6666666666665,4046.0
busan,3,312,숙등,2022-11,22,4054.3636363636365,4032.0
busan,3,312,숙등,2022-12,22,3855.3636363636365,3858.0
busan,3,312,숙등,2023-01,22,3637.2272727272725,3874.0
busan,3,312,숙등,2023-02,20,4086.0,4084.0
busan,3,312,숙등,2023-03,23,4208.695652173913,4254.0
busan,3,312,숙등,2023-04,20,4269.2,4273.5
busan,3,312,숙등,2023-05,23,4093.2608695652175,4329.0
busan,3,312,숙등,2023-06,22,4144.318181818182,4182.0
busan,3,312,숙등,2023-07,21,4036.4285714285716,4030.0
busan,3,312,숙등,2023-08,23,3873.391304347826,3991.0
busan,3,312,숙등,2023-09,21,4089.4761904761904,4328.0
busan,3,312,숙등,2023-10,22,4135.636363636364,4365.5
busan,3,312,숙등,2023-11,22,4315.181818181818,4309.5
busan,3,312,숙등,2023-12,21,4180.9047619047615,4276.0
busan,3,312,숙등,2024-01,23,4149.086956521739,4235.0
busan,3,312,숙등,2024-02,21,4212.476190476191,4420.0
busan,3,312,숙등,2024-03,21,4589.190476190476,4684.0
busan,3,312,숙등,2024-04,22,4695.818181818182,4780.5
busan,3,312,숙등,2024-05,23,4618.0,4802.0
busan,3,312,숙등,2024-06,20,4660.35,4757.0
busan,3,312,숙등,2024-07,23,4609.260869565217,4635.0
busan,3,312,숙등,2024-08,22,4401.727272727273,4473.0
busan,3,312,숙등,2024-09,21,4397.952380952381,4808.0
busan,3,312,숙등,2024-10,23,4537.826086956522,4768.0
busan,3,312,숙등,2024-11,21,4800.952380952381,4827.0
busan,3,312,숙등,2024-12,22,4642.772727272727,4767.0
busan,3,313,3덕천,2022-07,21,11575.57142857143,11264.0
busan,3,313,3덕천,2022-08,23,10799.826086956522,10667.0
busan,3,313,3덕천,2022-09,22,11590.863636363636,11778.5
busan,3,313,3덕천,2022-10,21,12046.0,11905.0
busan,3,313,3덕천,2022-11,22,12202.09090909091,11648.5
busan,3,313,3덕천,2022-12,22,11679.636363636364,11342.0
busan,3,313,3덕천,2023-01,22,10846.363636363636,11055.0
busan,3,313,3덕천,2023-02,20,12049.35,11442.0
busan,3,313,3덕천,2023-03,23,12251.521739130434,12037.0
busan,3,313,3덕천,2023-04,20,12302.9,12031.0
busan,3,313,3덕천,2023-05,23,11922.652173913044,12193.0
busan,3,313,3덕천,2023-06,22,12043.818181818182,11762.0
busan,3,313,3덕천,2023-07,21,11335.809523809523,11148.0
busan,3,313,3덕천,2023-08,23,11113.434782608696,11137.0
busan,3,313,덕천,2023-09,21,11940.666666666666,11938.0
busan,3,313,덕천,2023-10,22,12369.90909090909,12336.5
busan,3,313,덕천,2023-11,22,12660.318181818182,12188.5
busan,3,313,덕천,2023-12,21,12095.238095238095,11979.0
busan,3,313,덕천,2024-01,23,11481.826086956522,11561.0
busan,3,313,덕천,2024-02,21,11755.380952380952,11873.0
busan,3,313,덕천,2024-03,21,12484.761904761905,12378.0
busan,3,313,덕천,2024-04,22,12761.863636363636,12976.5
busan,3,313,덕천,2024-05,23,12791.304347826086,12579.0
busan,3,313,덕천,2024-06,20,12677.1,12527.5
busan,3,313,덕천,2024-07,23,11709.0,11644.0
busan,3,313,덕천,2024-08,22,11103.0,10870.0
busan,3,313,덕천,2024-09,21,11751.0,12261.0
busan,3,313,덕천,2024-10,23,12416.173913043478,12302.0
busan,3,313,덕천,2024-11,21,12791.809523809523,12514.0
busan,3,313,덕천,2024-12,22,12635.0,12356.5
busan,3,314,구포,2022-07,21,3062.7619047619046,2974.0
busan,3,314,구포,2022-08,23,2928.8695652173915,2869.0
busan,3,314,구포,2022-09,22,3115.0,3057.5
busan,3,314,구포,2022-10,21,3236.9523809523807,3110.0
busan,3,314,구포,2022-11,22,3113.818181818182,2967.0
busan,3,314,구포,2022-12,22,2984.1363636363635,2877.5
busan,3,314,구포,2023-01,22,2832.090909090909,2744.5
busan,3,314,구포,2023-02,20,3082.2,3005.0
busan,3,314,구포,2023-03,23,3342.2608695652175,3134.0
busan,3,314,구포,2023-04,20,3165.65,3083.0
busan,3,314,구포,2023-05,23,3185.1739130434785,3117.0
busan,3,314,구포,2023-06,22,3067.818181818182,2895.5
busan,3,314,구포,2023-07,21,2743.809523809524,2752.0
busan,3,314,구포,2023-08,23,2841.695652173913,2844.0
busan,3,314,구포,2023-09,21,3084.3333333333335,2915.0
busan,3,314,구포,2023-10,22,3233.090909090909,3088.5
busan,3,314,구포,2023-11,22,3139.090909090909,2993.5
busan,3,314,구포,2023-12,21,3021.809523809524,2928.0
busan,3,314,구포,2024-01,23,2833.2608695652175,2748.0
busan,3,314,구포,2024-02,21,3025.904761904762,3007.0
busan,3,314,구포,2024-03,21,3159.3809523809523,3043.0
busan,3,314,구포,2024-04,22,3356.409090909091,3266.5
busan,3,314,구포,2024-05,23,3330.608695652174,3133.0
busan,3,314,구포,2024-06,20,3200.15,3063.5
busan,3,314,구포,2024-07,23,2978.391304347826,2961.0
busan,3,314,구포,2024-08,22,2900.2727272727275,2839.5
busan,3,314,구포,2024-09,21,3140.3809523809523,3020.0
busan,3,314,구포,2024-10,23,3085.3478260869565,3066.0
busan,3,314,구포,2024-11,21,3165.8571428571427,3096.0
busan,3,314,구포,2024-12,22,3083.681818181818,3047.0
busan,3,315,강서구청,2022-07,21,2970.4761904761904,3071.0
busan,3,315,강서구청,2022-08,23,2637.8695652173915,2632.0
busan,3,315,강서구청,2022-09,22,2904.6363636363635,3227.0
busan,3,315,강서구청,2022-10,21,3358.6666666666665,3558.0
busan,3,315,강서구청,2022-11,22,3217.9545454545455,3297.5
busan,3,315,강서구청,2022-12,22,2941.7272727272725,2949.0
busan,3,315,강서구청,2023-01,22,2586.818181818182,2847.0
busan,3,315,강서구청,2023-02,20,2912.95,2926.0
busan,3,315,강서구청,2023-03,23,3366.391304347826,3149.0
busan,3,315,강서구청,2023-04,20,3244.75,3327.0
busan,3,315,강서구청,2023-05,23,3038.782608695652,3385.0
busan,3,315,강서구청,2023-06,22,3147.9545454545455,3188.5
busan,3,315,강서구청,2023-07,21,2727.5238095238096,2687.0
busan,3,315,강서구청,2023-08,23,2673.478260869565,2754.0
busan,3,315,강서구청,2023-09,21,3032.2380952380954,3194.0
busan,3,315,강서구청,2023-10,22,3510.909090909091,3715.0
busan,3,315,강서구청,2023-11,22,3316.1363636363635,3378.5
busan,3,315,강서구청,2023-12,21,2947.5238095238096,3079.0
busan,3,315,강서구청,2024-01,23,2825.4347826086955,2966.0
busan,3,315,강서구청,2024-02,21,2671.2380952380954,2793.0
busan,3,315,강서구청,2024-03,21,3174.904761904762,3157.0
busan,3,315,강서구청,2024-04,22,4020.090909090909,3728.0
busan,3,315,강서구청,2024-05,23,3254.086956521739,3455.0
busan,3,315,강서구청,2024-06,20,3339.35,3399.5
busan,3,315,강서구청,2024-07,23,3002.608695652174,2976.0
busan,3,315,강서구청,2024-08,22,2805.8636363636365,2829.0
busan,3,315,강서구청,2024-09,21,3095.2380952380954,3343.0
busan,3,315,강서구청,2024-10,23,3463.0434782608695,3653.0
busan,3,315,강서구청,2024-11,21,3487.9523809523807,3623.0
busan,3,315,강서구청,2024-12,22,3252.0,3463.0
busan,3,316,체육공원,2022-07,21,941.2857142857143,954.0
busan,3,316,체육공원,2022-08,23,852.3913043478261,873.0
busan,3,316,체육공원,2022-09,22,807.0909090909091,858.5
busan,3,316,체육공원,2022-10,21,1014.6190476190476,1088.0
busan,3,316,체육공원,2022-11,22,1018.6818181818181,1097.0
busan,3,316,체육공원,2022-12,22,943.3181818181819,962.0
busan,3,316,체육공원,2023-01,22,900.2727272727273,922.0
busan,3,316,체육공원,2023-02,20,938.5,994.0
busan,3,316,체육공원,2023-03,23,981.7391304347826,1048.0
busan,3,316,체육공원,2023-04,20,1006.65,1082.5
busan,3,316,체육공원,2023-05,23,1024.4347826086957,1054.0
busan,3,316,체육공원,2023-06,22,969.8636363636364,1009.5
busan,3,316,체육공원,2023-07,21,959.6666666666666,981.0
busan,3,316,체육공원,2023-08,23,939.3913043478261,970.0
busan,3,316,체육공원,2023-09,21,920.047619047619,1006.0
busan,3,316,체육공원,2023-10,22,944.3636363636364,1038.0
busan,3,316,체육공원,2023-11,22,1013.1363636363636,1033.0
busan,3,316,체육공원,2023-12,21,902.4761904761905,979.0
busan,3,316,체육공원,2024-01,23,909.304347826087,999.0
busan,3,316,체육공원,2024-02,21,1045.3809523809523,1013.0
busan,3,316,체육공원,2024-03,21,964.047619047619,1030.0
busan,3,316,체육공원,2024-04,22,1013.5454545454545,1098.5
busan,3,316,체육공원,2024-05,23,1143.5652173913043,1149.0
busan,3,316,체육공원,2024-06,20,1099.45,1151.5
busan,3,316,체육공원,2024-07,23,1077.2173913043478,1058.0
busan,3,316,체육공원,2024-08,22,1013.6363636363636,1048.0
busan,3,316,체육공원,2024-09,21,1025.4285714285713,1176.0
busan,3,316,체육공원,2024-10,23,1130.7826086956522,1169.0
busan,3,316,체육공원,2024-11,21,1105.0,1186.0
busan,3,316,체육공원,2024-12,22,1015.5454545454545,1123.0
busan,3,317,대저,2022-07,21,8278.57142857143,8192.0
busan,3,317,대저,2022-08,23,7567.521739130435,7612.0
busan,3,317,대저,2022-09,22,8092.818181818182,8597.0
busan,3,317,대저,2022-10,21,8621.857142857143,8808.0
busan,3,317,대저,2022-11,22,8831.727272727272,8733.0
busan,3,317,대저,2022-12,22,8306.636363636364,8234.5
busan,3,317,대저,2023-01,22,7640.681818181818,7915.5
busan,3,317,대저,2023-02,20,8316.65,8204.0
busan,3,317,대저,2023-03,23,8786.565217391304,8901.0
busan,3,317,대저,2023-04,20,8876.3,8886.5
busan,3,317,대저,2023-05,23,8533.695652173914,8986.0
busan,3,317,대저,2023-06,22,8588.5,8661.0
busan,3,317,대저,2023-07,21,8064.0,8030.0
busan,3,317,대저,2023-08,23,7855.739130434783,8124.0
busan,3,317,대저,2023-09,21,8781.285714285714,8980.0
busan,3,317,대저,2023-10,22,8990.681818181818,9373.5
busan,3,317,대저,2023-11,22,9333.5,9287.0
busan,3,317,대저,2023-12,21,8773.0,8868.0
busan,3,317,대저,2024-01,23,8256.521739130434,8370.0
busan,3,317,대저,2024-02,21,8299.619047619048,8524.0
busan,3,317,대저,2024-03,21,9137.047619047618,9066.0
busan,3,317,대저,2024-04,22,9411.454545454546,9527.0
busan,3,317,대저,2024-05,23,9331.91304347826,9604.0
busan,3,317,대저,2024-06,20,9211.55,9270.0
busan,3,317,대저,2024-07,23,8722.869565217392,8673.0
busan,3,317,대저,2024-08,22,8435.181818181818,8527.0
busan,3,317,대저,2024-09,21,8827.809523809523,9165.0
busan,3,317,대저,2024-10,23,8887.434782608696,9366.0
busan,3,317,대저,2024-11,21,9524.714285714286,9401.0
busan,3,317,대저,2024-12,22,9120.59090909091,9260.5
busan,4,402,4동래,2022-07,21,2339.6666666666665,2385.0
busan,4,402,4동래,2022-08,23,2103.782608695652,2132.0
busan,4,402,4동래,2022-09,22,2272.3636363636365,2472.0
busan,4,402,4동래,2022-10,21,2422.714285714286,2518.0
busan,4,402,4동래,2022-11,22,2433.9545454545455,2458.0
busan,4,402,4동래,2022-12,22,2358.181818181818,2356.5
busan,4,402,4동래,2023-01,22,2154.818181818182,2258.5
busan,4,402,4동래,2023-02,20,2408.6,2419.5
busan,4,402,4동래,2023-03,23,2464.9565217391305,2522.0
busan,4,402,4동래,2023-04,20,2463.1,2477.0
busan,4,402,4동래,2023-05,23,2374.304347826087,2498.0
busan,4,402,4동래,2023-06,22,2369.681818181818,2414.5
busan,4,402,4동래,2023-07,21,2311.4285714285716,2293.0
busan,4,402,4동래,2023-08,23,2192.9565217391305,2265.0
busan,4,402,동래,2023-09,21,2361.6190476190477,2518.0
busan,4,402,동래,2023-10,22,2451.5454545454545,2603.5
busan,4,402,동래,2023-11,22,2445.2727272727275,2447.0
busan,4,402,동래,2023-12,21,2405.4761904761904,2462.0
busan,4,402,동래,2024-01,23,2298.391304347826,2330.0
busan,4,402,동래,2024-02,21,2300.3809523809523,2400.0
busan,4,402,동래,2024-03,21,2511.5714285714284,2534.0
busan,4,402,동래,2024-04,22,2534.3636363636365,2594.5
busan,4,402,동래,2024-05,23,2507.6521739130435,2628.0
busan,4,402,동래,2024-06,20,2548.05,2598.5
busan,4,402,동래,2024-07,23,2432.478260869565,2430.0
busan,4,402,동래,2024-08,22,2299.8636363636365,2344.5
busan,4,402,동래,2024-09,21,2328.4761904761904,2524.0
busan,4,402,동래,2024-10,23,2458.217391304348,2583.0
busan,4,402,동래,2024-11,21,2550.1428571428573,2541.0
busan,4,402,동래,2024-12,22,2448.4545454545455,2505.5
busan,4,403,수안,2022-07,21,3895.4285714285716,3948.0
busan,4,403,수안,2022-08,23,3606.4347826086955,3619.0
busan,4,403,수안,2022-09,22,3632.909090909091,3887.5
busan,4,403,수안,2022-10,21,3751.7619047619046,3892.0
busan,4,403,수안,2022-11,22,3701.3636363636365,3698.0
busan,4,403,수안,2022-12,22,3671.681818181818,3684.0
busan,4,403,수안,2023-01,22,3438.6363636363635,3658.0
busan,4,403,수안,2023-02,20,3797.5,3800.5
busan,4,403,수안,2023-03,23,3850.2608695652175,3966.0
busan,4,403,수안,2023-04,20,3918.0,3957.5
busan,4,403,수안,2023-05,23,3863.478260869565,4078.0
busan,4,403,수안,2023-06,22,3996.3636363636365,4061.0
busan,4,403,수안,2023-07,21,3968.9523809523807,3954.0
busan,4,403,수안,2023-08,23,3749.695652173913,3903.0
busan,4,403,수안,2023-09,21,3883.4761904761904,4150.0
busan,4,403,수안,2023-10,22,3962.5454545454545,4214.0
busan,4,403,수안,2023-11,22,4051.409090909091,4062.5
busan,4,403,수안,2023-12,21,3963.3333333333335,4059.0
busan,4,403,수안,2024-01,23,3949.9565217391305,3974.0
busan,4,403,수안,2024-02,21,3969.6666666666665,4175.0
busan,4,403,수안,2024-03,21,4244.857142857143,4301.0
busan,4,403,수안,2024-04,22,4220.227272727273,4357.0
busan,4,403,수안,2024-05,23,4266.95652173913,4460.0
busan,4,403,수안,2024-06,20,4413.2,4514.0
busan,4,403,수안,2024-07,23,4358.695652173913,4413.0
busan,4,403,수안,2024-08,22,4139.454545454545,4230.0
busan,4,403,수안,2024-09,21,4021.2380952380954,4406.0
busan,4,403,수안,2024-10,23,4095.4347826086955,4306.0
busan,4,403,수안,2024-11,21,4246.9047619047615,4246.0
busan,4,403,수안,2024-12,22,4240.818181818182,4301.0
busan,4,404,낙민,2022-07,21,1908.6190476190477,1913.0
busan,4,404,낙민,2022-08,23,1726.391304347826,1715.0
busan,4,404,낙민,2022-09,22,1821.5,1975.5
busan,4,404,낙민,2022-10,21,1892.3333333333333,2002.0
busan,4,404,낙민,2022-11,22,1934.5,1962.0
busan,4,404,낙민,2022-12,22,1831.3181818181818,1858.0
busan,4,404,낙민,2023-01,22,1573.4545454545455,1669.5
busan,4,404,낙민,2023-02,20,1800.25,1762.5
busan,4,404,낙민,2023-03,23,1964.7826086956522,2005.0
busan,4,404,낙민,2023-04,20,1988.35,2003.0
busan,4,404,낙민,2023-05,23,1896.1739130434783,2007.0
busan,4,404,낙민,2023-06,22,1931.0454545454545,1968.5
busan,4,404,낙민,2023-07,21,1724.2857142857142,1739.0
busan,4,404,낙민,2023-08,23,1657.0434782608695,1672.0
busan,4,404,낙민,2023-09,21,1860.6666666666667,1976.0
busan,4,404,낙민,2023-10,22,1888.4545454545455,2013.5
busan,4,404,낙민,2023-11,22,1987.3181818181818,1985.0
busan,4,404,낙민,2023-12,21,1869.6666666666667,1923.0
busan,4,404,낙민,2024-01,23,1764.0869565217392,1771.0
busan,4,404,낙민,2024-02,21,1721.7619047619048,1813.0
busan,4,404,낙민,2024-03,21,2050.3333333333335,2120.0
busan,4,404,낙민,2024-04,22,2086.7272727272725,2138.5
busan,4,404,낙민,2024-05,23,2019.5217391304348,2137.0
busan,4,404,낙민,2024-06,20,2116.55,2161.5
busan,4,404,낙민,2024-07,23,2016.0869565217392,2063.0
busan,4,404,낙민,2024-08,22,1806.2272727272727,1834.0
busan,4,404,낙민,2024-09,21,1895.2857142857142,2081.0
busan,4,404,낙민,2024-10,23,1913.0434782608695,2019.0
busan,4,404,낙민,2024-11,21,2041.8095238095239,2060.0
busan,4,404,낙민,2024-12,22,1865.5,1893.5
busan,4,405,충렬사,2022-07,21,3297.4285714285716,3359.0
busan,4,405,충렬사,2022-08,23,2981.4347826086955,3057.0
busan,4,405,충렬사,2022-09,22,3118.6363636363635,3383.5
busan,4,405,충렬사,2022-10,21,3311.904761904762,3486.0
busan,4,405,충렬사,2022-11,22,3368.7272727272725,3386.5
busan,4,405,충렬사,2022-12,22,3319.9545454545455,3297.5
busan,4,405,충렬사,2023-01,22,3019.2727272727275,3208.0
busan,4,405,충렬사,2023-02,20,3436.0,3423.0
busan,4,405,충렬사,2023-03,23,3477.478260869565,3556.0
busan,4,405,충렬사,2023-04,20,3424.45,3492.5
busan,4,405,충렬사,2023-05,23,3296.521739130435,3491.0
busan,4,405,충렬사,2023-06,22,3318.7727272727275,3402.0
busan,4,405,충렬사,2023-07,21,3113.7619047619046,3134.0
busan,4,405,충렬사,2023-08,23,2986.304347826087,3150.0
busan,4,405,충렬사,2023-09,21,3229.2380952380954,3411.0
busan,4,405,충렬사,2023-10,22,3399.9545454545455,3584.0
busan,4,405,충렬사,2023-11,22,3486.2272727272725,3495.0
busan,4,405,충렬사,2023-12,21,3443.809523809524,3509.0
busan,4,405,충렬사,2024-01,23,3316.7391304347825,3374.0
busan,4,405,충렬사,2024-02,21,3285.0,3384.0
busan,4,405,충렬사,2024-03,21,3563.285714285714,3644.0
busan,4,405,충렬사,2024-04,22,3607.8636363636365,3759.5
busan,4,405,충렬사,2024-05,23,3610.9565217391305,3782.0
busan,4,405,충렬사,2024-06,20,3669.25,3735.5
busan,4,405,충렬사,2024-07,23,3426.2608695652175,3534.0
busan,4,405,충렬사,2024-08,22,3168.7727272727275,3209.0
busan,4,405,충렬사,2024-09,21,3283.8571428571427,3624.0
busan,4,405,충렬사,2024-10,23,3504.6521739130435,3709.0
busan,4,405,충렬사,2024-11,21,3669.809523809524,3699.0
busan,4,405,충렬사,2024-12,22,3632.4545454545455,3618.0
busan,4,406,명장,2022-07,21,3283.809523809524,3356.0
busan,4,406,명장,2022-08,23,2949.1739130434785,3022.0
busan,4,406,명장,2022-09,22,3192.8636363636365,3431.0
busan,4,406,명장,2022-10,21,3335.4285714285716,3467.0
busan,4,406,명장,2022-11,22,3391.2272727272725,3427.0
busan,4,406,명장,2022-12,22,3235.8636363636365,3231.0
busan,4,406,명장,2023-01,22,2947.1363636363635,3115.0
busan,4,406,명장,2023-02,20,3250.6,3243.0
busan,4,406,명장,2023-03,23,3413.1739130434785,3511.0
busan,4,406,명장,2023-04,20,3421.1,3472.0
busan,4,406,명장,2023-05,23,3300.4347826086955,3515.0
busan,4,406,명장,2023-06,22,3336.818181818182,3401.5
busan,4,406,명장,2023-07,21,3159.0,3162.0
busan,4,406,명장,2023-08,23,2986.086956521739,3111.0
busan,4,406,명장,2023-09,21,3285.5714285714284,3483.0
busan,4,406,명장,2023-10,22,3362.4545454545455,3554.0
busan,4,406,명장,2023-11,22,3541.0454545454545,3541.5
busan,4,406,명장,2023-12,21,3368.7619047619046,3466.0
busan,4,406,명장,2024-01,23,3133.8260869565215,3217.0
busan,4,406,명장,2024-02,21,3194.0,3301.0
busan,4,406,명장,2024-03,21,3485.0476190476193,3578.0
busan,4,406,명장,2024-04,22,3519.181818181818,3604.5
busan,4,406,명장,2024-05,23,3504.4347826086955,3628.0
busan,4,406,명장,2024-06,20,3527.35,3592.5
busan,4,406,명장,2024-07,23,3311.1304347826085,3322.0
busan,4,406,명장,2024-08,22,3081.2727272727275,3157.0
busan,4,406,명장,2024-09,21,3237.0476190476193,3521.0
busan,4,406,명장,2024-10,23,3373.478260869565,3558.0
busan,4,406,명장,2024-11,21,3533.095238095238,3530.0
busan,4,406,명장,2024-12,22,3391.1363636363635,3444.0
busan,4,407,서동,2022-07,21,2348.7619047619046,2362.0
busan,4,407,서동,2022-08,23,2139.086956521739,2178.0
busan,4,407,서동,2022-09,22,2280.0,2451.5
busan,4,407,서동,2022-10,21,2437.1428571428573,2521.0
busan,4,407,서동,2022-11,22,2430.5,2449.5
busan,4,407,서동,2022-12,22,2341.0,2375.0
busan,4,407,서동,2023-01,22,2187.7727272727275,2327.0
busan,4,407,서동,2023-02,20,2504.25,2500.0
busan,4,407,서동,2023-03,23,2545.782608695652,2604.0
busan,4,407,서동,2023-04,20,2512.4,2553.0
busan,4,407,서동,2023-05,23,2413.9565217391305,2571.0
busan,4,407,서동,2023-06,22,2399.2272727272725,2440.5
busan,4,407,서동,2023-07,21,2225.6190476190477,2218.0
busan,4,407,서동,2023-08,23,2187.5652173913045,2286.0
busan,4,407,서동,2023-09,21,2394.5238095238096,2525.0
busan,4,407,서동,2023-10,22,2494.318181818182,2606.5
busan,4,407,서동,2023-11,22,2567.318181818182,2578.5
busan,4,407,서동,2023-12,21,2427.190476190476,2500.0
busan,4,407,서동,2024-01,23,2376.695652173913,2426.0
busan,4,407,서동,2024-02,21,2363.1428571428573,2486.0
busan,4,407,서동,2024-03,21,2580.285714285714,2642.0
busan,4,407,서동,2024-04,22,2591.090909090909,2666.5
busan,4,407,서동,2024-05,23,2556.2608695652175,2632.0
busan,4,407,서동,2024-06,20,2608.35,2651.0
busan,4,407,서동,2024-07,23,2515.1304347826085,2514.0
busan,4,407,서동,2024-08,22,2304.7727272727275,2379.5
busan,4,407,서동,2024-09,21,2366.285714285714,2556.0
busan,4,407,서동,2024-10,23,2557.7391304347825,2692.0
busan,4,407,서동,2024-11,21,2624.6190476190477,2621.0
busan,4,407,서동,2024-12,22,2533.1363636363635,2564.0
busan,4,408,금사,2022-07,21,2040.3809523809523,2065.0
busan,4,408,금사,2022-08,23,1815.9565217391305,1884.0
busan,4,408,금사,2022-09,22,1904.909090909091,2067.0
busan,4,408,금사,2022-10,21,2020.857142857143,2111.0
busan,4,408,금사,2022-11,22,2059.4545454545455,2067.0
busan,4,408,금사,2022-12,22,2002.0454545454545,2013.0
busan,4,408,금사,2023-01,22,1801.2727272727273,1923.0
busan,4,408,금사,2023-02,20,2089.75,2085.5
busan,4,408,금사,2023-03,23,2259.217391304348,2311.0
busan,4,408,금사,2023-04,20,2260.05,2291.5
busan,4,408,금사,2023-05,23,2111.0434782608695,2276.0
busan,4,408,금사,2023-06,22,2115.909090909091,2207.0
busan,4,408,금사,2023-07,21,1985.4285714285713,1998.0
busan,4,408,금사,2023-08,23,1875.5217391304348,1966.0
busan,4,408,금사,2023-09,21,2049.4285714285716,2209.0
busan,4,408,금사,2023-10,22,2137.6363636363635,2283.0
busan,4,408,금사,2023-11,22,2285.409090909091,2270.0
busan,4,408,금사,2023-12,21,2106.809523809524,2139.0
busan,4,408,금사,2024-01,23,2031.4347826086957,2088.0
busan,4,408,금사,2024-02,21,1983.7142857142858,2074.0
busan,4,408,금사,2024-03,21,2298.0476190476193,2396.0
busan,4,408,금사,2024-04,22,2303.1363636363635,2405.5
busan,4,408,금사,2024-05,23,2235.5652173913045,2373.0
busan,4,408,금사,2024-06,20,2267.1,2337.0
busan,4,408,금사,2024-07,23,2143.6521739130435,2174.0
busan,4,408,금사,2024-08,22,1868.409090909091,1963.5
busan,4,408,금사,2024-09,21,1976.8095238095239,2206.0
busan,4,408,금사,2024-10,23,2096.608695652174,2273.0
busan,4,408,금사,2024-11,21,2269.809523809524,2296.0
busan,4,408,금사,2024-12,22,2143.2727272727275,2206.5
busan,4,409,반여농산물,2022-07,21,2107.7619047619046,2123.0
busan,4,409,반여농산물,2022-08,23,1971.5217391304348,1961.0
busan,4,409,반여농산물,2022-09,22,2158.409090909091,2258.5
busan,4,409,반여농산물,2022-10,21,2130.0476190476193,2209.0
busan,4,409,반여농산물,2022-11,22,2187.590909090909,2208.5
busan,4,409,반여농산물,2022-12,22,1981.4545454545455,2001.5
busan,4,409,반여농산물,2023-01,22,1935.7727272727273,2016.5
busan,4,409,반여농산물,2023-02,20,2109.75,2116.0
busan,4,409,반여농산물,2023-03,23,2235.695652173913,2293.0
busan,4,409,반여농산물,2023-04,20,2234.05,2282.0
busan,4,409,반여농산물,2023-05,23,2172.217391304348,2323.0
busan,4,409,반여농산물,2023-06,22,2142.681818181818,2198.0
busan,4,409,반여농산물,2023-07,21,1949.3333333333333,1919.0
busan,4,409,반여농산물,2023-08,23,1897.9130434782608,1930.0
busan,4,409,반여농산물시장,2023-09,21,2230.095238095238,2283.0
busan,4,409,반여농산물시장,2023-10,22,2193.0,2313.5
busan,4,409,반여농산물시장,2023-11,22,2201.590909090909,2196.5
busan,4,409,반여농산물시장,2023-12,21,1955.5238095238096,2015.0
busan,4,409,반여농산물시장,2024-01,23,1944.9130434782608,1992.0
busan,4,409,반여농산물시장,2024-02,21,1944.1904761904761,1920.0
busan,4,409,반여농산물시장,2024-03,21,2172.0476190476193,2242.0
busan,4,409,반여농산물시장,2024-04,22,2306.181818181818,2387.0
busan,4,409,반여농산물시장,2024-05,23,2286.782608695652,2356.0
busan,4,409,반여농산물시장,2024-06,20,2253.05,2269.0
busan,4,409,반여농산물시장,2024-07,23,1982.3478260869565,2019.0
busan,4,409,반여농산물시장,2024-08,22,1839.090909090909,1871.5
busan,4,409,반여농산물시장,2024-09,21,2018.5238095238096,2255.0
busan,4,409,반여농산물시장,2024-10,23,2086.3478260869565,2121.0
busan,4,409,반여농산물시장,2024-11,21,2160.714285714286,2176.0
busan,4,409,반여농산물시장,2024-12,22,2055.5454545454545,2106.5
busan,4,410,석대,2022-07,21,216.38095238095238,222.0
busan,4,410,석대,2022-08,23,196.30434782608697,200.0
busan,4,410,석대,2022-09,22,210.4090909090909,220.5
busan,4,410,석대,2022-10,21,204.47619047619048,211.0
busan,4,410,석대,2022-11,22,195.63636363636363,194.0
busan,4,410,석대,2022-12,22,166.5909090909091,170.5
busan,4,410,석대,2023-01,22,161.8181818181818,168.0
busan,4,410,석대,2023-02,20,184.4,187.5
busan,4,410,석대,2023-03,23,205.6086956521739,212.0
busan,4,410,석대,2023-04,20,214.45,218.0
busan,4,410,석대,2023-05,23,207.30434782608697,222.0
busan,4,410,석대,2023-06,22,205.54545454545453,211.0
busan,4,410,석대,2023-07,21,196.47619047619048,197.0
busan,4,410,석대,2023-08,23,199.56521739130434,199.0
busan,4,410,석대,2023-09,21,216.0,221.0
busan,4,410,석대,2023-10,22,218.8181818181818,219.0
busan,4,410,석대,2023-11,22,200.63636363636363,197.0
busan,4,410,석대,2023-12,21,172.23809523809524,173.0
busan,4,410,석대,2024-01,23,162.34782608695653,160.0
busan,4,410,석대,2024-02,21,163.1904761904762,174.0
busan,4,410,석대,2024-03,21,187.57142857142858,187.0
busan,4,410,석대,2024-04,22,214.04545454545453,219.0
busan,4,410,석대,2024-05,23,219.91304347826087,224.0
busan,4,410,석대,2024-06,20,221.05,219.5
busan,4,410,석대,2024-07,23,197.56521739130434,206.0
busan,4,410,석대,2024-08,22,186.13636363636363,189.5
busan,4,410,석대,2024-09,21,187.71428571428572,200.0
busan,4,410,석대,2024-10,23,197.82608695652175,199.0
busan,4,410,석대,2024-11,21,193.8095238095238,190.0
busan,4,410,석대,2024-12,22,189.4090909090909,190.5
busan,4,411,영산대,2022-07,21,2676.714285714286,2721.0
busan,4,411,영산대,2022-08,23,2503.391304347826,2500.0
busan,4,411,영산대,2022-09,22,3090.2727272727275,3380.5
busan,4,411,영산대,2022-10,21,3196.095238095238,3349.0
busan,4,411,영산대,2022-11,22,3230.090909090909,3258.0
busan,4,411,영산대,2022-12,22,2903.7272727272725,2932.5
busan,4,411,영산대,2023-01,22,2466.181818181818,2579.0
busan,4,411,영산대,2023-02,20,2649.2,2645.0
busan,4,411,영산대,2023-03,23,3276.782608695652,3407.0
busan,4,411,영산대,2023-04,20,3330.85,3403.5
busan,4,411,영산대,2023-05,23,3153.521739130435,3385.0
busan,4,411,영산대,2023-06,22,3027.2272727272725,3093.5
busan,4,411,영산대,2023-07,21,2629.714285714286,2603.0
busan,4,411,영산대,2023-08,23,2470.3478260869565,2578.0
busan,4,411,영산대,2023-09,21,3100.0,3234.0
busan,4,411,영산대,2023-10,22,3132.5,3317.5
busan,4,411,영산대,2023-11,22,3196.7272727272725,3210.5
busan,4,411,영산대,2023-12,21,2931.3333333333335,2946.0
busan,4,411,영산대,2024-01,23,2534.3478260869565,2615.0
busan,4,411,영산대,2024-02,21,2510.6190476190477,2624.0
busan,4,411,영산대,2024-03,21,3148.2380952380954,3255.0
busan,4,411,영산대,2024-04,22,3191.409090909091,3271.0
busan,4,411,영산대,2024-05,23,3150.5652173913045,3278.0
busan,4,411,영산대,2024-06,20,3113.9,3145.5
busan,4,411,영산대,2024-07,23,2643.6521739130435,2656.0
busan,4,411,영산대,2024-08,22,2528.5,2566.5
busan,4,411,영산대,2024-09,21,2925.6190476190477,3148.0
busan,4,411,영산대,2024-10,23,3090.521739130435,3235.0
busan,4,411,영산대,2024-11,21,3298.7619047619046,3320.0
busan,4,411,영산대,2024-12,22,3101.681818181818,3160.5
busan,4,412,윗반송,2022-07,21,2582.5238095238096,2603.0
busan,4,412,윗반송,2022-08,23,2400.695652173913,2452.0
busan,4,412,윗반송,2022-09,22,2553.681818181818,2768.0
busan,4,412,윗반송,2022-10,21,2680.9523809523807,2753.0
busan,4,412,윗반송,2022-11,22,2690.0454545454545,2701.0
busan,4,412,윗반송,2022-12,22,2561.7727272727275,2585.5
busan,4,412,윗반송,2023-01,22,2442.909090909091,2570.0
busan,4,412,윗반송,2023-02,20,2649.7,2632.5
busan,4,412,윗반송,2023-03,23,2727.8260869565215,2784.0
busan,4,412,윗반송,2023-04,20,2739.2,2780.0
busan,4,412,윗반송,2023-05,23,2659.8695652173915,2807.0
busan,4,412,윗반송,2023-06,22,2644.1363636363635,2710.0
busan,4,412,윗반송,2023-07,21,2454.7619047619046,2471.0
busan,4,412,윗반송,2023-08,23,2402.782608695652,2508.0
busan,4,412,윗반송,2023-09,21,2631.6190476190477,2744.0
busan,4,412,윗반송,2023-10,22,2725.409090909091,2838.0
busan,4,412,윗반송,2023-11,22,2785.090909090909,2810.5
busan,4,412,윗반송,2023-12,21,2622.3333333333335,2662.0
busan,4,412,윗반송,2024-01,23,2585.1739130434785,2652.0
busan,4,412,윗반송,2024-02,21,2568.4285714285716,2645.0
busan,4,412,윗반송,2024-03,21,2746.6666666666665,2834.0
busan,4,412,윗반송,2024-04,22,2773.2727272727275,2860.0
busan,4,412,윗반송,2024-05,23,2826.391304347826,2888.0
busan,4,412,윗반송,2024-06,20,2811.9,2845.0
busan,4,412,윗반송,2024-07,23,2609.0,2583.0
busan,4,412,윗반송,2024-08,22,2400.181818181818,2428.0
busan,4,412,윗반송,2024-09,21,2536.809523809524,2697.0
busan,4,412,윗반송,2024-10,23,2633.8695652173915,2751.0
busan,4,412,윗반송,2024-11,21,2754.285714285714,2783.0
busan,4,412,윗반송,2024-12,22,2695.2727272727275,2733.0
busan,4,413,고촌,2022-07,21,657.0952380952381,654.0
busan,4,413,고촌,2022-08,23,636.3478260869565,642.0
busan,4,413,고촌,2022-09,22,673.2727272727273,705.5
busan,4,413,고촌,2022-10,21,679.6190476190476,709.0
busan,4,413,고촌,2022-11,22,689.6818181818181,692.5
busan,4,413,고촌,2022-12,22,634.0909090909091,630.0
busan,4,413,고촌,2023-01,22,614.9545454545455,641.5
busan,4,413,고촌,2023-02,20,651.15,650.5
busan,4,413,고촌,2023-03,23,681.4347826086956,690.0
busan,4,413,고촌,2023-04,20,680.9,692.5
busan,4,413,고촌,2023-05,23,639.4782608695652,666.0
busan,4,413,고촌,2023-06,22,628.2272727272727,638.5
busan,4,413,고촌,2023-07,21,592.6666666666666,584.0
busan,4,413,고촌,2023-08,23,608.0869565217391,622.0
busan,4,413,고촌,2023-09,21,679.8571428571429,698.0
busan,4,413,고촌,2023-10,22,675.8181818181819,695.0
busan,4,413,고촌,2023-11,22,667.6818181818181,674.5
busan,4,413,고촌,2023-12,21,605.4761904761905,616.0
busan,4,413,고촌,2024-01,23,597.1304347826087,613.0
busan,4,413,고촌,2024-02,21,625.047619047619,641.0
busan,4,413,고촌,2024-03,21,635.8571428571429,645.0
busan,4,413,고촌,2024-04,22,657.4545454545455,678.5
busan,4,413,고촌,2024-05,23,671.4347826086956,678.0
busan,4,413,고촌,2024-06,20,660.85,668.5
busan,4,413,고촌,2024-07,23,640.5217391304348,647.0
busan,4,413,고촌,2024-08,22,610.1363636363636,613.5
busan,4,413,고촌,2024-09,21,639.9047619047619,661.0
busan,4,413,고촌,2024-10,23,638.9130434782609,657.0
busan,4,413,고촌,2024-11,21,651.2857142857143,658.0
busan,4,413,고촌,2024-12,22,626.1818181818181,624.0
busan,4,414,안평,2022-07,21,2116.809523809524,2127.0
busan,4,414,안평,2022-08,23,1975.695652173913,2017.0
busan,4,414,안평,2022-09,22,2118.590909090909,2279.5
busan,4,414,안평,2022-10,21,2158.2380952380954,2241.0
busan,4,414,안평,2022-11,22,2149.590909090909,2164.5
busan,4,414,안평,2022-12,22,2022.6818181818182,2036.0
busan,4,414,안평,2023-01,22,1928.0,2011.0
busan,4,414,안평,2023-02,20,2040.15,2033.0
busan,4,414,안평,2023-03,23,2252.0434782608695,2306.0
busan,4,414,안평,2023-04,20,2260.9,2332.0
busan,4,414,안평,2023-05,23,2193.1304347826085,2329.0
busan,4,414,안평,2023-06,22,2180.590909090909,2242.0
busan,4,414,안평,2023-07,21,2212.0476190476193,2220.0
busan,4,414,안평,2023-08,23,1968.2173913043478,1995.0
busan,4,414,안평,2023-09,21,2141.6190476190477,2245.0
busan,4,414,안평,2023-10,22,2182.5,2235.5
busan,4,414,안평,2023-11,22,2174.1363636363635,2201.5
busan,4,414,안평,2023-12,21,2034.857142857143,2090.0
busan,4,414,안평,2024-01,23,1980.6521739130435,2026.0
busan,4,414,안평,2024-02,21,1917.857142857143,2006.0
busan,4,414,안평,2024-03,21,2139.8571428571427,2222.0
busan,4,414,안평,2024-04,22,2249.9545454545455,2322.0
busan,4,414,안평,2024-05,23,2203.782608695652,2262.0
busan,4,414,안평,2024-06,20,2164.0,2185.0
busan,4,414,안평,2024-07,23,2029.4782608695652,2033.0
busan,4,414,안평,2024-08,22,1916.090909090909,1936.5
busan,4,414,안평,2024-09,21,1989.4761904761904,2099.0
busan,4,414,안평,2024-10,23,2033.7391304347825,2120.0
busan,4,414,안평,2024-11,21,2089.6190476190477,2120.0
busan,4,414,안평,2024-12,22,2057.318181818182,2095.5
seoul,1,150,서울역,2022-07,21,48637.23809523809,47792.0
seoul,1,150,서울역,2022-08,23,47253.565217391304,47666.0
seoul,1,150,서울역,2022-09,22,48905.681818181816,50394.0
seoul,1,150,서울역,2022-10,21,52126.80952380953,52125.0
seoul,1,150,서울역,2022-11,22,53206.27272727273,52241.5
seoul,1,150,서울역,2022-12,22,53911.818181818184,53101.5
seoul,1,150,서울역,2023-01,22,50155.181818181816,50866.5
seoul,1,150,서울역,2023-02,20,56056.45,55315.5
seoul,1,150,서울역,2023-03,23,54460.52173913043,54550.0
seoul,1,150,서울역,2023-04,20,56546.35,55706.5
seoul,1,150,서울역,2023-05,23,55339.86956521739,56111.0
seoul,1,150,서울역,2023-06,22,56448.40909090909,56040.0
seoul,1,150,서울역,2023-07,21,56202.57142857143,54811.0
seoul,1,150,서울역,2023-08,23,53942.0,54497.0
seoul,1,150,서울역,2023-09,21,54382.0,55060.0
seoul,1,150,서울역,2023-10,22,56459.22727272727,57644.0
seoul,1,150,서울역,2023-11,22,59145.59090909091,57783.0
seoul,1,150,서울역,2023-12,21,58085.19047619047,57668.0
seoul,1,150,서울역,2024-01,23,55750.04347826087,55557.0
seoul,1,150,서울역,2024-02,21,57554.47619047619,60353.0
seoul,1,150,서울역,2024-03,21,59149.333333333336,58940.0
seoul,1,150,서울역,2024-04,22,59562.954545454544,59768.0
seoul,1,150,서울역,2024-05,23,58440.04347826087,59956.0
seoul,1,150,서울역,2024-06,20,58248.1,58187.5
seoul,1,150,서울역,2024-07,23,58092.82608695652,57714.0
seoul,1,150,서울역,2024-08,22,56650.27272727273,57087.0
seoul,1,150,서울역,2024-09,21,55000.47619047619,56560.0
seoul,1,150,서울역,2024-10,23,57888.782608695656,59739.0
seoul,1,150,서울역,2024-11,21,60901.142857142855,59625.0
seoul,1,150,서울역,2024-12,22,58871.318181818184,58586.5
seoul,1,151,시청,2022-07,21,24594.0,24701.0
seoul,1,151,시청,2022-08,23,23541.478260869564,23799.0
seoul,1,151,시청,2022-09,22,24855.454545454544,26721.0
seoul,1,151,시청,2022-10,21,27278.333333333332,28199.0
seoul,1,151,시청,2022-11,22,27545.272727272728,27853.0
seoul,1,151,시청,2022-12,22,28036.636363636364,28125.0
seoul,1,151,시청,2023-01,22,24842.227272727272,26678.5
seoul,1,151,시청,2023-02,20,27724.65,27622.0
seoul,1,151,시청,2023-03,23,28483.391304347828,28857.0
seoul,1,151,시청,2023-04,20,29186.1,29400.5
seoul,1,151,시청,2023-05,23,28360.0,29889.0
seoul,1,151,시청,2023-06,22,28413.272727272728,29236.5
seoul,1,151,시청,2023-07,21,28146.238095238095,28115.0
seoul,1,151,시청,2023-08,23,26825.695652173912,27579.0
seoul,1,151,시청,2023-09,21,28173.904761904763,29919.0
seoul,1,151,시청,2023-10,22,28598.909090909092,31037.0
seoul,1,151,시청,2023-11,22,30821.727272727272,30910.0
seoul,1,151,시청,2023-12,21,29738.904761904763,30592.0
seoul,1,151,시청,2024-01,23,28028.521739130436,29100.0
seoul,1,151,시청,2024-02,21,27017.95238095238,29157.0
seoul,1,151,시청,2024-03,21,29657.0,30202.0
seoul,1,151,시청,2024-04,22,29302.636363636364,30223.0
seoul,1,151,시청,2024-05,23,28843.260869565216,30937.0
seoul,1,151,시청,2024-06,20,28722.95,29610.5
seoul,1,151,시청,2024-07,23,27924.347826086956,28356.0
seoul,1,151,시청,2024-08,22,26851.136363636364,26793.0
seoul,1,151,시청,2024-09,21,26342.714285714286,28637.0
seoul,1,151,시청,2024-10,23,29914.82608695652,30175.0
seoul,1,151,시청,2024-11,21,30110.095238095237,30238.0
seoul,1,151,시청,2024-12,22,29466.954545454544,29513.0
seoul,1,152,종각,2022-07,21,39405.90476190476,39372.0
seoul,1,152,종각,2022-08,23,36838.608695652176,37832.0
seoul,1,152,종각,2022-09,22,37145.77272727273,39929.5
seoul,1,152,종각,2022-10,21,39274.28571428572,41472.0
seoul,1,152,종각,2022-11,22,40606.318181818184,40946.5
seoul,1,152,종각,2022-12,22,42418.045454545456,42237.5
seoul,1,152,종각,2023-01,22,39411.454545454544,42437.0
seoul,1,152,종각,2023-02,20,44258.85,44353.5
seoul,1,152,종각,2023-03,23,42557.565217391304,43527.0
seoul,1,152,종각,2023-04,20,43256.25,43472.5
seoul,1,152,종각,2023-05,23,40613.82608695652,43841.0
seoul,1,152,종각,2023-06,22,42128.72727272727,43521.0
seoul,1,152,종각,2023-07,21,44132.52380952381,44213.0
seoul,1,152,종각,2023-08,23,41299.65217391304,42858.0
seoul,1,152,종각,2023-09,21,41057.71428571428,43874.0
seoul,1,152,종각,2023-10,22,40628.0,43765.0
seoul,1,152,종각,2023-11,22,43954.818181818184,44028.0
seoul,1,152,종각,2023-12,21,44459.47619047619,45543.0
seoul,1,152,종각,2024-01,23,43634.52173913043,44897.0
seoul,1,152,종각,2024-02,21,41818.71428571428,45184.0
seoul,1,152,종각,2024-03,21,43487.76190476191,44538.0
seoul,1,152,종각,2024-04,22,42691.59090909091,43823.5
seoul,1,152,종각,2024-05,23,41806.260869565216,44656.0
seoul,1,152,종각,2024-06,20,42969.7,44254.0
seoul,1,152,종각,2024-07,23,43342.82608695652,43314.0
seoul,1,152,종각,2024-08,22,41172.681818181816,42649.5
seoul,1,152,종각,2024-09,21,38995.52380952381,43737.0
seoul,1,152,종각,2024-10,23,41467.086956521736,43959.0
seoul,1,152,종각,2024-11,21,43842.666666666664,43812.0
seoul,1,152,종각,2024-12,22,43921.27272727273,43938.5
seoul,1,153,종로3가,2022-07,21,26594.904761904763,26573.0
seoul,1,153,종로3가,2022-08,23,24268.391304347828,25588.0
seoul,1,153,종로3가,2022-09,22,26365.272727272728,27911.5
seoul,1,153,종로3가,2022-10,21,27662.285714285714,28208.0
seoul,1,153,종로3가,2022-11,22,27415.227272727272,27744.5
seoul,1,153,종로3가,2022-12,22,27234.772727272728,27257.5
seoul,1,153,종로3가,2023-01,22,25889.0,27377.0
seoul,1,153,종로3가,2023-02,20,29021.85,28878.5
seoul,1,153,종로3가,2023-03,23,29061.304347826088,28963.0
seoul,1,153,종로3가,2023-04,20,28382.0,28370.0
seoul,1,153,종로3가,2023-05,23,28454.652173913044,28941.0
seoul,1,153,종로3가,2023-06,22,27872.954545454544,28078.5
seoul,1,153,종로3가,2023-07,21,27186.714285714286,27406.0
seoul,1,153,종로3가,2023-08,23,24891.391304347828,25310.0
seoul,1,153,종로3가,2023-09,21,26688.95238095238,27875.0
seoul,1,153,종로3가,2023-10,22,27851.863636363636,28236.5
seoul,1,153,종로3가,2023-11,22,27092.18181818182,27367.0
seoul,1,153,종로3가,2023-12,21,27259.04761904762,27995.0
seoul,1,153,종로3가,2024-01,23,26373.130434782608,26661.0
seoul,1,153,종로3가,2024-02,21,26074.238095238095,26873.0
seoul,1,153,종로3가,2024-03,21,27724.571428571428,27840.0
seoul,1,153,종로3가,2024-04,22,28139.090909090908,28181.5
seoul,1,153,종로3가,2024-05,23,27966.347826086956,28634.0
seoul,1,153,종로3가,2024-06,20,27535.3,27429.0
seoul,1,153,종로3가,2024-07,23,26202.695652173912,26483.0
seoul,1,153,종로3가,2024-08,22,24625.31818181818,24894.5
seoul,1,153,종로3가,2024-09,21,25017.95238095238,26483.0
seoul,1,153,종로3가,2024-10,23,28083.565217391304,28148.0
seoul,1,153,종로3가,2024-11,21,27632.238095238095,27804.0
seoul,1,153,종로3가,2024-12,22,27709.5,27721.5
seoul,1,154,종로5가,2022-07,21,23615.619047619046,23508.0
seoul,1,154,종로5가,2022-08,23,21791.391304347828,22740.0
seoul,1,154,종로5가,2022-09,22,23340.68181818182,24533.5
seoul,1,154,종로5가,2022-10,21,24713.52380952381,25328.0
seoul,1,154,종로5가,2022-11,22,24518.363636363636,24574.5
seoul,1,154,종로5가,2022-12,22,25588.227272727272,25742.5
seoul,1,154,종로5가,2023-01,22,23569.272727272728,25188.5
seoul,1,154,종로5가,2023-02,20,26451.5,26292.5
seoul,1,154,종로5가,2023-03,23,27032.82608695652,27251.0
seoul,1,154,종로5가,2023-04,20,26836.1,27023.5
seoul,1,154,종로5가,2023-05,23,26509.608695652172,26873.0
seoul,1,154,종로5가,2023-06,22,26416.18181818182,26953.5
seoul,1,154,종로5가,2023-07,21,26108.619047619046,26255.0
seoul,1,154,종로5가,2023-08,23,24817.956521739132,25294.0
seoul,1,154,종로5가,2023-09,21,26065.428571428572,27431.0
seoul,1,154,종로5가,2023-10,22,26653.454545454544,27488.5
seoul,1,154,종로5가,2023-11,22,26988.772727272728,26881.5
seoul,1,154,종로5가,2023-12,21,25928.285714285714,26313.0
seoul,1,154,종로5가,2024-01,23,24623.739130434784,25328.0
seoul,1,154,종로5가,2024-02,21,25233.238095238095,26320.0
seoul,1,154,종로5가,2024-03,21,27760.809523809523,28050.0
seoul,1,154,종로5가,2024-04,22,26616.772727272728,27015.5
seoul,1,154,종로5가,2024-05,23,26183.782608695652,26881.0
seoul,1,154,종로5가,2024-06,20,25952.5,26032.0
seoul,1,154,종로5가,2024-07,23,24884.130434782608,25162.0
seoul,1,154,종로5가,2024-08,22,23953.409090909092,24708.5
seoul,1,154,종로5가,2024-09,21,23796.095238095237,26307.0
seoul,1,154,종로5가,2024-10,23,25915.08695652174,26413.0
seoul,1,154,종로5가,2024-11,21,25565.714285714286,25603.0
seoul,1,154,종로5가,2024-12,22,25080.363636363636,25314.0
seoul,1,155,동대문,2022-07,21,11120.57142857143,11141.0
seoul,1,155,동대문,2022-08,23,10216.217391304348,10781.0
seoul,1,155,동대문,2022-09,22,11173.681818181818,11429.5
seoul,1,155,동대문,2022-10,21,11631.666666666666,11888.0
seoul,1,155,동대문,2022-11,22,11393.727272727272,11413.0
seoul,1,155,동대문,2022-12,22,11525.318181818182,11623.5
seoul,1,155,동대문,2023-01,22,10501.545454545454,10944.0
seoul,1,155,동대문,2023-02,20,11569.25,11513.0
seoul,1,155,동대문,2023-03,23,12065.869565217392,12093.0
seoul,1,155,동대문,2023-04,20,12099.25,12140.5
seoul,1,155,동대문,2023-05,23,12243.130434782608,12469.0
seoul,1,155,동대문,2023-06,22,11915.954545454546,12006.0
seoul,1,155,동대문,2023-07,21,11615.0,11702.0
seoul,1,155,동대문,2023-08,23,10845.826086956522,11321.0
seoul,1,155,동대문,2023-09,21,12280.57142857143,11981.0
seoul,1,155,동대문,2023-10,22,12071.045454545454,12270.5
seoul,1,155,동대문,2023-11,22,11941.681818181818,12058.0
seoul,1,155,동대문,2023-12,21,11909.714285714286,12035.0
seoul,1,155,동대문,2024-01,23,11013.347826086956,11237.0
seoul,1,155,동대문,2024-02,21,11511.047619047618,11618.0
seoul,1,155,동대문,2024-03,21,12431.285714285714,12392.0
seoul,1,155,동대문,2024-04,22,12203.363636363636,12250.0
seoul,1,155,동대문,2024-05,23,12243.521739130434,12571.0
seoul,1,155,동대문,2024-06,20,12350.3,12309.5
seoul,1,155,동대문,2024-07,23,11724.478260869566,11864.0
seoul,1,155,동대문,2024-08,22,11194.5,11424.5
seoul,1,155,동대문,2024-09,21,12181.666666666666,12177.0
seoul,1,155,동대문,2024-10,23,12723.0,12711.0
seoul,1,155,동대문,2024-11,21,12543.380952380952,12554.0
seoul,1,155,동대문,2024-12,22,12556.90909090909,12532.0
seoul,1,156,신설동,2022-07,21,14183.857142857143,14138.0
seoul,1,156,신설동,2022-08,23,12905.782608695652,13390.0
seoul,1,156,신설동,2022-09,22,13968.59090909091,14728.5
seoul,1,156,신설동,2022-10,21,14399.52380952381,15110.0
seoul,1,156,신설동,2022-11,22,14703.545454545454,14727.0
seoul,1,156,신설동,2022-12,22,14541.863636363636,14442.5
seoul,1,156,신설동,2023-01,22,13348.636363636364,14230.5
seoul,1,156,신설동,2023-02,20,14822.95,14773.5
seoul,1,156,신설동,2023-03,23,15269.391304347826,15468.0
seoul,1,156,신설동,2023-04,20,15366.65,15365.5
seoul,1,156,신설동,2023-05,23,14822.478260869566,15520.0
seoul,1,156,신설동,2023-06,22,14957.545454545454,15331.0
seoul,1,156,신설동,2023-07,21,14852.190476190477,14804.0
seoul,1,156,신설동,2023-08,23,13858.0,14083.0
seoul,1,156,신설동,2023-09,21,14748.47619047619,15565.0
seoul,1,156,신설동,2023-10,22,14599.0,15469.0
seoul,1,156,신설동,2023-11,22,15358.863636363636,15322.0
seoul,1,156,신설동,2023-12,21,14889.238095238095,15160.0
seoul,1,156,신설동,2024-01,23,14194.217391304348,14627.0
seoul,1,156,신설동,2024-02,21,14196.333333333334,14798.0
seoul,1,156,신설동,2024-03,21,15920.52380952381,16141.0
seoul,1,156,신설동,2024-04,22,15641.5,16054.0
seoul,1,156,신설동,2024-05,23,15446.217391304348,16196.0
seoul,1,156,신설동,2024-06,20,15572.95,15803.0
seoul,1,156,신설동,2024-07,23,15163.391304347826,15273.0
seoul,1,156,신설동,2024-08,22,14408.363636363636,14564.5
seoul,1,156,신설동,2024-09,21,14548.333333333334,15824.0
seoul,1,156,신설동,2024-10,23,15306.130434782608,16046.0
seoul,1,156,신설동,2024-11,21,15889.142857142857,15863.0
seoul,1,156,신설동,2024-12,22,15295.272727272728,15506.0
seoul,1,157,제기동,2022-07,21,17133.238095238095,17086.0
seoul,1,157,제기동,2022-08,23,16380.434782608696,16607.0
seoul,1,157,제기동,2022-09,22,18026.727272727272,18371.0
seoul,1,157,제기동,2022-10,21,18185.333333333332,18804.0
seoul,1,157,제기동,2022-11,22,17842.454545454544,18065.0
seoul,1,157,제기동,2022-12,22,17244.045454545456,17534.0
seoul,1,157,제기동,2023-01,22,17593.18181818182,18680.0
seoul,1,157,제기동,2023-02,20,18445.95,18535.5
seoul,1,157,제기동,2023-03,23,18787.260869565216,19009.0
seoul,1,157,제기동,2023-04,20,18573.85,18906.5
seoul,1,157,제기동,2023-05,23,18202.782608695652,18730.0
seoul,1,157,제기동,2023-06,22,17971.409090909092,18285.0
seoul,1,157,제기동,2023-07,21,17062.14285714286,17229.0
seoul,1,157,제기동,2023-08,23,16528.695652173912,16869.0
seoul,1,157,제기동,2023-09,21,18568.238095238095,19451.0
seoul,1,157,제기동,2023-10,22,17804.68181818182,18552.5
seoul,1,157,제기동,2023-11,22,17900.18181818182,18149.0
seoul,1,157,제기동,2023-12,21,17105.333333333332,17746.0
seoul,1,157,제기동,2024-01,23,17486.565217391304,17823.0
seoul,1,157,제기동,2024-02,21,17672.809523809523,18578.0
seoul,1,157,제기동,2024-03,21,18389.238095238095,18559.0
seoul,1,157,제기동,2024-04,22,18201.727272727272,18552.0
seoul,1,157,제기동,2024-05,23,18356.08695652174,18908.0
seoul,1,157,제기동,2024-06,20,17980.6,18052.0
seoul,1,157,제기동,2024-07,23,16837.82608695652,17134.0
seoul,1,157,제기동,2024-08,22,16395.31818181818,16369.0
seoul,1,157,제기동,2024-09,21,17231.0,18970.0
seoul,1,157,제기동,2024-10,23,18601.391304347828,19010.0
seoul,1,157,제기동,2024-11,21,18305.0,18457.0
seoul,1,157,제기동,2024-12,22,17826.090909090908,17866.5
seoul,1,158,청량리(서울시립대입구),2022-07,21,20001.761904761905,19856.0
seoul,1,158,청량리(서울시립대입구),2022-08,23,19004.608695652172,19281.0
seoul,1,158,청량리(서울시립대입구),2022-09,22,20740.545454545456,21226.0
seoul,1,158,청량리(서울시립대입구),2022-10,21,20749.14285714286,21410.0
seoul,1,158,청량리(서울시립대입구),2022-11,22,20755.090909090908,20887.5
seoul,1,158,청량리(서울시립대입구),2022-12,22,20197.636363636364,20304.0
seoul,1,158,청량리(서울시립대입구),2023-01,22,19563.136363636364,20516.0
seoul,1,158,청량리(서울시립대입구),2023-02,20,20802.15,20676.5
seoul,1,158,청량리(서울시립대입구),2023-03,23,21926.260869565216,22043.0
seoul,1,158,청량리(서울시립대입구),2023-04,20,21776.7,21980.5
seoul,1,158,청량리(서울시립대입구),2023-05,23,21546.869565217392,22189.0
seoul,1,158,청량리(서울시립대입구),2023-06,22,21305.636363636364,21701.5
seoul,1,158,청량리(서울시립대입구),2023-07,21,20411.809523809523,20927.0
seoul,1,158,청량리(서울시립대입구),2023-08,23,20315.521739130436,20422.0
seoul,1,158,청량리(서울시립대입구),2023-09,21,22698.428571428572,23315.0
seoul,1,158,청량리(서울시립대입구),2023-10,22,22415.136363636364,23336.5
seoul,1,158,청량리(서울시립대입구),2023-11,22,23126.363636363636,23427.5
seoul,1,158,청량리(서울시립대입구),2023-12,21,22633.85714285714,23310.0
seoul,1,158,청량리(서울시립대입구),2024-01,23,22220.869565217392,22846.0
seoul,1,158,청량리(서울시립대입구),2024-02,21,22849.47619047619,23596.0
seoul,1,158,청량리(서울시립대입구),2024-03,21,24681.52380952381,24708.0
seoul,1,158,청량리(서울시립대입구),2024-04,22,24209.727272727272,24489.0
seoul,1,158,청량리(서울시립대입구),2024-05,23,24790.391304347828,25597.0
seoul,1,158,청량리(서울시립대입구),2024-06,20,24688.95,24827.0
seoul,1,158,청량리(서울시립대입구),2024-07,23,23115.652173913044,23601.0
seoul,1,158,청량리(서울시립대입구),2024-08,22,22419.954545454544,22529.0
seoul,1,158,청량리(서울시립대입구),2024-09,21,23132.14285714286,24910.0
seoul,1,158,청량리(서울시립대입구),2024-10,23,24340.82608695652,25070.0
seoul,1,158,청량리(서울시립대입구),2024-11,21,24461.619047619046,24402.0
seoul,1,158,청량리(서울시립대입구),2024-12,22,23848.090909090908,24113.5
seoul,1,159,동묘앞,2022-07,21,7748.857142857143,7674.0
seoul,1,159,동묘앞,2022-08,23,7029.347826086957,7235.0
seoul,1,159,동묘앞,2022-09,22,8533.045454545454,8796.0
seoul,1,159,동묘앞,2022-10,21,8760.095238095239,8959.0
seoul,1,159,동묘앞,2022-11,22,8452.545454545454,8552.0
seoul,1,159,동묘앞,2022-12,22,7854.909090909091,7887.5
seoul,1,159,동묘앞,2023-01,22,7582.318181818182,7881.0
seoul,1,159,동묘앞,2023-02,20,8359.1,8296.0
seoul,1,159,동묘앞,2023-03,23,9408.434782608696,9420.0
seoul,1,159,동묘앞,2023-04,20,8970.15,9039.5
seoul,1,159,동묘앞,2023-05,23,9433.695652173914,9481.0
seoul,1,159,동묘앞,2023-06,22,8947.90909090909,9134.0
seoul,1,159,동묘앞,2023-07,21,8156.714285714285,8338.0
seoul,1,159,동묘앞,2023-08,23,7653.608695652174,7573.0
seoul,1,159,동묘앞,2023-09,21,8665.42857142857,8829.0
seoul,1,159,동묘앞,2023-10,22,9600.818181818182,9456.0
seoul,1,159,동묘앞,2023-11,22,8849.636363636364,9145.0
seoul,1,159,동묘앞,2023-12,21,8389.57142857143,8648.0
seoul,1,159,동묘앞,2024-01,23,8171.826086956522,8206.0
seoul,1,159,동묘앞,2024-02,21,8811.238095238095,9276.0
seoul,1,159,동묘앞,2024-03,21,9607.809523809523,9485.0
seoul,1,159,동묘앞,2024-04,22,9902.863636363636,9921.0
seoul,1,159,동묘앞,2024-05,23,10319.434782608696,10463.0
seoul,1,159,동묘앞,2024-06,20,9606.25,9395.0
seoul,1,159,동묘앞,2024-07,23,8578.869565217392,8794.0
seoul,1,159,동묘앞,2024-08,22,8231.045454545454,8114.5
seoul,1,159,동묘앞,2024-09,21,8876.904761904761,8987.0
seoul,1,159,동묘앞,2024-10,23,9843.782608695652,9828.0
seoul,1,159,동묘앞,2024-11,21,9362.285714285714,9467.0
seoul,1,159,동묘앞,2024-12,22,9078.363636363636,8996.0
seoul,2,201,시청,2022-07,21,25515.761904761905,25620.0
seoul,2,201,시청,2022-08,23,23928.739130434784,24680.0
seoul,2,201,시청,2022-09,22,24305.0,26361.5
seoul,2,201,시청,2022-10,21,25892.095238095237,27610.0
seoul,2,201,시청,2022-11,22,27691.727272727272,27723.0
seoul,2,201,시청,2022-12,22,28331.954545454544,28335.5
seoul,2,201,시청,2023-01,22,25454.68181818182,27672.0
seoul,2,201,시청,2023-02,20,28397.2,28466.5
seoul,2,201,시청,2023-03,23,27926.782608695652,28639.0
seoul,2,201,시청,2023-04,20,29139.55,29499.0
seoul,2,201,시청,2023-05,23,27791.304347826088,29972.0
seoul,2,201,시청,2023-06,22,28421.454545454544,29835.5
seoul,2,201,시청,2023-07,21,29213.380952380954,29349.0
seoul,2,201,시청,2023-08,23,27451.521739130436,28335.0
seoul,2,201,시청,2023-09,21,27743.761904761905,29736.0
seoul,2,201,시청,2023-10,22,27453.136363636364,30087.5
seoul,2,201,시청,2023-11,22,30526.090909090908,30766.5
seoul,2,201,시청,2023-12,21,29808.333333333332,30611.0
seoul,2,201,시청,2024-01,23,28938.434782608696,29870.0
seoul,2,201,시청,2024-02,21,28134.619047619046,30502.0
seoul,2,201,시청,2024-03,21,29930.14285714286,30849.0
seoul,2,201,시청,2024-04,22,29856.227272727272,30847.5
seoul,2,201,시청,2024-05,23,28838.652173913044,31132.0
seoul,2,201,시청,2024-06,20,29581.4,30877.5
seoul,2,201,시청,2024-07,23,30086.217391304348,30318.0
seoul,2,201,시청,2024-08,22,28453.31818181818,28885.0
seoul,2,201,시청,2024-09,21,26966.14285714286,29694.0
seoul,2,201,시청,2024-10,23,29428.521739130436,31379.0
seoul,2,201,시청,2024-11,21,31657.095238095237,31719.0
seoul,2,201,시청,2024-12,22,30891.909090909092,31618.0
seoul,2,202,을지로입구,2022-07,21,43900.52380952381,43903.0
seoul,2,202,을지로입구,2022-08,23,41753.30434782609,42866.0
seoul,2,202,을지로입구,2022-09,22,43229.954545454544,46595.0
seoul,2,202,을지로입구,2022-10,21,45361.380952380954,48088.0
seoul,2,202,을지로입구,2022-11,22,48265.318181818184,48267.0
seoul,2,202,을지로입구,2022-12,22,51503.954545454544,51636.5
seoul,2,202,을지로입구,2023-01,22,45827.5,48757.0
seoul,2,202,을지로입구,2023-02,20,50153.75,50134.0
seoul,2,202,을지로입구,2023-03,23,49685.47826086957,50962.0
seoul,2,202,을지로입구,2023-04,20,51388.8,51954.0
seoul,2,202,을지로입구,2023-05,23,48825.086956521736,51705.0
seoul,2,202,을지로입구,2023-06,22,50694.5,52628.0
seoul,2,202,을지로입구,2023-07,21,52150.95238095238,52313.0
seoul,2,202,을지로입구,2023-08,23,49521.04347826087,50965.0
seoul,2,202,을지로입구,2023-09,21,50015.142857142855,53403.0
seoul,2,202,을지로입구,2023-10,22,49398.5,53303.0
seoul,2,202,을지로입구,2023-11,22,53859.59090909091,54023.0
seoul,2,202,을지로입구,2023-12,21,54689.57142857143,55188.0
seoul,2,202,을지로입구,2024-01,23,50979.52173913043,52733.0
seoul,2,202,을지로입구,2024-02,21,50274.333333333336,53808.0
seoul,2,202,을지로입구,2024-03,21,53369.09523809524,54558.0
seoul,2,202,을지로입구,2024-04,22,53558.181818181816,55121.5
seoul,2,202,을지로입구,2024-05,23,51162.47826086957,54107.0
seoul,2,202,을지로입구,2024-06,20,53449.8,54834.0
seoul,2,202,을지로입구,2024-07,23,53495.391304347824,53815.0
seoul,2,202,을지로입구,2024-08,22,51812.5,53021.0
seoul,2,202,을지로입구,2024-09,21,49531.57142857143,54547.0
seoul,2,202,을지로입구,2024-10,23,52258.52173913043,55266.0
seoul,2,202,을지로입구,2024-11,21,55300.333333333336,55285.0
seoul,2,202,을지로입구,2024-12,22,57304.181818181816,56511.0
seoul,2,203,을지로3가,2022-07,21,25136.095238095237,25222.0
seoul,2,203,을지로3가,2022-08,23,23406.434782608696,24115.0
seoul,2,203,을지로3가,2022-09,22,23799.363636363636,25618.0
seoul,2,203,을지로3가,2022-10,21,24790.571428571428,26261.0
seoul,2,203,을지로3가,2022-11,22,26191.863636363636,26210.5
seoul,2,203,을지로3가,2022-12,22,26559.454545454544,26494.0
seoul,2,203,을지로3가,2023-01,22,24183.545454545456,25948.5
seoul,2,203,을지로3가,2023-02,20,26708.25,26674.0
seoul,2,203,을지로3가,2023-03,23,26401.130434782608,26895.0
seoul,2,203,을지로3가,2023-04,20,27609.85,27681.5
seoul,2,203,을지로3가,2023-05,23,25746.0,27679.0
seoul,2,203,을지로3가,2023-06,22,26634.772727272728,27580.0
seoul,2,203,을지로3가,2023-07,21,27428.238095238095,27694.0
seoul,2,203,을지로3가,2023-08,23,25680.608695652172,26598.0
seoul,2,203,을지로3가,2023-09,21,25825.333333333332,27854.0
seoul,2,203,을지로3가,2023-10,22,25369.772727272728,27655.5
seoul,2,203,을지로3가,2023-11,22,27941.545454545456,28011.0
seoul,2,203,을지로3가,2023-12,21,27663.238095238095,28057.0
seoul,2,203,을지로3가,2024-01,23,26822.739130434784,27587.0
seoul,2,203,을지로3가,2024-02,21,26272.666666666668,28199.0
seoul,2,203,을지로3가,2024-03,21,27903.428571428572,28469.0
seoul,2,203,을지로3가,2024-04,22,27922.68181818182,28465.5
seoul,2,203,을지로3가,2024-05,23,26680.217391304348,28447.0
seoul,2,203,을지로3가,2024-06,20,27492.4,28236.0
seoul,2,203,을지로3가,2024-07,23,27981.391304347828,28136.0
seoul,2,203,을지로3가,2024-08,22,26396.5,26997.5
seoul,2,203,을지로3가,2024-09,21,24959.85714285714,27731.0
seoul,2,203,을지로3가,2024-10,23,26174.695652173912,27742.0
seoul,2,203,을지로3가,2024-11,21,28162.85714285714,27880.0
seoul,2,203,을지로3가,2024-12,22,27981.590909090908,28134.0
seoul,2,204,을지로4가,2022-07,21,14056.190476190477,14062.0
seoul,2,204,을지로4가,2022-08,23,13207.173913043478,13889.0
seoul,2,204,을지로4가,2022-09,22,13559.90909090909,14625.5
seoul,2,204,을지로4가,2022-10,21,14203.666666666666,14964.0
seoul,2,204,을지로4가,2022-11,22,14929.227272727272,14983.5
seoul,2,204,을지로4가,2022-12,22,15314.636363636364,15296.0
seoul,2,204,을지로4가,2023-01,22,13573.545454545454,14785.0
seoul,2,204,을지로4가,2023-02,20,15344.8,15342.0
seoul,2,204,을지로4가,2023-03,23,15322.608695652174,15643.0
seoul,2,204,을지로4가,2023-04,20,15604.85,15607.5
seoul,2,204,을지로4가,2023-05,23,14766.08695652174,15531.0
seoul,2,204,을지로4가,2023-06,22,15268.727272727272,15580.5
seoul,2,204,을지로4가,2023-07,21,15452.857142857143,15517.0
seoul,2,204,을지로4가,2023-08,23,14616.869565217392,15097.0
seoul,2,204,을지로4가,2023-09,21,15065.52380952381,16226.0
seoul,2,204,을지로4가,2023-10,22,14903.863636363636,15974.0
seoul,2,204,을지로4가,2023-11,22,15867.772727272728,15883.0
seoul,2,204,을지로4가,2023-12,21,15223.619047619048,15633.0
seoul,2,204,을지로4가,2024-01,23,14568.217391304348,15070.0
seoul,2,204,을지로4가,2024-02,21,14411.42857142857,15415.0
seoul,2,204,을지로4가,2024-03,21,15802.380952380952,16127.0
seoul,2,204,을지로4가,2024-04,22,15832.181818181818,16048.0
seoul,2,204,을지로4가,2024-05,23,15220.173913043478,16040.0
seoul,2,204,을지로4가,2024-06,20,15723.0,15998.5
seoul,2,204,을지로4가,2024-07,23,15738.869565217392,15901.0
seoul,2,204,을지로4가,2024-08,22,15065.09090909091,15440.5
seoul,2,204,을지로4가,2024-09,21,14534.904761904761,16180.0
seoul,2,204,을지로4가,2024-10,23,15374.652173913044,16252.0
seoul,2,204,을지로4가,2024-11,21,16142.904761904761,16010.0
seoul,2,204,을지로4가,2024-12,22,15747.954545454546,15940.5
seoul,2,205,동대문역사문화공원(DDP),2022-07,21,13170.333333333334,13058.0
seoul,2,205,동대문역사문화공원(DDP),2022-08,23,12137.739130434782,12381.0
seoul,2,205,동대문역사문화공원(DDP),2022-09,22,12818.045454545454,13317.0
seoul,2,205,동대문역사문화공원(DDP),2022-10,21,14177.142857142857,14447.0
seoul,2,205,동대문역사문화공원(DDP),2022-11,22,13783.09090909091,13703.5
seoul,2,205,동대문역사문화공원(DDP),2022-12,22,14397.681818181818,14457.5
seoul,2,205,동대문역사문화공원(DDP),2023-01,22,13077.045454545454,13597.5
seoul,2,205,동대문역사문화공원(DDP),2023-02,20,14182.15,14107.5
seoul,2,205,동대문역사문화공원(DDP),2023-03,23,15589.08695652174,15502.0
seoul,2,205,동대문역사문화공원(DDP),2023-04,20,15728.1,15629.5
seoul,2,205,동대문역사문화공원(DDP),2023-05,23,15577.304347826086,15654.0
seoul,2,205,동대문역사문화공원(DDP),2023-06,22,15562.954545454546,15493.5
seoul,2,205,동대문역사문화공원(DDP),2023-07,21,15580.47619047619,15389.0
seoul,2,205,동대문역사문화공원(DDP),2023-08,23,14621.869565217392,14807.0
seoul,2,205,동대문역사문화공원(DDP),2023-09,21,15595.142857142857,15515.0
seoul,2,205,동대문역사문화공원(DDP),2023-10,22,15504.863636363636,15919.5
seoul,2,205,동대문역사문화공원(DDP),2023-11,22,16039.954545454546,15823.0
seoul,2,205,동대문역사문화공원(DDP),2023-12,21,15842.238095238095,15837.0
seoul,2,205,동대문역사문화공원(DDP),2024-01,23,14074.04347826087,14264.0
seoul,2,205,동대문역사문화공원(DDP),2024-02,21,14522.047619047618,15171.0
seoul,2,205,동대문역사문화공원(DDP),2024-03,21,16244.42857142857,16414.0
seoul,2,205,동대문역사문화공원(DDP),2024-04,22,16328.0,16277.0
seoul,2,205,동대문역사문화공원(DDP),2024-05,23,16135.08695652174,16204.0
seoul,2,205,동대문역사문화공원(DDP),2024-06,20,16345.3,16320.5
seoul,2,205,동대문역사문화공원(DDP),2024-07,23,16222.347826086956,16187.0
seoul,2,205,동대문역사문화공원(DDP),2024-08,22,15396.136363636364,15594.0
seoul,2,205,동대문역사문화공원(DDP),2024-09,21,15047.666666666666,15510.0
seoul,2,205,동대문역사문화공원(DDP),2024-10,23,16620.17391304348,16497.0
seoul,2,205,동대문역사문화공원(DDP),2024-11,21,16553.52380952381,16387.0
seoul,2,205,동대문역사문화공원(DDP),2024-12,22,16600.545454545456,16249.5
seoul,2,206,신당,2022-07,21,14524.714285714286,14480.0
seoul,2,206,신당,2022-08,23,13552.782608695652,13921.0
seoul,2,206,신당,2022-09,22,14368.545454545454,15032.5
seoul,2,206,신당,2022-10,21,14693.285714285714,15323.0
seoul,2,206,신당,2022-11,22,15053.227272727272,15105.0
seoul,2,206,신당,2022-12,22,15087.727272727272,15227.5
seoul,2,206,신당,2023-01,22,13817.045454545454,14687.5
seoul,2,206,신당,2023-02,20,15392.75,15331.5
seoul,2,206,신당,2023-03,23,15872.565217391304,16046.0
seoul,2,206,신당,2023-04,20,16152.55,16129.0
seoul,2,206,신당,2023-05,23,15564.695652173914,16210.0
seoul,2,206,신당,2023-06,22,15620.772727272728,15897.0
seoul,2,206,신당,2023-07,21,15456.190476190477,15498.0
seoul,2,206,신당,2023-08,23,14489.695652173914,14618.0
seoul,2,206,신당,2023-09,21,15194.047619047618,15955.0
seoul,2,206,신당,2023-10,22,15126.90909090909,15874.0
seoul,2,206,신당,2023-11,22,15833.545454545454,15822.0
seoul,2,206,신당,2023-12,21,15557.761904761905,15777.0
seoul,2,206,신당,2024-01,23,14958.95652173913,15304.0
seoul,2,206,신당,2024-02,21,14904.809523809523,15525.0
seoul,2,206,신당,2024-03,21,16251.047619047618,16148.0
seoul,2,206,신당,2024-04,22,16303.90909090909,16328.5
seoul,2,206,신당,2024-05,23,16006.434782608696,16653.0
seoul,2,206,신당,2024-06,20,15875.5,16019.5
seoul,2,206,신당,2024-07,23,15598.652173913044,15546.0
seoul,2,206,신당,2024-08,22,14912.863636363636,15022.5
seoul,2,206,신당,2024-09,21,14873.47619047619,16201.0
seoul,2,206,신당,2024-10,23,15900.521739130434,16562.0
seoul,2,206,신당,2024-11,21,16578.619047619046,16538.0
seoul,2,206,신당,2024-12,22,16323.545454545454,16444.5
seoul,2,207,상왕십리,2022-07,21,15011.142857142857,14988.0
seoul,2,207,상왕십리,2022-08,23,13942.0,14330.0
seoul,2,207,상왕십리,2022-09,22,14777.136363636364,15715.0
seoul,2,207,상왕십리,2022-10,21,14927.095238095239,15668.0
seoul,2,207,상왕십리,2022-11,22,15448.5,15440.5
seoul,2,207,상왕십리,2022-12,22,15511.727272727272,15471.0
seoul,2,207,상왕십리,2023-01,22,14183.272727272728,15193.5
seoul,2,207,상왕십리,2023-02,20,15542.55,15512.5
seoul,2,207,상왕십리,2023-03,23,15894.95652173913,16228.0
seoul,2,207,상왕십리,2023-04,20,16160.25,16146.0
seoul,2,207,상왕십리,2023-05,23,15330.782608695652,16194.0
seoul,2,207,상왕십리,2023-06,22,15619.0,16045.0
seoul,2,207,상왕십리,2023-07,21,15610.666666666666,15599.0
seoul,2,207,상왕십리,2023-08,23,14581.08695652174,14800.0
seoul,2,207,상왕십리,2023-09,21,15218.238095238095,16183.0
seoul,2,207,상왕십리,2023-10,22,15059.0,16146.0
seoul,2,207,상왕십리,2023-11,22,15980.045454545454,16049.0
seoul,2,207,상왕십리,2023-12,21,15622.619047619048,16034.0
seoul,2,207,상왕십리,2024-01,23,14945.95652173913,15428.0
seoul,2,207,상왕십리,2024-02,21,14789.666666666666,15702.0
seoul,2,207,상왕십리,2024-03,21,16247.57142857143,16582.0
seoul,2,207,상왕십리,2024-04,22,16189.545454545454,16477.0
seoul,2,207,상왕십리,2024-05,23,15742.478260869566,16601.0
seoul,2,207,상왕십리,2024-06,20,15922.9,16321.5
seoul,2,207,상왕십리,2024-07,23,15736.0,15717.0
seoul,2,207,상왕십리,2024-08,22,14778.227272727272,15092.5
seoul,2,207,상왕십리,2024-09,21,14656.333333333334,16205.0
seoul,2,207,상왕십리,2024-10,23,15354.608695652174,16200.0
seoul,2,207,상왕십리,2024-11,21,16554.52380952381,16546.0
seoul,2,207,상왕십리,2024-12,22,15919.5,16375.5
seoul,2,208,왕십리(성동구청),2022-07,21,16755.47619047619,16673.0
seoul,2,208,왕십리(성동구청),2022-08,23,15534.695652173914,15930.0
seoul,2,208,왕십리(성동구청),2022-09,22,17297.31818181818,18154.0
seoul,2,208,왕십리(성동구청),2022-10,21,17298.95238095238,17917.0
seoul,2,208,왕십리(성동구청),2022-11,22,17898.136363636364,17854.5
seoul,2,208,왕십리(성동구청),2022-12,22,17815.68181818182,17569.0
seoul,2,208,왕십리(성동구청),2023-01,22,15429.636363636364,16209.5
seoul,2,208,왕십리(성동구청),2023-02,20,16971.55,16927.0
seoul,2,208,왕십리(성동구청),2023-03,23,18337.565217391304,18575.0
seoul,2,208,왕십리(성동구청),2023-04,20,18021.6,17765.0
seoul,2,208,왕십리(성동구청),2023-05,23,17279.695652173912,18020.0
seoul,2,208,왕십리(성동구청),2023-06,22,16917.045454545456,17107.0
seoul,2,208,왕십리(성동구청),2023-07,21,16378.57142857143,16466.0
seoul,2,208,왕십리(성동구청),2023-08,23,15254.521739130434,15513.0
seoul,2,208,왕십리(성동구청),2023-09,21,16716.428571428572,17551.0
seoul,2,208,왕십리(성동구청),2023-10,22,16303.818181818182,17101.5
seoul,2,208,왕십리(성동구청),2023-11,22,17532.909090909092,17381.5
seoul,2,208,왕십리(성동구청),2023-12,21,17160.52380952381,17317.0
seoul,2,208,왕십리(성동구청),2024-01,23,15567.0,15929.0
seoul,2,208,왕십리(성동구청),2024-02,21,15736.285714285714,16464.0
seoul,2,208,왕십리(성동구청),2024-03,21,18349.85714285714,18472.0
seoul,2,208,왕십리(성동구청),2024-04,22,17727.772727272728,17850.0
seoul,2,208,왕십리(성동구청),2024-05,23,17600.782608695652,18152.0
seoul,2,208,왕십리(성동구청),2024-06,20,17144.55,17414.0
seoul,2,208,왕십리(성동구청),2024-07,23,16477.0,16466.0
seoul,2,208,왕십리(성동구청),2024-08,22,15578.90909090909,15637.0
seoul,2,208,왕십리(성동구청),2024-09,21,16155.714285714286,17663.0
seoul,2,208,왕십리(성동구청),2024-10,23,16707.565217391304,17331.0
seoul,2,208,왕십리(성동구청),2024-11,21,17854.619047619046,17878.0
seoul,2,208,왕십리(성동구청),2024-12,22,17354.954545454544,17620.0
seoul,2,209,한양대,2022-07,21,8332.380952380952,8079.0
seoul,2,209,한양대,2022-08,23,7078.478260869565,7190.0
seoul,2,209,한양대,2022-09,22,14073.318181818182,15456.5
seoul,2,209,한양대,2022-10,21,14113.0,15196.0
seoul,2,209,한양대,2022-11,22,14619.181818181818,14858.5
seoul,2,209,한양대,2022-12,22,12181.863636363636,12641.5
seoul,2,209,한양대,2023-01,22,7835.227272727273,8265.0
seoul,2,209,한양대,2023-02,20,8362.5,8182.5
seoul,2,209,한양대,2023-03,23,16357.869565217392,17341.0
seoul,2,209,한양대,2023-04,20,16392.95,16843.5
seoul,2,209,한양대,2023-05,23,15558.565217391304,16573.0
seoul,2,209,한양대,2023-06,22,12897.454545454546,14001.0
seoul,2,209,한양대,2023-07,21,9632.809523809523,9444.0
seoul,2,209,한양대,2023-08,23,8087.521739130435,8206.0
seoul,2,209,한양대,2023-09,21,14938.952380952382,16470.0
seoul,2,209,한양대,2023-10,22,13994.90909090909,15523.0
seoul,2,209,한양대,2023-11,22,15275.681818181818,15426.0
seoul,2,209,한양대,2023-12,21,12675.0,13544.0
seoul,2,209,한양대,2024-01,23,8686.565217391304,8665.0
seoul,2,209,한양대,2024-02,21,7986.619047619048,8185.0
seoul,2,209,한양대,2024-03,21,16686.904761904763,17594.0
seoul,2,209,한양대,2024-04,22,16395.409090909092,17075.0
seoul,2,209,한양대,2024-05,23,15745.130434782608,16662.0
seoul,2,209,한양대,2024-06,20,13533.55,14457.0
seoul,2,209,한양대,2024-07,23,9739.478260869566,9472.0
seoul,2,209,한양대,2024-08,22,8117.909090909091,8287.0
seoul,2,209,한양대,2024-09,21,14459.047619047618,16619.0
seoul,2,209,한양대,2024-10,23,14444.304347826086,15751.0
seoul,2,209,한양대,2024-11,21,15446.714285714286,15519.0
seoul,2,209,한양대,2024-12,22,12845.636363636364,14055.5
seoul,2,210,뚝섬,2022-07,21,23696.809523809523,23692.0
seoul,2,210,뚝섬,2022-08,23,21981.260869565216,22506.0
seoul,2,210,뚝섬,2022-09,22,22612.727272727272,24243.0
seoul,2,210,뚝섬,2022-10,21,23017.85714285714,24323.0
seoul,2,210,뚝섬,2022-11,22,23947.18181818182,24133.5
seoul,2,210,뚝섬,2022-12,22,23992.31818181818,24143.5
seoul,2,210,뚝섬,2023-01,22,22508.31818181818,24404.0
seoul,2,210,뚝섬,2023-02,20,25190.95,25382.5
seoul,2,210,뚝섬,2023-03,23,24846.739130434784,24842.0
seoul,2,210,뚝섬,2023-04,20,25962.95,25840.0
seoul,2,210,뚝섬,2023-05,23,24457.782608695652,25817.0
seoul,2,210,뚝섬,2023-06,22,24922.909090909092,25190.5
seoul,2,210,뚝섬,2023-07,21,25413.714285714286,25695.0
seoul,2,210,뚝섬,2023-08,23,24029.782608695652,24337.0
seoul,2,210,뚝섬,2023-09,21,24040.04761904762,25582.0
seoul,2,210,뚝섬,2023-10,22,24873.18181818182,26106.0
seoul,2,210,뚝섬,2023-11,22,26209.590909090908,26073.5
seoul,2,210,뚝섬,2023-12,21,26188.04761904762,26236.0
seoul,2,210,뚝섬,2024-01,23,25310.565217391304,25921.0
seoul,2,210,뚝섬,2024-02,21,25096.52380952381,26363.0
seoul,2,210,뚝섬,2024-03,21,26560.619047619046,26775.0
seoul,2,210,뚝섬,2024-04,22,28277.863636363636,28004.5
seoul,2,210,뚝섬,2024-05,23,26488.739130434784,27705.0
seoul,2,210,뚝섬,2024-06,20,26898.8,27000.5
seoul,2,210,뚝섬,2024-07,23,26587.608695652172,26551.0
seoul,2,210,뚝섬,2024-08,22,25373.090909090908,25688.5
seoul,2,210,뚝섬,2024-09,21,24454.190476190477,27167.0
seoul,2,210,뚝섬,2024-10,23,27195.82608695652,28011.0
seoul,2,210,뚝섬,2024-11,21,28257.380952380954,28115.0
seoul,2,210,뚝섬,2024-12,22,27284.68181818182,27475.5
seoul,2,211,성수,2022-07,21,40191.04761904762,40320.0
seoul,2,211,성수,2022-08,23,37290.260869565216,38459.0
seoul,2,211,성수,2022-09,22,37446.13636363636,40176.0
seoul,2,211,성수,2022-10,21,38751.09523809524,40808.0
seoul,2,211,성수,2022-11,22,41692.318181818184,41772.5
seoul,2,211,성수,2022-12,22,42936.181818181816,42945.5
seoul,2,211,성수,2023-01,22,39882.36363636364,42950.0
seoul,2,211,성수,2023-02,20,44844.4,45199.0
seoul,2,211,성수,2023-03,23,42532.52173913043,43247.0
seoul,2,211,성수,2023-04,20,42953.85,42969.5
seoul,2,211,성수,2023-05,23,40886.608695652176,42973.0
seoul,2,211,성수,2023-06,22,41406.954545454544,42099.5
seoul,2,211,성수,2023-07,21,43241.71428571428,43315.0
seoul,2,211,성수,2023-08,23,40243.17391304348,41238.0
seoul,2,211,성수,2023-09,21,40188.04761904762,43078.0
seoul,2,211,성수,2023-10,22,41457.318181818184,43348.0
seoul,2,211,성수,2023-11,22,44143.22727272727,43882.5
seoul,2,211,성수,2023-12,21,45558.52380952381,45747.0
seoul,2,211,성수,2024-01,23,43318.391304347824,44556.0
seoul,2,211,성수,2024-02,21,43904.57142857143,46789.0
seoul,2,211,성수,2024-03,21,46064.666666666664,46691.0
seoul,2,211,성수,2024-04,22,46250.09090909091,46610.0
seoul,2,211,성수,2024-05,23,45000.04347826087,46173.0
seoul,2,211,성수,2024-06,20,45928.6,46581.0
seoul,2,211,성수,2024-07,23,46633.30434782609,46943.0
seoul,2,211,성수,2024-08,22,44472.59090909091,45010.5
seoul,2,211,성수,2024-09,21,42878.76190476191,46878.0
seoul,2,211,성수,2024-10,23,47895.260869565216,49012.0
seoul,2,211,성수,2024-11,21,50077.09523809524,49026.0
seoul,2,211,성수,2024-12,22,51846.22727272727,51690.0
seoul,2,212,건대입구,2022-07,21,35774.380952380954,35390.0
seoul,2,212,건대입구,2022-08,23,33358.260869565216,33847.0
seoul,2,212,건대입구,2022-09,22,35873.36363636364,36599.5
seoul,2,212,건대입구,2022-10,21,36084.09523809524,36216.0
seoul,2,212,건대입구,2022-11,22,36859.181818181816,36453.0
seoul,2,212,건대입구,2022-12,22,37479.36363636364,37513.0
seoul,2,212,건대입구,2023-01,22,35052.545454545456,36359.0
seoul,2,212,건대입구,2023-02,20,38290.95,37851.5
seoul,2,212,건대입구,2023-03,23,39330.52173913043,39021.0
seoul,2,212,건대입구,2023-04,20,38546.95,38057.0
seoul,2,212,건대입구,2023-05,23,38746.739130434784,39211.0
seoul,2,212,건대입구,2023-06,22,37621.0,37898.5
seoul,2,212,건대입구,2023-07,21,36261.28571428572,35712.0
seoul,2,212,건대입구,2023-08,23,34454.608695652176,34758.0
seoul,2,212,건대입구,2023-09,21,36568.09523809524,37466.0
seoul,2,212,건대입구,2023-10,22,36854.86363636364,36773.5
seoul,2,212,건대입구,2023-11,22,37832.5,37309.0
seoul,2,212,건대입구,2023-12,21,38598.333333333336,38457.0
seoul,2,212,건대입구,2024-01,23,36425.52173913043,36154.0
seoul,2,212,건대입구,2024-02,21,36598.0,37490.0
seoul,2,212,건대입구,2024-03,21,39839.0,39389.0
seoul,2,212,건대입구,2024-04,22,39496.045454545456,39162.0
seoul,2,212,건대입구,2024-05,23,39511.434782608696,39457.0
seoul,2,212,건대입구,2024-06,20,38295.7,37718.5
seoul,2,212,건대입구,2024-07,23,36117.565217391304,35916.0
seoul,2,212,건대입구,2024-08,22,34501.318181818184,34712.0
seoul,2,212,건대입구,2024-09,21,35009.52380952381,37282.0
seoul,2,212,건대입구,2024-10,23,37665.217391304344,37054.0
seoul,2,212,건대입구,2024-11,21,38908.28571428572,38272.0
seoul,2,212,건대입구,2024-12,22,39232.63636363636,38628.5
seoul,2,213,구의(광진구청),2022-07,21,24611.238095238095,24558.0
seoul,2,213,구의(광진구청),2022-08,23,23077.695652173912,23512.0
seoul,2,213,구의(광진구청),2022-09,22,24186.090909090908,25668.0
seoul,2,213,구의(광진구청),2022-10,21,24854.04761904762,26209.0
seoul,2,213,구의(광진구청),2022-11,22,25855.727272727272,25982.0
seoul,2,213,구의(광진구청),2022-12,22,25920.590909090908,25915.0
seoul,2,213,구의(광진구청),2023-01,22,24074.272727272728,25854.5
seoul,2,213,구의(광진구청),2023-02,20,26446.95,26479.5
seoul,2,213,구의(광진구청),2023-03,23,26286.869565217392,26845.0
seoul,2,213,구의(광진구청),2023-04,20,26631.45,26742.5
seoul,2,213,구의(광진구청),2023-05,23,25399.434782608696,26870.0
seoul,2,213,구의(광진구청),2023-06,22,25902.863636363636,26605.5
seoul,2,213,구의(광진구청),2023-07,21,26107.52380952381,26097.0
seoul,2,213,구의(광진구청),2023-08,23,24701.304347826088,25307.0
seoul,2,213,구의(광진구청),2023-09,21,25526.619047619046,27359.0
seoul,2,213,구의(광진구청),2023-10,22,25556.727272727272,27385.5
seoul,2,213,구의(광진구청),2023-11,22,27279.045454545456,27347.0
seoul,2,213,구의(광진구청),2023-12,21,26623.904761904763,27210.0
seoul,2,213,구의(광진구청),2024-01,23,25886.91304347826,26666.0
seoul,2,213,구의(광진구청),2024-02,21,25909.714285714286,27442.0
seoul,2,213,구의(광진구청),2024-03,21,27623.904761904763,28017.0
seoul,2,213,구의(광진구청),2024-04,22,27625.590909090908,28251.5
seoul,2,213,구의(광진구청),2024-05,23,26712.739130434784,28124.0
seoul,2,213,구의(광진구청),2024-06,20,27256.55,27998.0
seoul,2,213,구의(광진구청),2024-07,23,27031.521739130436,27085.0
seoul,2,213,구의(광진구청),2024-08,22,25754.727272727272,26327.0
seoul,2,213,구의(광진구청),2024-09,21,25006.571428571428,27773.0
seoul,2,213,구의(광진구청),2024-10,23,26726.478260869564,28185.0
seoul,2,213,구의(광진구청),2024-11,21,28576.0,28594.0
seoul,2,213,구의(광진구청),2024-12,22,27796.954545454544,28372.0
seoul,2,214,강변(동서울터미널),2022-07,21,32860.04761904762,32269.0
seoul,2,214,강변(동서울터미널),2022-08,23,31486.0,31942.0
seoul,2,214,강변(동서울터미널),2022-09,22,32532.909090909092,32778.5
seoul,2,214,강변(동서울터미널),2022-10,21,33059.28571428572,32757.0
seoul,2,214,강변(동서울터미널),2022-11,22,32898.09090909091,32220.0
seoul,2,214,강변(동서울터미널),2022-12,22,32916.13636363636,32296.0
seoul,2,214,강변(동서울터미널),2023-01,22,31370.0,31963.5
seoul,2,214,강변(동서울터미널),2023-02,20,33914.0,33784.5
seoul,2,214,강변(동서울터미널),2023-03,23,32906.913043478264,32406.0
seoul,2,214,강변(동서울터미널),2023-04,20,32943.65,32397.0
seoul,2,214,강변(동서울터미널),2023-05,23,32878.69565217391,32604.0
seoul,2,214,강변(동서울터미널),2023-06,22,32531.0,32244.5
seoul,2,214,강변(동서울터미널),2023-07,21,32326.238095238095,32146.0
seoul,2,214,강변(동서울터미널),2023-08,23,30882.782608695652,31428.0
seoul,2,214,강변(동서울터미널),2023-09,21,31656.85714285714,31630.0
seoul,2,214,강변(동서울터미널),2023-10,22,32239.045454545456,32121.0
seoul,2,214,강변(동서울터미널),2023-11,22,32701.227272727272,31944.5
seoul,2,214,강변(동서울터미널),2023-12,21,32862.71428571428,32793.0
seoul,2,214,강변(동서울터미널),2024-01,23,31311.782608695652,31490.0
seoul,2,214,강변(동서울터미널),2024-02,21,32145.428571428572,32841.0
seoul,2,214,강변(동서울터미널),2024-03,21,31968.0,31528.0
seoul,2,214,강변(동서울터미널),2024-04,22,32233.272727272728,31919.0
seoul,2,214,강변(동서울터미널),2024-05,23,32216.956521739132,32289.0
seoul,2,214,강변(동서울터미널),2024-06,20,31915.2,31757.5
seoul,2,214,강변(동서울터미널),2024-07,23,31336.217391304348,31300.0
seoul,2,214,강변(동서울터미널),2024-08,22,29044.090909090908,29011.0
seoul,2,214,강변(동서울터미널),2024-09,21,28325.428571428572,28710.0
seoul,2,214,강변(동서울터미널),2024-10,23,28714.652173913044,29328.0
seoul,2,214,강변(동서울터미널),2024-11,21,30029.04761904762,29663.0
seoul,2,214,강변(동서울터미널),2024-12,22,29780.590909090908,29625.0
seoul,2,215,잠실나루,2022-07,21,15492.57142857143,15571.0
seoul,2,215,잠실나루,2022-08,23,14382.130434782608,14946.0
seoul,2,215,잠실나루,2022-09,22,15242.90909090909,16380.0
seoul,2,215,잠실나루,2022-10,21,15675.57142857143,16665.0
seoul,2,215,잠실나루,2022-11,22,16497.454545454544,16547.5
seoul,2,215,잠실나루,2022-12,22,15874.227272727272,15891.0
seoul,2,215,잠실나루,2023-01,22,14857.727272727272,16006.0
seoul,2,215,잠실나루,2023-02,20,16637.75,16719.0
seoul,2,215,잠실나루,2023-03,23,16915.478260869564,17428.0
seoul,2,215,잠실나루,2023-04,20,17401.4,17452.0
seoul,2,215,잠실나루,2023-05,23,16462.565217391304,17840.0
seoul,2,215,잠실나루,2023-06,22,16839.18181818182,17502.5
seoul,2,215,잠실나루,2023-07,21,16900.380952380954,17009.0
seoul,2,215,잠실나루,2023-08,23,15601.782608695652,16259.0
seoul,2,215,잠실나루,2023-09,21,16379.190476190477,17570.0
seoul,2,215,잠실나루,2023-10,22,16571.0,17971.0
seoul,2,215,잠실나루,2023-11,22,17550.909090909092,17612.0
seoul,2,215,잠실나루,2023-12,21,16844.809523809523,17199.0
seoul,2,215,잠실나루,2024-01,23,16529.17391304348,17288.0
seoul,2,215,잠실나루,2024-02,21,16000.333333333334,17128.0
seoul,2,215,잠실나루,2024-03,21,16845.85714285714,17379.0
seoul,2,215,잠실나루,2024-04,22,17256.363636363636,17783.0
seoul,2,215,잠실나루,2024-05,23,16721.260869565216,17991.0
seoul,2,215,잠실나루,2024-06,20,17173.8,17659.0
seoul,2,215,잠실나루,2024-07,23,17031.82608695652,17156.0
seoul,2,215,잠실나루,2024-08,22,15664.0,16110.0
seoul,2,215,잠실나루,2024-09,21,15565.761904761905,17562.0
seoul,2,215,잠실나루,2024-10,23,16736.304347826088,17953.0
seoul,2,215,잠실나루,2024-11,21,17815.666666666668,17944.0
seoul,2,215,잠실나루,2024-12,22,16661.454545454544,17401.0
seoul,2,216,잠실(송파구청),2022-07,21,77104.47619047618,77233.0
seoul,2,216,잠실(송파구청),2022-08,23,71504.17391304347,72038.0
seoul,2,216,잠실(송파구청),2022-09,22,72309.77272727272,75341.5
seoul,2,216,잠실(송파구청),2022-10,21,78934.85714285714,79401.0
seoul,2,216,잠실(송파구청),2022-11,22,77231.04545454546,77574.5
seoul,2,216,잠실(송파구청),2022-12,22,84708.45454545454,85103.5
seoul,2,216,잠실(송파구청),2023-01,22,74720.22727272728,77800.0
seoul,2,216,잠실(송파구청),2023-02,20,82857.95,83124.5
seoul,2,216,잠실(송파구청),2023-03,23,78390.73913043478,75883.0
seoul,2,216,잠실(송파구청),2023-04,20,80482.8,79321.5
seoul,2,216,잠실(송파구청),2023-05,23,77767.39130434782,78141.0
seoul,2,216,잠실(송파구청),2023-06,22,77221.90909090909,77940.0
seoul,2,216,잠실(송파구청),2023-07,21,80629.52380952382,80603.0
seoul,2,216,잠실(송파구청),2023-08,23,77531.82608695653,78819.0
seoul,2,216,잠실(송파구청),2023-09,21,74825.33333333333,76756.0
seoul,2,216,잠실(송파구청),2023-10,22,77589.90909090909,78703.5
seoul,2,216,잠실(송파구청),2023-11,22,81394.95454545454,80854.0
seoul,2,216,잠실(송파구청),2023-12,21,87997.76190476191,88465.0
seoul,2,216,잠실(송파구청),2024-01,23,77585.26086956522,79721.0
seoul,2,216,잠실(송파구청),2024-02,21,80208.14285714286,81968.0
seoul,2,216,잠실(송파구청),2024-03,21,79776.76190476191,78822.0
seoul,2,216,잠실(송파구청),2024-04,22,87150.36363636363,84625.0
seoul,2,216,잠실(송파구청),2024-05,23,82877.39130434782,82306.0
seoul,2,216,잠실(송파구청),2024-06,20,82694.85,83590.5
seoul,2,216,잠실(송파구청),2024-07,23,83486.60869565218,83444.0
seoul,2,216,잠실(송파구청),2024-08,22,81268.45454545454,80721.0
seoul,2,216,잠실(송파구청),2024-09,21,74365.14285714286,78732.0
seoul,2,216,잠실(송파구청),2024-10,23,80133.39130434782,80854.0
seoul,2,216,잠실(송파구청),2024-11,21,83485.90476190476,81919.0
seoul,2,216,잠실(송파구청),2024-12,22,90725.54545454546,88463.5
seoul,2,217,잠실새내,2022-07,21,22844.333333333332,22618.0
seoul,2,217,잠실새내,2022-08,23,21250.130434782608,21696.0
seoul,2,217,잠실새내,2022-09,22,22328.727272727272,23343.5
seoul,2,217,잠실새내,2022-10,21,22947.809523809523,23637.0
seoul,2,217,잠실새내,2022-11,22,23664.363636363636,23676.5
seoul,2,217,잠실새내,2022-12,22,24216.272727272728,23950.5
seoul,2,217,잠실새내,2023-01,22,22200.0,23688.0
seoul,2,217,잠실새내,2023-02,20,24412.15,24336.5
seoul,2,217,잠실새내,2023-03,23,24535.956521739132,24679.0
seoul,2,217,잠실새내,2023-04,20,25041.95,24800.0
seoul,2,217,잠실새내,2023-05,23,24144.08695652174,25238.0
seoul,2,217,잠실새내,2023-06,22,24601.0,24821.5
seoul,2,217,잠실새내,2023-07,21,24770.85714285714,24577.0
seoul,2,217,잠실새내,2023-08,23,23069.304347826088,23404.0
seoul,2,217,잠실새내,2023-09,21,23865.095238095237,25265.0
seoul,2,217,잠실새내,2023-10,22,23823.909090909092,25102.0
seoul,2,217,잠실새내,2023-11,22,25294.5,25327.5
seoul,2,217,잠실새내,2023-12,21,25550.095238095237,25794.0
seoul,2,217,잠실새내,2024-01,23,24074.434782608696,24930.0
seoul,2,217,잠실새내,2024-02,21,24220.380952380954,25559.0
seoul,2,217,잠실새내,2024-03,21,25925.761904761905,26030.0
seoul,2,217,잠실새내,2024-04,22,26374.772727272728,26575.5
seoul,2,217,잠실새내,2024-05,23,25897.08695652174,26509.0
seoul,2,217,잠실새내,2024-06,20,26059.95,26529.0
seoul,2,217,잠실새내,2024-07,23,25731.652173913044,25543.0
seoul,2,217,잠실새내,2024-08,22,24389.31818181818,24759.0
seoul,2,217,잠실새내,2024-09,21,24045.380952380954,25990.0
seoul,2,217,잠실새내,2024-10,23,24957.08695652174,25794.0
seoul,2,217,잠실새내,2024-11,21,26300.666666666668,26004.0
seoul,2,217,잠실새내,2024-12,22,26171.590909090908,26355.5
seoul,2,218,종합운동장,2022-07,21,11431.952380952382,10445.0
seoul,2,218,종합운동장,2022-08,23,9938.173913043478,9411.0
seoul,2,218,종합운동장,2022-09,22,12620.181818181818,12173.0
seoul,2,218,종합운동장,2022-10,21,12730.285714285714,9655.0
seoul,2,218,종합운동장,2022-11,22,8767.5,8656.5
seoul,2,218,종합운동장,2022-12,22,9287.40909090909,8464.5
seoul,2,218,종합운동장,2023-01,22,7295.272727272727,7632.0
seoul,2,218,종합운동장,2023-02,20,8279.75,8118.0
seoul,2,218,종합운동장,2023-03,23,8786.91304347826,8706.0
seoul,2,218,종합운동장,2023-04,20,13373.55,12079.0
seoul,2,218,종합운동장,2023-05,23,13536.08695652174,14004.0
seoul,2,218,종합운동장,2023-06,22,14541.227272727272,13308.5
seoul,2,218,종합운동장,2023-07,21,11530.52380952381,8855.0
seoul,2,218,종합운동장,2023-08,23,10666.869565217392,10818.0
seoul,2,218,종합운동장,2023-09,21,12827.619047619048,11848.0
seoul,2,218,종합운동장,2023-10,22,11617.181818181818,9699.5
seoul,2,218,종합운동장,2023-11,22,11440.318181818182,9987.5
seoul,2,218,종합운동장,2023-12,21,9156.095238095239,8995.0
seoul,2,218,종합운동장,2024-01,23,7906.739130434783,7814.0
seoul,2,218,종합운동장,2024-02,21,7702.761904761905,7982.0
seoul,2,218,종합운동장,2024-03,21,11022.42857142857,9461.0
seoul,2,218,종합운동장,2024-04,22,15254.318181818182,15789.5
seoul,2,218,종합운동장,2024-05,23,16026.0,16719.0
seoul,2,218,종합운동장,2024-06,20,17405.7,18257.5
seoul,2,218,종합운동장,2024-07,23,14683.130434782608,13236.0
seoul,2,218,종합운동장,2024-08,22,15063.181818181818,15994.0
seoul,2,218,종합운동장,2024-09,21,14998.47619047619,15283.0
seoul,2,218,종합운동장,2024-10,23,11205.695652173914,9378.0
seoul,2,218,종합운동장,2024-11,21,9069.857142857143,8987.0
seoul,2,218,종합운동장,2024-12,22,8373.5,8313.0
seoul,2,219,삼성(무역센터),2022-07,21,59293.333333333336,58835.0
seoul,2,219,삼성(무역센터),2022-08,23,53911.608695652176,55433.0
seoul,2,219,삼성(무역센터),2022-09,22,53070.72727272727,57326.5
seoul,2,219,삼성(무역센터),2022-10,21,55532.95238095238,59097.0
seoul,2,219,삼성(무역센터),2022-11,22,58824.045454545456,58227.5
seoul,2,219,삼성(무역센터),2022-12,22,61956.545454545456,61422.0
seoul,2,219,삼성(무역센터),2023-01,22,53825.63636363636,57552.0
seoul,2,219,삼성(무역센터),2023-02,20,60797.8,60091.5
seoul,2,219,삼성(무역센터),2023-03,23,58471.52173913043,58616.0
seoul,2,219,삼성(무역센터),2023-04,20,60751.55,61913.0
seoul,2,219,삼성(무역센터),2023-05,23,56831.391304347824,60786.0
seoul,2,219,삼성(무역센터),2023-06,22,60144.181818181816,62067.5
seoul,2,219,삼성(무역센터),2023-07,21,63110.04761904762,62117.0
seoul,2,219,삼성(무역센터),2023-08,23,58700.391304347824,60360.0
seoul,2,219,삼성(무역센터),2023-09,21,56392.80952380953,61081.0
seoul,2,219,삼성(무역센터),2023-10,22,55462.22727272727,61245.0
seoul,2,219,삼성(무역센터),2023-11,22,61943.09090909091,61667.5
seoul,2,219,삼성(무역센터),2023-12,21,61296.19047619047,61121.0
seoul,2,219,삼성(무역센터),2024-01,23,57125.86956521739,58181.0
seoul,2,219,삼성(무역센터),2024-02,21,56210.619047619046,60136.0
seoul,2,219,삼성(무역센터),2024-03,21,60462.380952380954,59541.0
seoul,2,219,삼성(무역센터),2024-04,22,59018.545454545456,60909.0
seoul,2,219,삼성(무역센터),2024-05,23,57216.608695652176,61797.0
seoul,2,219,삼성(무역센터),2024-06,20,59724.05,61960.0
seoul,2,219,삼성(무역센터),2024-07,23,61664.391304347824,60982.0
seoul,2,219,삼성(무역센터),2024-08,22,58148.22727272727,58809.5
seoul,2,219,삼성(무역센터),2024-09,21,51898.47619047619,57340.0
seoul,2,219,삼성(무역센터),2024-10,23,55624.739130434784,60267.0
seoul,2,219,삼성(무역센터),2024-11,21,62037.52380952381,62207.0
seoul,2,219,삼성(무역센터),2024-12,22,61432.86363636364,62267.5
seoul,2,220,선릉,2022-07,21,62740.23809523809,62823.0
seoul,2,220,선릉,2022-08,23,57086.434782608696,59395.0
seoul,2,220,선릉,2022-09,22,57314.954545454544,62724.0
seoul,2,220,선릉,2022-10,21,59765.28571428572,64328.0
seoul,2,220,선릉,2022-11,22,62762.5,63031.0
seoul,2,220,선릉,2022-12,22,62737.63636363636,62993.0
seoul,2,220,선릉,2023-01,22,58251.36363636364,64028.5
seoul,2,220,선릉,2023-02,20,65087.95,65206.5
seoul,2,220,선릉,2023-03,23,62632.739130434784,64937.0
seoul,2,220,선릉,2023-04,20,64502.4,64575.5
seoul,2,220,선릉,2023-05,23,59458.86956521739,65328.0
seoul,2,220,선릉,2023-06,22,62313.13636363636,64961.5
seoul,2,220,선릉,2023-07,21,65256.666666666664,65747.0
seoul,2,220,선릉,2023-08,23,60630.913043478264,63141.0
seoul,2,220,선릉,2023-09,21,60242.333333333336,65838.0
seoul,2,220,선릉,2023-10,22,58892.72727272727,65387.0
seoul,2,220,선릉,2023-11,22,64844.90909090909,64767.5
seoul,2,220,선릉,2023-12,21,62458.90476190476,64591.0
seoul,2,220,선릉,2024-01,23,62775.13043478261,65202.0
seoul,2,220,선릉,2024-02,21,60279.619047619046,65770.0
seoul,2,220,선릉,2024-03,21,63830.80952380953,66054.0
seoul,2,220,선릉,2024-04,22,63732.63636363636,65696.0
seoul,2,220,선릉,2024-05,23,60709.34782608696,66293.0
seoul,2,220,선릉,2024-06,20,64306.45,67417.0
seoul,2,220,선릉,2024-07,23,66121.52173913043,66544.0
seoul,2,220,선릉,2024-08,22,61858.77272727273,64548.5
seoul,2,220,선릉,2024-09,21,57893.857142857145,66522.0
seoul,2,220,선릉,2024-10,23,60544.52173913043,66436.0
seoul,2,220,선릉,2024-11,21,67105.57142857143,66973.0
seoul,2,220,선릉,2024-12,22,64201.40909090909,67075.0
seoul,2,221,역삼,2022-07,21,57379.380952380954,57286.0
seoul,2,221,역삼,2022-08,23,53171.086956521736,54979.0
seoul,2,221,역삼,2022-09,22,52310.181818181816,57217.0
seoul,2,221,역삼,2022-10,21,53978.80952380953,58270.0
seoul,2,221,역삼,2022-11,22,58005.681818181816,58590.5
seoul,2,221,역삼,2022-12,22,57910.681818181816,58344.5
seoul,2,221,역삼,2023-01,22,55162.86363636364,60222.0
seoul,2,221,역삼,2023-02,20,60679.2,60750.0
seoul,2,221,역삼,2023-03,23,57560.13043478261,59666.0
seoul,2,221,역삼,2023-04,20,59528.7,59813.0
seoul,2,221,역삼,2023-05,23,53327.565217391304,59135.0
seoul,2,221,역삼,2023-06,22,56212.27272727273,59077.5
seoul,2,221,역삼,2023-07,21,59632.857142857145,59676.0
seoul,2,221,역삼,2023-08,23,55326.82608695652,57726.0
seoul,2,221,역삼,2023-09,21,54261.666666666664,59434.0
seoul,2,221,역삼,2023-10,22,52597.09090909091,58847.5
seoul,2,221,역삼,2023-11,22,58985.90909090909,59005.0
seoul,2,221,역삼,2023-12,21,55077.333333333336,57613.0
seoul,2,221,역삼,2024-01,23,57524.217391304344,59961.0
seoul,2,221,역삼,2024-02,21,54954.47619047619,59992.0
seoul,2,221,역삼,2024-03,21,58175.57142857143,60717.0
seoul,2,221,역삼,2024-04,22,57299.545454545456,59298.5
seoul,2,221,역삼,2024-05,23,52941.52173913043,58604.0
seoul,2,221,역삼,2024-06,20,56395.1,59306.5
seoul,2,221,역삼,2024-07,23,59647.04347826087,59590.0
seoul,2,221,역삼,2024-08,22,55823.318181818184,58509.0
seoul,2,221,역삼,2024-09,21,52128.71428571428,60176.0
seoul,2,221,역삼,2024-10,23,53672.217391304344,59766.0
seoul,2,221,역삼,2024-11,21,59896.380952380954,59713.0
seoul,2,221,역삼,2024-12,22,56446.13636363636,59911.5
seoul,2,222,강남,2022-07,21,90787.76190476191,90847.0
seoul,2,222,강남,2022-08,23,80931.56521739131,84252.0
seoul,2,222,강남,2022-09,22,79962.40909090909,84976.0
seoul,2,222,강남,2022-10,21,81261.14285714286,85757.0
seoul,2,222,강남,2022-11,22,83696.72727272728,83607.0
seoul,2,222,강남,2022-12,22,86714.36363636363,86923.5
seoul,2,222,강남,2023-01,22,84294.5,90951.5
seoul,2,222,강남,2023-02,20,92971.1,92537.0
seoul,2,222,강남,2023-03,23,86508.39130434782,87632.0
seoul,2,222,강남,2023-04,20,87836.1,87326.5
seoul,2,222,강남,2023-05,23,82882.73913043478,88319.0
seoul,2,222,강남,2023-06,22,86247.31818181818,87581.5
seoul,2,222,강남,2023-07,21,91670.66666666667,91947.0
seoul,2,222,강남,2023-08,23,83798.65217391304,87062.0
seoul,2,222,강남,2023-09,21,81599.14285714286,87254.0
seoul,2,222,강남,2023-10,22,80172.18181818182,86141.5
seoul,2,222,강남,2023-11,22,86469.18181818182,86499.0
seoul,2,222,강남,2023-12,21,87145.38095238095,88979.0
seoul,2,222,강남,2024-01,23,88382.39130434782,91081.0
seoul,2,222,강남,2024-02,21,86811.76190476191,92414.0
seoul,2,222,강남,2024-03,21,89008.47619047618,89825.0
seoul,2,222,강남,2024-04,22,87845.36363636363,89037.5
seoul,2,222,강남,2024-05,23,84725.34782608696,89021.0
seoul,2,222,강남,2024-06,20,87436.55,89133.0
seoul,2,222,강남,2024-07,23,90577.21739130435,91164.0
seoul,2,222,강남,2024-08,22,85527.40909090909,87632.5
seoul,2,222,강남,2024-09,21,78419.52380952382,87300.0
seoul,2,222,강남,2024-10,23,81836.60869565218,86528.0
seoul,2,222,강남,2024-11,21,87904.57142857143,87238.0
seoul,2,222,강남,2024-12,22,87855.77272727272,89007.5
seoul,2,223,교대(법원.검찰청),2022-07,21,36206.42857142857,37061.0
seoul,2,223,교대(법원.검찰청),2022-08,23,33120.04347826087,34568.0
seoul,2,223,교대(법원.검찰청),2022-09,22,34585.36363636364,37585.5
seoul,2,223,교대(법원.검찰청),2022-10,21,35175.09523809524,37782.0
seoul,2,223,교대(법원.검찰청),2022-11,22,37108.59090909091,37238.5
seoul,2,223,교대(법원.검찰청),2022-12,22,37179.63636363636,37229.0
seoul,2,223,교대(법원.검찰청),2023-01,22,33786.681818181816,37106.5
seoul,2,223,교대(법원.검찰청),2023-02,20,37880.8,38000.0
seoul,2,223,교대(법원.검찰청),2023-03,23,37250.739130434784,38491.0
seoul,2,223,교대(법원.검찰청),2023-04,20,36978.45,37018.0
seoul,2,223,교대(법원.검찰청),2023-05,23,33736.47826086957,36575.0
seoul,2,223,교대(법원.검찰청),2023-06,22,34358.954545454544,35800.5
seoul,2,223,교대(법원.검찰청),2023-07,21,34533.95238095238,34564.0
seoul,2,223,교대(법원.검찰청),2023-08,23,32164.130434782608,33834.0
seoul,2,223,교대(법원.검찰청),2023-09,21,33030.52380952381,36058.0
seoul,2,223,교대(법원.검찰청),2023-10,22,32320.045454545456,35670.5
seoul,2,223,교대(법원.검찰청),2023-11,22,35252.045454545456,35361.0
seoul,2,223,교대(법원.검찰청),2023-12,21,34304.333333333336,35590.0
seoul,2,223,교대(법원.검찰청),2024-01,23,33461.86956521739,34687.0
seoul,2,223,교대(법원.검찰청),2024-02,21,32383.714285714286,35148.0
seoul,2,223,교대(법원.검찰청),2024-03,21,35437.0,36574.0
seoul,2,223,교대(법원.검찰청),2024-04,22,35232.77272727273,36508.0
seoul,2,223,교대(법원.검찰청),2024-05,23,33761.913043478264,36341.0
seoul,2,223,교대(법원.검찰청),2024-06,20,35203.8,36712.5
seoul,2,223,교대(법원.검찰청),2024-07,23,35013.13043478261,35188.0
seoul,2,223,교대(법원.검찰청),2024-08,22,32408.409090909092,33422.5
seoul,2,223,교대(법원.검찰청),2024-09,21,31694.666666666668,35767.0
seoul,2,223,교대(법원.검찰청),2024-10,23,32948.04347826087,35819.0
seoul,2,223,교대(법원.검찰청),2024-11,21,36440.71428571428,36446.0
seoul,2,223,교대(법원.검찰청),2024-12,22,35092.954545454544,36433.0
seoul,2,224,서초,2022-07,21,23202.904761904763,23363.0
seoul,2,224,서초,2022-08,23,21265.260869565216,22103.0
seoul,2,224,서초,2022-09,22,22478.454545454544,24234.5
seoul,2,224,서초,2022-10,21,22520.333333333332,24137.0
seoul,2,224,서초,2022-11,22,24296.18181818182,24317.0
seoul,2,224,서초,2022-12,22,24114.454545454544,24470.0
seoul,2,224,서초,2023-01,22,21569.045454545456,23425.5
seoul,2,224,서초,2023-02,20,24556.7,24631.5
seoul,2,224,서초,2023-03,23,24068.08695652174,24917.0
seoul,2,224,서초,2023-04,20,25008.7,25096.0
seoul,2,224,서초,2023-05,23,22615.956521739132,24648.0
seoul,2,224,서초,2023-06,22,23632.772727272728,24716.0
seoul,2,224,서초,2023-07,21,23677.238095238095,23847.0
seoul,2,224,서초,2023-08,23,22240.130434782608,23094.0
seoul,2,224,서초,2023-09,21,22934.714285714286,25149.0
seoul,2,224,서초,2023-10,22,22932.954545454544,25003.5
seoul,2,224,서초,2023-11,22,24961.5,24805.0
seoul,2,224,서초,2023-12,21,23728.904761904763,24411.0
seoul,2,224,서초,2024-01,23,22698.130434782608,23329.0
seoul,2,224,서초,2024-02,21,22332.904761904763,24310.0
seoul,2,224,서초,2024-03,21,24166.809523809523,25139.0
seoul,2,224,서초,2024-04,22,24201.454545454544,25047.5
seoul,2,224,서초,2024-05,23,22866.347826086956,24747.0
seoul,2,224,서초,2024-06,20,24028.55,24891.0
seoul,2,224,서초,2024-07,23,23702.0,23706.0
seoul,2,224,서초,2024-08,22,22100.545454545456,22949.5
seoul,2,224,서초,2024-09,21,21727.190476190477,24884.0
seoul,2,224,서초,2024-10,23,23272.956521739132,25158.0
seoul,2,224,서초,2024-11,21,25176.95238095238,25103.0
seoul,2,224,서초,2024-12,22,24314.68181818182,25274.0
seoul,2,225,방배,2022-07,21,16878.571428571428,16984.0
seoul,2,225,방배,2022-08,23,15608.347826086956,16290.0
seoul,2,225,방배,2022-09,22,19316.31818181818,20731.5
seoul,2,225,방배,2022-10,21,19519.238095238095,20930.0
seoul,2,225,방배,2022-11,22,20379.454545454544,20649.5
seoul,2,225,방배,2022-12,22,18986.590909090908,19477.0
seoul,2,225,방배,2023-01,22,16055.136363636364,17265.5
seoul,2,225,방배,2023-02,20,17795.35,17748.0
seoul,2,225,방배,2023-03,23,21640.739130434784,22507.0
seoul,2,225,방배,2023-04,20,21788.1,21871.0
seoul,2,225,방배,2023-05,23,20235.0,22162.0
seoul,2,225,방배,2023-06,22,19004.045454545456,18571.5
seoul,2,225,방배,2023-07,21,17010.04761904762,17088.0
seoul,2,225,방배,2023-08,23,15800.782608695652,16493.0
seoul,2,225,방배,2023-09,21,19311.14285714286,20420.0
seoul,2,225,방배,2023-10,22,19078.590909090908,20831.0
seoul,2,225,방배,2023-11,22,20418.045454545456,20739.0
seoul,2,225,방배,2023-12,21,18679.190476190477,19790.0
seoul,2,225,방배,2024-01,23,16266.826086956522,16803.0
seoul,2,225,방배,2024-02,21,15864.952380952382,16760.0
seoul,2,225,방배,2024-03,21,20761.285714285714,21621.0
seoul,2,225,방배,2024-04,22,20507.31818181818,21097.5
seoul,2,225,방배,2024-05,23,19448.521739130436,21066.0
seoul,2,225,방배,2024-06,20,19109.15,19833.0
seoul,2,225,방배,2024-07,23,16763.521739130436,16771.0
seoul,2,225,방배,2024-08,22,15745.181818181818,16238.5
seoul,2,225,방배,2024-09,21,18084.285714285714,20256.0
seoul,2,225,방배,2024-10,23,18955.91304347826,20418.0
seoul,2,225,방배,2024-11,21,20643.04761904762,20999.0
seoul,2,225,방배,2024-12,22,19010.727272727272,20042.5
seoul,2,226,사당,2022-07,21,40039.95238095238,40041.0
seoul,2,226,사당,2022-08,23,36826.782608695656,37745.0
seoul,2,226,사당,2022-09,22,39330.954545454544,42008.0
seoul,2,226,사당,2022-10,21,40690.76190476191,42668.0
seoul,2,226,사당,2022-11,22,41714.72727272727,41882.0
seoul,2,226,사당,2022-12,22,42727.77272727273,42327.5
seoul,2,226,사당,2023-01,22,38556.09090909091,40596.5
seoul,2,226,사당,2023-02,20,43235.2,43459.0
seoul,2,226,사당,2023-03,23,43358.82608695652,43993.0
seoul,2,226,사당,2023-04,20,43328.4,43250.5
seoul,2,226,사당,2023-05,23,41267.0,43525.0
seoul,2,226,사당,2023-06,22,42238.5,43123.0
seoul,2,226,사당,2023-07,21,41242.0,41637.0
seoul,2,226,사당,2023-08,23,39110.217391304344,39702.0
seoul,2,226,사당,2023-09,21,41141.71428571428,43521.0
seoul,2,226,사당,2023-10,22,41166.13636363636,43612.5
seoul,2,226,사당,2023-11,22,42964.77272727273,43221.0
seoul,2,226,사당,2023-12,21,44716.42857142857,46034.0
seoul,2,226,사당,2024-01,23,41175.95652173913,42180.0
seoul,2,226,사당,2024-02,21,40697.76190476191,42834.0
seoul,2,226,사당,2024-03,21,44273.619047619046,44631.0
seoul,2,226,사당,2024-04,22,47016.0,45745.0
seoul,2,226,사당,2024-05,23,43534.69565217391,45605.0
seoul,2,226,사당,2024-06,20,44440.55,44921.5
seoul,2,226,사당,2024-07,23,43176.739130434784,42937.0
seoul,2,226,사당,2024-08,22,40897.36363636364,41720.5
seoul,2,226,사당,2024-09,21,40645.23809523809,43786.0
seoul,2,226,사당,2024-10,23,43480.34782608696,45198.0
seoul,2,226,사당,2024-11,21,46108.19047619047,45792.0
seoul,2,226,사당,2024-12,22,47738.36363636364,47841.5
seoul,2,227,낙성대(강감찬),2022-07,21,28844.095238095237,28861.0
seoul,2,227,낙성대(강감찬),2022-08,23,26865.17391304348,27773.0
seoul,2,227,낙성대(강감찬),2022-09,22,28631.045454545456,30202.0
seoul,2,227,낙성대(강감찬),2022-10,21,28752.761904761905,30013.0
seoul,2,227,낙성대(강감찬),2022-11,22,29733.0,29795.5
seoul,2,227,낙성대(강감찬),2022-12,22,29260.090909090908,29370.0
seoul,2,227,낙성대(강감찬),2023-01,22,27061.454545454544,29015.5
seoul,2,227,낙성대(강감찬),2023-02,20,29693.8,29612.0
seoul,2,227,낙성대(강감찬),2023-03,23,30611.956521739132,31040.0
seoul,2,227,낙성대(강감찬),2023-04,20,30735.0,30742.0
seoul,2,227,낙성대(강감찬),2023-05,23,29270.434782608696,30837.0
seoul,2,227,낙성대(강감찬),2023-06,22,29403.409090909092,30036.5
seoul,2,227,낙성대(강감찬),2023-07,21,29471.14285714286,29205.0
seoul,2,227,낙성대(강감찬),2023-08,23,27804.260869565216,28412.0
seoul,2,227,낙성대(강감찬),2023-09,21,28903.14285714286,30234.0
seoul,2,227,낙성대(강감찬),2023-10,22,28651.0,30367.5
seoul,2,227,낙성대(강감찬),2023-11,22,29931.0,29892.0
seoul,2,227,낙성대(강감찬),2023-12,21,28941.571428571428,29576.0
seoul,2,227,낙성대(강감찬),2024-01,23,27890.695652173912,28665.0
seoul,2,227,낙성대(강감찬),2024-02,21,27862.619047619046,29293.0
seoul,2,227,낙성대(강감찬),2024-03,21,30622.85714285714,30998.0
seoul,2,227,낙성대(강감찬),2024-04,22,30458.909090909092,30925.0
seoul,2,227,낙성대(강감찬),2024-05,23,29725.304347826088,31109.0
seoul,2,227,낙성대(강감찬),2024-06,20,29959.25,30575.5
seoul,2,227,낙성대(강감찬),2024-07,23,29723.08695652174,29797.0
seoul,2,227,낙성대(강감찬),2024-08,22,28206.0,28591.0
seoul,2,227,낙성대(강감찬),2024-09,21,27622.190476190477,30735.0
seoul,2,227,낙성대(강감찬),2024-10,23,29137.782608695652,30482.0
seoul,2,227,낙성대(강감찬),2024-11,21,30482.428571428572,30472.0
seoul,2,227,낙성대(강감찬),2024-12,22,29439.863636363636,29795.5
seoul,2,228,서울대입구(관악구청),2022-07,21,48498.80952380953,48324.0
seoul,2,228,서울대입구(관악구청),2022-08,23,45101.913043478264,46616.0
seoul,2,228,서울대입구(관악구청),2022-09,22,48288.36363636364,51308.5
seoul,2,228,서울대입구(관악구청),2022-10,21,49106.52380952381,51254.0
seoul,2,228,서울대입구(관악구청),2022-11,22,50527.27272727273,50417.5
seoul,2,228,서울대입구(관악구청),2022-12,22,49841.818181818184,49799.5
seoul,2,228,서울대입구(관악구청),2023-01,22,45728.22727272727,49152.0
seoul,2,228,서울대입구(관악구청),2023-02,20,50557.8,49907.5
seoul,2,228,서울대입구(관악구청),2023-03,23,52579.52173913043,53320.0
seoul,2,228,서울대입구(관악구청),2023-04,20,52515.8,52488.0
seoul,2,228,서울대입구(관악구청),2023-05,23,50181.260869565216,52313.0
seoul,2,228,서울대입구(관악구청),2023-06,22,49849.77272727273,50920.0
seoul,2,228,서울대입구(관악구청),2023-07,21,49359.380952380954,48947.0
seoul,2,228,서울대입구(관악구청),2023-08,23,46162.913043478264,47231.0
seoul,2,228,서울대입구(관악구청),2023-09,21,48954.04761904762,52051.0
seoul,2,228,서울대입구(관악구청),2023-10,22,48237.5,51254.0
seoul,2,228,서울대입구(관악구청),2023-11,22,50640.40909090909,50667.0
seoul,2,228,서울대입구(관악구청),2023-12,21,48823.90476190476,50106.0
seoul,2,228,서울대입구(관악구청),2024-01,23,47021.30434782609,48145.0
seoul,2,228,서울대입구(관악구청),2024-02,21,46691.71428571428,48902.0
seoul,2,228,서울대입구(관악구청),2024-03,21,51794.71428571428,52648.0
seoul,2,228,서울대입구(관악구청),2024-04,22,51328.318181818184,51944.5
seoul,2,228,서울대입구(관악구청),2024-05,23,50153.086956521736,52307.0
seoul,2,228,서울대입구(관악구청),2024-06,20,49943.25,50530.5
seoul,2,228,서울대입구(관악구청),2024-07,23,48983.30434782609,48997.0
seoul,2,228,서울대입구(관악구청),2024-08,22,46558.27272727273,47070.0
seoul,2,228,서울대입구(관악구청),2024-09,21,46853.90476190476,52032.0
seoul,2,228,서울대입구(관악구청),2024-10,23,49107.0,51321.0
seoul,2,228,서울대입구(관악구청),2024-11,21,51995.90476190476,51739.0
seoul,2,228,서울대입구(관악구청),2024-12,22,49940.72727272727,50694.0
seoul,2,229,봉천,2022-07,21,25084.571428571428,25250.0
seoul,2,229,봉천,2022-08,23,23612.130434782608,24306.0
seoul,2,229,봉천,2022-09,22,24537.18181818182,26150.5
seoul,2,229,봉천,2022-10,21,24944.333333333332,26139.0
seoul,2,229,봉천,2022-11,22,25800.590909090908,25883.5
seoul,2,229,봉천,2022-12,22,25442.5,25499.0
seoul,2,229,봉천,2023-01,22,23880.0,25524.0
seoul,2,229,봉천,2023-02,20,26214.15,26251.0
seoul,2,229,봉천,2023-03,23,26251.695652173912,26702.0
seoul,2,229,봉천,2023-04,20,26843.05,26970.5
seoul,2,229,봉천,2023-05,23,25364.739130434784,26821.0
seoul,2,229,봉천,2023-06,22,25887.31818181818,26602.5
seoul,2,229,봉천,2023-07,21,25735.52380952381,25658.0
seoul,2,229,봉천,2023-08,23,24284.304347826088,24929.0
seoul,2,229,봉천,2023-09,21,24937.666666666668,26467.0
seoul,2,229,봉천,2023-10,22,24924.954545454544,26644.0
seoul,2,229,봉천,2023-11,22,26232.954545454544,26356.5
seoul,2,229,봉천,2023-12,21,25524.95238095238,26328.0
seoul,2,229,봉천,2024-01,23,24910.869565217392,25478.0
seoul,2,229,봉천,2024-02,21,24677.190476190477,26105.0
seoul,2,229,봉천,2024-03,21,26412.095238095237,26977.0
seoul,2,229,봉천,2024-04,22,26558.363636363636,27169.0
seoul,2,229,봉천,2024-05,23,25926.260869565216,27315.0
seoul,2,229,봉천,2024-06,20,26497.05,27151.5
seoul,2,229,봉천,2024-07,23,26229.608695652172,26475.0
seoul,2,229,봉천,2024-08,22,24897.545454545456,25247.5
seoul,2,229,봉천,2024-09,21,24337.47619047619,26955.0
seoul,2,229,봉천,2024-10,23,25648.652173913044,27097.0
seoul,2,229,봉천,2024-11,21,27025.761904761905,27058.0
seoul,2,229,봉천,2024-12,22,26262.5,26864.5
seoul,2,230,신림,2022-07,21,60513.380952380954,60400.0
seoul,2,230,신림,2022-08,23,56353.52173913043,57663.0
seoul,2,230,신림,2022-09,22,58335.5,61272.5
seoul,2,230,신림,2022-10,21,59044.71428571428,61546.0
seoul,2,230,신림,2022-11,22,60593.13636363636,60576.0
seoul,2,230,신림,2022-12,22,60461.27272727273,60810.5
seoul,2,230,신림,2023-01,22,56066.818181818184,59297.0
seoul,2,230,신림,2023-02,20,60649.4,60472.0
seoul,2,230,신림,2023-03,23,60793.217391304344,61516.0
seoul,2,230,신림,2023-04,20,61557.1,61620.5
seoul,2,230,신림,2023-05,23,58995.82608695652,61340.0
seoul,2,230,신림,2023-06,22,59462.77272727273,60354.5
seoul,2,230,신림,2023-07,21,58418.76190476191,58109.0
seoul,2,230,신림,2023-08,23,54432.913043478264,55057.0
seoul,2,230,신림,2023-09,21,55701.52380952381,58395.0
seoul,2,230,신림,2023-10,22,55584.63636363636,58436.5
seoul,2,230,신림,2023-11,22,58427.13636363636,58409.0
seoul,2,230,신림,2023-12,21,57411.95238095238,58102.0
seoul,2,230,신림,2024-01,23,55397.565217391304,56460.0
seoul,2,230,신림,2024-02,21,55556.19047619047,58110.0
seoul,2,230,신림,2024-03,21,58720.76190476191,59644.0
seoul,2,230,신림,2024-04,22,58983.13636363636,59290.0
seoul,2,230,신림,2024-05,23,57798.782608695656,60206.0
seoul,2,230,신림,2024-06,20,58617.2,59504.5
seoul,2,230,신림,2024-07,23,58013.782608695656,57870.0
seoul,2,230,신림,2024-08,22,55945.27272727273,56625.0
seoul,2,230,신림,2024-09,21,54240.57142857143,59221.0
seoul,2,230,신림,2024-10,23,57201.95652173913,59773.0
seoul,2,230,신림,2024-11,21,60179.04761904762,60213.0
seoul,2,230,신림,2024-12,22,59093.40909090909,59432.5
seoul,2,231,신대방,2022-07,21,26432.190476190477,26324.0
seoul,2,231,신대방,2022-08,23,24466.869565217392,25075.0
seoul,2,231,신대방,2022-09,22,25803.954545454544,27328.5
seoul,2,231,신대방,2022-10,21,26345.714285714286,27692.0
seoul,2,231,신대방,2022-11,22,27118.31818181818,27259.5
seoul,2,231,신대방,2022-12,22,26345.81818181818,26247.0
seoul,2,231,신대방,2023-01,22,25046.272727272728,26640.5
seoul,2,231,신대방,2023-02,20,27287.65,27222.0
seoul,2,231,신대방,2023-03,23,27908.478260869564,28308.0
seoul,2,231,신대방,2023-04,20,28409.5,28575.0
seoul,2,231,신대방,2023-05,23,27278.304347826088,28619.0
seoul,2,231,신대방,2023-06,22,27389.409090909092,28075.0
seoul,2,231,신대방,2023-07,21,27037.666666666668,27041.0
seoul,2,231,신대방,2023-08,23,25664.130434782608,26146.0
seoul,2,231,신대방,2023-09,21,26668.809523809523,28078.0
seoul,2,231,신대방,2023-10,22,26635.772727272728,28055.0
seoul,2,231,신대방,2023-11,22,27663.227272727272,27927.5
seoul,2,231,신대방,2023-12,21,26689.85714285714,27156.0
seoul,2,231,신대방,2024-01,23,25788.565217391304,26498.0
seoul,2,231,신대방,2024-02,21,25734.14285714286,27010.0
seoul,2,231,신대방,2024-03,21,27610.190476190477,27823.0
seoul,2,231,신대방,2024-04,22,28151.590909090908,28524.0
seoul,2,231,신대방,2024-05,23,27281.17391304348,28596.0
seoul,2,231,신대방,2024-06,20,27406.1,27821.5
seoul,2,231,신대방,2024-07,23,26817.347826086956,26840.0
seoul,2,231,신대방,2024-08,22,25532.045454545456,25837.5
seoul,2,231,신대방,2024-09,21,25198.095238095237,27530.0
seoul,2,231,신대방,2024-10,23,26707.347826086956,27942.0
seoul,2,231,신대방,2024-11,21,27882.809523809523,27942.0
seoul,2,231,신대방,2024-12,22,26999.227272727272,27449.0
seoul,2,232,구로디지털단지,2022-07,21,62588.28571428572,62854.0
seoul,2,232,구로디지털단지,2022-08,23,57665.86956521739,59717.0
seoul,2,232,구로디지털단지,2022-09,22,59541.36363636364,64237.5
seoul,2,232,구로디지털단지,2022-10,21,61350.57142857143,65287.0
seoul,2,232,구로디지털단지,2022-11,22,63664.181818181816,64151.0
seoul,2,232,구로디지털단지,2022-12,22,63252.77272727273,63310.0
seoul,2,232,구로디지털단지,2023-01,22,59650.77272727273,64276.5
seoul,2,232,구로디지털단지,2023-02,20,65542.0,65746.5
seoul,2,232,구로디지털단지,2023-03,23,64380.69565217391,65938.0
seoul,2,232,구로디지털단지,2023-04,20,65637.2,65762.0
seoul,2,232,구로디지털단지,2023-05,23,61085.913043478264,65845.0
seoul,2,232,구로디지털단지,2023-06,22,62756.454545454544,64974.0
seoul,2,232,구로디지털단지,2023-07,21,63100.80952380953,63190.0
seoul,2,232,구로디지털단지,2023-08,23,59006.565217391304,60987.0
seoul,2,232,구로디지털단지,2023-09,21,60115.857142857145,64392.0
seoul,2,232,구로디지털단지,2023-10,22,59682.954545454544,64473.5
seoul,2,232,구로디지털단지,2023-11,22,63617.545454545456,64013.0
seoul,2,232,구로디지털단지,2023-12,21,61653.333333333336,63701.0
seoul,2,232,구로디지털단지,2024-01,23,61231.95652173913,63660.0
seoul,2,232,구로디지털단지,2024-02,21,59742.76190476191,64078.0
seoul,2,232,구로디지털단지,2024-03,21,62968.619047619046,64449.0
seoul,2,232,구로디지털단지,2024-04,22,63240.545454545456,64738.0
seoul,2,232,구로디지털단지,2024-05,23,60766.739130434784,64952.0
seoul,2,232,구로디지털단지,2024-06,20,62502.05,64632.0
seoul,2,232,구로디지털단지,2024-07,23,62524.52173913043,62675.0
seoul,2,232,구로디지털단지,2024-08,22,59202.954545454544,60763.0
seoul,2,232,구로디지털단지,2024-09,21,57141.47619047619,63794.0
seoul,2,232,구로디지털단지,2024-10,23,60204.608695652176,64494.0
seoul,2,232,구로디지털단지,2024-11,21,64568.04761904762,64535.0
seoul,2,232,구로디지털단지,2024-12,22,62608.63636363636,64375.0
seoul,2,233,대림(구로구청),2022-07,21,24595.85714285714,24593.0
seoul,2,233,대림(구로구청),2022-08,23,23173.82608695652,23791.0
seoul,2,233,대림(구로구청),2022-09,22,24551.81818181818,25757.0
seoul,2,233,대림(구로구청),2022-10,21,24925.380952380954,26106.0
seoul,2,233,대림(구로구청),2022-11,22,25569.68181818182,25614.5
seoul,2,233,대림(구로구청),2022-12,22,24878.227272727272,24920.5
seoul,2,233,대림(구로구청),2023-01,22,23760.18181818182,25153.5
seoul,2,233,대림(구로구청),2023-02,20,26094.35,26069.5
seoul,2,233,대림(구로구청),2023-03,23,26424.391304347828,26911.0
seoul,2,233,대림(구로구청),2023-04,20,26921.25,27116.0
seoul,2,233,대림(구로구청),2023-05,23,25759.652173913044,27029.0
seoul,2,233,대림(구로구청),2023-06,22,25893.454545454544,26484.5
seoul,2,233,대림(구로구청),2023-07,21,25450.714285714286,25568.0
seoul,2,233,대림(구로구청),2023-08,23,23635.08695652174,24032.0
seoul,2,233,대림(구로구청),2023-09,21,24853.190476190477,25953.0
seoul,2,233,대림(구로구청),2023-10,22,25176.363636363636,26610.5
seoul,2,233,대림(구로구청),2023-11,22,26099.636363636364,26184.0
seoul,2,233,대림(구로구청),2023-12,21,25443.52380952381,25876.0
seoul,2,233,대림(구로구청),2024-01,23,24715.565217391304,25385.0
seoul,2,233,대림(구로구청),2024-02,21,24920.190476190477,26116.0
seoul,2,233,대림(구로구청),2024-03,21,26288.761904761905,26758.0
seoul,2,233,대림(구로구청),2024-04,22,26761.909090909092,27185.5
seoul,2,233,대림(구로구청),2024-05,23,26095.391304347828,27440.0
seoul,2,233,대림(구로구청),2024-06,20,26276.8,26587.0
seoul,2,233,대림(구로구청),2024-07,23,25552.17391304348,25466.0
seoul,2,233,대림(구로구청),2024-08,22,24089.18181818182,24411.0
seoul,2,233,대림(구로구청),2024-09,21,24131.285714285714,26075.0
seoul,2,233,대림(구로구청),2024-10,23,25566.521739130436,26741.0
seoul,2,233,대림(구로구청),2024-11,21,26793.95238095238,26824.0
seoul,2,233,대림(구로구청),2024-12,22,25908.272727272728,26297.5
seoul,2,234,신도림,2022-07,21,49723.42857142857,49672.0
seoul,2,234,신도림,2022-08,23,46383.608695652176,47274.0
seoul,2,234,신도림,2022-09,22,48527.22727272727,51631.0
seoul,2,234,신도림,2022-10,21,50148.47619047619,53002.0
seoul,2,234,신도림,2022-11,22,52164.0,52375.0
seoul,2,234,신도림,2022-12,22,52613.454545454544,52652.0
seoul,2,234,신도림,2023-01,22,48740.72727272727,51693.5
seoul,2,234,신도림,2023-02,20,53768.65,53956.5
seoul,2,234,신도림,2023-03,23,53617.739130434784,54743.0
seoul,2,234,신도림,2023-04,20,54162.25,54509.5
seoul,2,234,신도림,2023-05,23,51349.260869565216,54004.0
seoul,2,234,신도림,2023-06,22,52485.59090909091,53211.5
seoul,2,234,신도림,2023-07,21,52287.0,52442.0
seoul,2,234,신도림,2023-08,23,49518.52173913043,50125.0
seoul,2,234,신도림,2023-09,21,50733.333333333336,53677.0
seoul,2,234,신도림,2023-10,22,50702.86363636364,53737.0
seoul,2,234,신도림,2023-11,22,53652.681818181816,53855.0
seoul,2,234,신도림,2023-12,21,53256.619047619046,54371.0
seoul,2,234,신도림,2024-01,23,50893.65217391304,52605.0
seoul,2,234,신도림,2024-02,21,51120.333333333336,53826.0
seoul,2,234,신도림,2024-03,21,54706.619047619046,55680.0
seoul,2,234,신도림,2024-04,22,54643.86363636364,55601.5
seoul,2,234,신도림,2024-05,23,53285.260869565216,55937.0
seoul,2,234,신도림,2024-06,20,54303.1,55517.5
seoul,2,234,신도림,2024-07,23,53659.434782608696,53549.0
seoul,2,234,신도림,2024-08,22,51466.27272727273,52244.5
seoul,2,234,신도림,2024-09,21,49745.42857142857,54745.0
seoul,2,234,신도림,2024-10,23,52184.65217391304,54929.0
seoul,2,234,신도림,2024-11,21,56013.19047619047,55760.0
seoul,2,234,신도림,2024-12,22,55500.86363636364,56582.5
seoul,2,235,문래,2022-07,21,23485.380952380954,23571.0
seoul,2,235,문래,2022-08,23,21632.217391304348,22515.0
seoul,2,235,문래,2022-09,22,22173.136363636364,24056.0
seoul,2,235,문래,2022-10,21,22548.285714285714,24105.0
seoul,2,235,문래,2022-11,22,23654.090909090908,23753.0
seoul,2,235,문래,2022-12,22,23701.5,23690.0
seoul,2,235,문래,2023-01,22,22004.363636363636,23850.0
seoul,2,235,문래,2023-02,20,24745.75,24901.0
seoul,2,235,문래,2023-03,23,24250.217391304348,24963.0
seoul,2,235,문래,2023-04,20,24759.4,24799.5
seoul,2,235,문래,2023-05,23,22927.521739130436,24869.0
seoul,2,235,문래,2023-06,22,23665.5,24602.0
seoul,2,235,문래,2023-07,21,24362.52380952381,24343.0
seoul,2,235,문래,2023-08,23,22760.043478260868,23646.0
seoul,2,235,문래,2023-09,21,23242.619047619046,25238.0
seoul,2,235,문래,2023-10,22,22925.727272727272,25136.0
seoul,2,235,문래,2023-11,22,25011.454545454544,25033.0
seoul,2,235,문래,2023-12,21,24651.95238095238,25243.0
seoul,2,235,문래,2024-01,23,24576.608695652172,25617.0
seoul,2,235,문래,2024-02,21,23964.47619047619,25787.0
seoul,2,235,문래,2024-03,21,25423.666666666668,26109.0
seoul,2,235,문래,2024-04,22,25497.0,26100.0
seoul,2,235,문래,2024-05,23,24455.08695652174,26493.0
seoul,2,235,문래,2024-06,20,25271.5,26032.5
seoul,2,235,문래,2024-07,23,25668.260869565216,25841.0
seoul,2,235,문래,2024-08,22,23927.0,24627.5
seoul,2,235,문래,2024-09,21,23054.714285714286,26021.0
seoul,2,235,문래,2024-10,23,24168.304347826088,25999.0
seoul,2,235,문래,2024-11,21,26670.190476190477,26641.0
seoul,2,235,문래,2024-12,22,25924.5,26607.0
seoul,2,236,영등포구청,2022-07,21,23129.52380952381,23101.0
seoul,2,236,영등포구청,2022-08,23,21314.0,22090.0
seoul,2,236,영등포구청,2022-09,22,22183.636363636364,23925.0
seoul,2,236,영등포구청,2022-10,21,22744.095238095237,24234.0
seoul,2,236,영등포구청,2022-11,22,23685.590909090908,23838.5
seoul,2,236,영등포구청,2022-12,22,23674.18181818182,23631.0
seoul,2,236,영등포구청,2023-01,22,22150.0,24143.0
seoul,2,236,영등포구청,2023-02,20,24541.3,24562.5
seoul,2,236,영등포구청,2023-03,23,23944.739130434784,24664.0
seoul,2,236,영등포구청,2023-04,20,24552.45,24635.0
seoul,2,236,영등포구청,2023-05,23,22905.130434782608,24719.0
seoul,2,236,영등포구청,2023-06,22,23658.0,24508.5
seoul,2,236,영등포구청,2023-07,21,23705.095238095237,23828.0
seoul,2,236,영등포구청,2023-08,23,22060.739130434784,23065.0
seoul,2,236,영등포구청,2023-09,21,22646.238095238095,24411.0
seoul,2,236,영등포구청,2023-10,22,22387.18181818182,24519.0
seoul,2,236,영등포구청,2023-11,22,24412.909090909092,24491.0
seoul,2,236,영등포구청,2023-12,21,23882.380952380954,24645.0
seoul,2,236,영등포구청,2024-01,23,23959.739130434784,24918.0
seoul,2,236,영등포구청,2024-02,21,23565.619047619046,25501.0
seoul,2,236,영등포구청,2024-03,21,25324.285714285714,26028.0
seoul,2,236,영등포구청,2024-04,22,25139.636363636364,25815.0
seoul,2,236,영등포구청,2024-05,23,24134.260869565216,26063.0
seoul,2,236,영등포구청,2024-06,20,24628.9,25574.5
seoul,2,236,영등포구청,2024-07,23,24684.391304347828,24836.0
seoul,2,236,영등포구청,2024-08,22,23187.68181818182,23840.5
seoul,2,236,영등포구청,2024-09,21,22567.333333333332,25500.0
seoul,2,236,영등포구청,2024-10,23,23719.82608695652,25572.0
seoul,2,236,영등포구청,2024-11,21,25877.761904761905,25882.0
seoul,2,236,영등포구청,2024-12,22,24874.409090909092,25771.0
seoul,2,237,당산,2022-07,21,18760.809523809523,18701.0
seoul,2,237,당산,2022-08,23,17336.739130434784,17672.0
seoul,2,237,당산,2022-09,22,18800.363636363636,20261.0
seoul,2,237,당산,2022-10,21,19350.95238095238,20654.0
seoul,2,237,당산,2022-11,22,20185.545454545456,20364.0
seoul,2,237,당산,2022-12,22,19442.227272727272,19429.0
seoul,2,237,당산,2023-01,22,17749.18181818182,19010.0
seoul,2,237,당산,2023-02,20,20267.55,20394.5
seoul,2,237,당산,2023-03,23,21173.739130434784,21786.0
seoul,2,237,당산,2023-04,20,21405.95,21615.0
seoul,2,237,당산,2023-05,23,20254.869565217392,21628.0
seoul,2,237,당산,2023-06,22,20253.772727272728,20970.0
seoul,2,237,당산,2023-07,21,19579.666666666668,19579.0
seoul,2,237,당산,2023-08,23,18090.739130434784,18450.0
seoul,2,237,당산,2023-09,21,19102.52380952381,20242.0
seoul,2,237,당산,2023-10,22,19224.272727272728,20741.0
seoul,2,237,당산,2023-11,22,20119.772727272728,20149.5
seoul,2,237,당산,2023-12,21,19312.95238095238,19942.0
seoul,2,237,당산,2024-01,23,18465.91304347826,19084.0
seoul,2,237,당산,2024-02,21,18117.714285714286,19271.0
seoul,2,237,당산,2024-03,21,20007.428571428572,20506.0
seoul,2,237,당산,2024-04,22,20364.5,20909.5
seoul,2,237,당산,2024-05,23,19649.82608695652,20982.0
seoul,2,237,당산,2024-06,20,19784.0,20272.0
seoul,2,237,당산,2024-07,23,19178.260869565216,19159.0
seoul,2,237,당산,2024-08,22,17813.81818181818,18185.0
seoul,2,237,당산,2024-09,21,18604.428571428572,20793.0
seoul,2,237,당산,2024-10,23,20015.82608695652,21200.0
seoul,2,237,당산,2024-11,21,21167.52380952381,21292.0
seoul,2,237,당산,2024-12,22,20561.272727272728,21163.5
seoul,2,238,합정,2022-07,21,32525.47619047619,32480.0
seoul,2,238,합정,2022-08,23,30646.043478260868,30984.0
seoul,2,238,합정,2022-09,22,31418.636363636364,32960.5
seoul,2,238,합정,2022-10,21,31749.666666666668,32452.0
seoul,2,238,합정,2022-11,22,32588.409090909092,32179.5
seoul,2,238,합정,2022-12,22,33465.5,33911.0
seoul,2,238,합정,2023-01,22,31261.227272727272,33074.0
seoul,2,238,합정,2023-02,20,34941.85,34670.0
seoul,2,238,합정,2023-03,23,33959.47826086957,34024.0
seoul,2,238,합정,2023-04,20,34473.0,34202.0
seoul,2,238,합정,2023-05,23,32771.04347826087,33558.0
seoul,2,238,합정,2023-06,22,33621.818181818184,33514.0
seoul,2,238,합정,2023-07,21,34019.380952380954,34311.0
seoul,2,238,합정,2023-08,23,32124.695652173912,32656.0
seoul,2,238,합정,2023-09,21,31929.761904761905,32865.0
seoul,2,238,합정,2023-10,22,32293.5,33022.0
seoul,2,238,합정,2023-11,22,33875.5,33575.0
seoul,2,238,합정,2023-12,21,33857.28571428572,34296.0
seoul,2,238,합정,2024-01,23,32713.08695652174,33224.0
seoul,2,238,합정,2024-02,21,32972.52380952381,34047.0
seoul,2,238,합정,2024-03,21,34071.619047619046,33826.0
seoul,2,238,합정,2024-04,22,34218.181818181816,34204.0
seoul,2,238,합정,2024-05,23,33320.47826086957,33729.0
seoul,2,238,합정,2024-06,20,33853.35,34088.5
seoul,2,238,합정,2024-07,23,33590.565217391304,33791.0
seoul,2,238,합정,2024-08,22,32498.31818181818,32754.5
seoul,2,238,합정,2024-09,21,30395.428571428572,32582.0
seoul,2,238,합정,2024-10,23,32881.0,33639.0
seoul,2,238,합정,2024-11,21,33939.666666666664,33288.0
seoul,2,238,합정,2024-12,22,33932.954545454544,33386.0
seoul,2,239,홍대입구,2022-07,21,60507.76190476191,59833.0
seoul,2,239,홍대입구,2022-08,23,57458.739130434784,57999.0
seoul,2,239,홍대입구,2022-09,22,59397.90909090909,59733.5
seoul,2,239,홍대입구,2022-10,21,61924.95238095238,61157.0
seoul,2,239,홍대입구,2022-11,22,61458.59090909091,60295.0
seoul,2,239,홍대입구,2022-12,22,65909.36363636363,65993.5
seoul,2,239,홍대입구,2023-01,22,61347.36363636364,62573.0
seoul,2,239,홍대입구,2023-02,20,66707.1,66269.5
seoul,2,239,홍대입구,2023-03,23,67563.43478260869,66583.0
seoul,2,239,홍대입구,2023-04,20,66631.6,65381.0
seoul,2,239,홍대입구,2023-05,23,66742.47826086957,65553.0
seoul,2,239,홍대입구,2023-06,22,66401.86363636363,65224.5
seoul,2,239,홍대입구,2023-07,21,66993.95238095238,66875.0
seoul,2,239,홍대입구,2023-08,23,64559.913043478264,65233.0
seoul,2,239,홍대입구,2023-09,21,63894.76190476191,64651.0
seoul,2,239,홍대입구,2023-10,22,66475.45454545454,65941.5
seoul,2,239,홍대입구,2023-11,22,68240.40909090909,66436.0
seoul,2,239,홍대입구,2023-12,21,71592.80952380953,70669.0
seoul,2,239,홍대입구,2024-01,23,65919.82608695653,65534.0
seoul,2,239,홍대입구,2024-02,21,69917.14285714286,70953.0
seoul,2,239,홍대입구,2024-03,21,71576.90476190476,70271.0
seoul,2,239,홍대입구,2024-04,22,70730.95454545454,70964.5
seoul,2,239,홍대입구,2024-05,23,72187.60869565218,70121.0
seoul,2,239,홍대입구,2024-06,20,70625.75,69910.0
seoul,2,239,홍대입구,2024-07,23,71203.52173913043,70927.0
seoul,2,239,홍대입구,2024-08,22,70028.0,69316.5
seoul,2,239,홍대입구,2024-09,21,65896.38095238095,67584.0
seoul,2,239,홍대입구,2024-10,23,71441.78260869565,70028.0
seoul,2,239,홍대입구,2024-11,21,71361.52380952382,68263.0
seoul,2,239,홍대입구,2024-12,22,75107.27272727272,73201.5
seoul,2,240,신촌,2022-07,21,36702.52380952381,36971.0
seoul,2,240,신촌,2022-08,23,33980.608695652176,34607.0
seoul,2,240,신촌,2022-09,22,38943.318181818184,40386.0
seoul,2,240,신촌,2022-10,21,38574.23809523809,39650.0
seoul,2,240,신촌,2022-11,22,39494.90909090909,39560.0
seoul,2,240,신촌,2022-12,22,38999.045454545456,39067.0
seoul,2,240,신촌,2023-01,22,34816.545454545456,36680.5
seoul,2,240,신촌,2023-02,20,38555.75,38780.0
seoul,2,240,신촌,2023-03,23,42639.52173913043,43259.0
seoul,2,240,신촌,2023-04,20,41447.55,41070.5
seoul,2,240,신촌,2023-05,23,41427.69565217391,43068.0
seoul,2,240,신촌,2023-06,22,40170.09090909091,40619.5
seoul,2,240,신촌,2023-07,21,38811.47619047619,38514.0
seoul,2,240,신촌,2023-08,23,36388.13043478261,37093.0
seoul,2,240,신촌,2023-09,21,40643.28571428572,43341.0
seoul,2,240,신촌,2023-10,22,39164.72727272727,40949.0
seoul,2,240,신촌,2023-11,22,41715.59090909091,41615.5
seoul,2,240,신촌,2023-12,21,40295.380952380954,40830.0
seoul,2,240,신촌,2024-01,23,37072.0,38169.0
seoul,2,240,신촌,2024-02,21,37178.380952380954,38513.0
seoul,2,240,신촌,2024-03,21,43297.52380952381,43466.0
seoul,2,240,신촌,2024-04,22,41647.954545454544,42423.0
seoul,2,240,신촌,2024-05,23,42135.913043478264,43204.0
seoul,2,240,신촌,2024-06,20,40352.9,40887.5
seoul,2,240,신촌,2024-07,23,38958.82608695652,39050.0
seoul,2,240,신촌,2024-08,22,36770.0,37060.5
seoul,2,240,신촌,2024-09,21,38723.0,42472.0
seoul,2,240,신촌,2024-10,23,40220.82608695652,41313.0
seoul,2,240,신촌,2024-11,21,42276.90476190476,42276.0
seoul,2,240,신촌,2024-12,22,41102.13636363636,41309.0
seoul,2,241,이대,2022-07,21,14252.42857142857,14286.0
seoul,2,241,이대,2022-08,23,13066.08695652174,13359.0
seoul,2,241,이대,2022-09,22,17532.545454545456,18565.5
seoul,2,241,이대,2022-10,21,17344.04761904762,18381.0
seoul,2,241,이대,2022-11,22,18346.363636363636,18405.5
seoul,2,241,이대,2022-12,22,16574.409090909092,16770.5
seoul,2,241,이대,2023-01,22,13587.818181818182,14485.0
seoul,2,241,이대,2023-02,20,15472.4,14970.5
seoul,2,241,이대,2023-03,23,20402.260869565216,20907.0
seoul,2,241,이대,2023-04,20,20273.0,20393.5
seoul,2,241,이대,2023-05,23,19582.304347826088,21026.0
seoul,2,241,이대,2023-06,22,17578.5,17877.5
seoul,2,241,이대,2023-07,21,15757.380952380952,15864.0
seoul,2,241,이대,2023-08,23,14602.08695652174,14672.0
seoul,2,241,이대,2023-09,21,18647.666666666668,19868.0
seoul,2,241,이대,2023-10,22,17909.68181818182,19234.5
seoul,2,241,이대,2023-11,22,19346.409090909092,19292.0
seoul,2,241,이대,2023-12,21,17267.095238095237,17807.0
seoul,2,241,이대,2024-01,23,14699.652173913044,15113.0
seoul,2,241,이대,2024-02,21,15175.619047619048,15681.0
seoul,2,241,이대,2024-03,21,20666.666666666668,21024.0
seoul,2,241,이대,2024-04,22,20300.090909090908,20578.0
seoul,2,241,이대,2024-05,23,20015.043478260868,21129.0
seoul,2,241,이대,2024-06,20,18251.65,18209.0
seoul,2,241,이대,2024-07,23,16287.652173913044,16346.0
seoul,2,241,이대,2024-08,22,15392.681818181818,15470.0
seoul,2,241,이대,2024-09,21,18220.571428571428,20268.0
seoul,2,241,이대,2024-10,23,18880.956521739132,19749.0
seoul,2,241,이대,2024-11,21,20163.714285714286,20304.0
seoul,2,241,이대,2024-12,22,17816.409090909092,18368.5
seoul,2,242,아현,2022-07,21,10970.333333333334,10942.0
seoul,2,242,아현,2022-08,23,10224.652173913044,10574.0
seoul,2,242,아현,2022-09,22,11079.727272727272,11792.5
seoul,2,242,아현,2022-10,21,11255.666666666666,11817.0
seoul,2,242,아현,2022-11,22,11652.863636363636,11691.5
seoul,2,242,아현,2022-12,22,11323.59090909091,11203.5
seoul,2,242,아현,2023-01,22,10326.454545454546,11135.5
seoul,2,242,아현,2023-02,20,11357.25,11286.5
seoul,2,242,아현,2023-03,23,12263.347826086956,12533.0
seoul,2,242,아현,2023-04,20,12364.4,12410.5
seoul,2,242,아현,2023-05,23,11896.695652173914,12562.0
seoul,2,242,아현,2023-06,22,11860.0,12144.0
seoul,2,242,아현,2023-07,21,11522.904761904761,11441.0
seoul,2,242,아현,2023-08,23,10875.478260869566,11047.0
seoul,2,242,아현,2023-09,21,11777.952380952382,12415.0
seoul,2,242,아현,2023-10,22,11535.954545454546,12319.5
seoul,2,242,아현,2023-11,22,12146.681818181818,12250.0
seoul,2,242,아현,2023-12,21,11669.238095238095,11971.0
seoul,2,242,아현,2024-01,23,10804.608695652174,11180.0
seoul,2,242,아현,2024-02,21,10801.333333333334,11434.0
seoul,2,242,아현,2024-03,21,12418.761904761905,12788.0
seoul,2,242,아현,2024-04,22,12415.545454545454,12756.0
seoul,2,242,아현,2024-05,23,12231.652173913044,12923.0
seoul,2,242,아현,2024-06,20,12205.1,12483.0
seoul,2,242,아현,2024-07,23,11844.521739130434,12056.0
seoul,2,242,아현,2024-08,22,11077.136363636364,11275.0
seoul,2,242,아현,2024-09,21,11258.857142857143,12423.0
seoul,2,242,아현,2024-10,23,11826.652173913044,12479.0
seoul,2,242,아현,2024-11,21,12517.42857142857,12570.0
seoul,2,242,아현,2024-12,22,11903.227272727272,12206.5
seoul,2,243,충정로(경기대입구),2022-07,21,10493.714285714286,10528.0
seoul,2,243,충정로(경기대입구),2022-08,23,9785.347826086956,10082.0
seoul,2,243,충정로(경기대입구),2022-09,22,10187.818181818182,10901.5
seoul,2,243,충정로(경기대입구),2022-10,21,10398.333333333334,11059.0
seoul,2,243,충정로(경기대입구),2022-11,22,11038.772727272728,11070.0
seoul,2,243,충정로(경기대입구),2022-12,22,10889.681818181818,10909.0
seoul,2,243,충정로(경기대입구),2023-01,22,10038.0,10765.5
seoul,2,243,충정로(경기대입구),2023-02,20,11260.6,11225.0
seoul,2,243,충정로(경기대입구),2023-03,23,11232.652173913044,11578.0
seoul,2,243,충정로(경기대입구),2023-04,20,11498.1,11514.0
seoul,2,243,충정로(경기대입구),2023-05,23,10766.391304347826,11629.0
seoul,2,243,충정로(경기대입구),2023-06,22,11048.681818181818,11421.0
seoul,2,243,충정로(경기대입구),2023-07,21,11312.904761904761,11263.0
seoul,2,243,충정로(경기대입구),2023-08,23,10494.95652173913,11012.0
seoul,2,243,충정로(경기대입구),2023-09,21,10826.238095238095,11590.0
seoul,2,243,충정로(경기대입구),2023-10,22,10729.727272727272,11712.0
seoul,2,243,충정로(경기대입구),2023-11,22,11614.181818181818,11667.0
seoul,2,243,충정로(경기대입구),2023-12,21,11253.52380952381,11722.0
seoul,2,243,충정로(경기대입구),2024-01,23,10950.217391304348,11382.0
seoul,2,243,충정로(경기대입구),2024-02,21,10693.190476190477,11567.0
seoul,2,243,충정로(경기대입구),2024-03,21,11549.095238095239,11843.0
seoul,2,243,충정로(경기대입구),2024-04,22,11470.227272727272,11841.0
seoul,2,243,충정로(경기대입구),2024-05,23,10873.608695652174,11775.0
seoul,2,243,충정로(경기대입구),2024-06,20,11345.65,11761.5
seoul,2,243,충정로(경기대입구),2024-07,23,11409.91304347826,11410.0
seoul,2,243,충정로(경기대입구),2024-08,22,10495.5,10808.0
seoul,2,243,충정로(경기대입구),2024-09,21,10220.047619047618,11469.0
seoul,2,243,충정로(경기대입구),2024-10,23,10736.391304347826,11539.0
seoul,2,243,충정로(경기대입구),2024-11,21,11753.666666666666,11748.0
seoul,2,243,충정로(경기대입구),2024-12,22,11291.227272727272,11720.0
seoul,2,244,용답,2022-07,21,2844.9523809523807,2830.0
seoul,2,244,용답,2022-08,23,2695.3478260869565,2724.0
seoul,2,244,용답,2022-09,22,3218.1363636363635,3339.0
seoul,2,244,용답,2022-10,21,3193.809523809524,3337.0
seoul,2,244,용답,2022-11,22,3350.8636363636365,3336.0
seoul,2,244,용답,2022-12,22,3085.9545454545455,3117.5
seoul,2,244,용답,2023-01,22,2866.909090909091,3023.5
seoul,2,244,용답,2023-02,20,3127.2,3130.0
seoul,2,244,용답,2023-03,23,3677.8695652173915,3726.0
seoul,2,244,용답,2023-04,20,3603.85,3604.0
seoul,2,244,용답,2023-05,23,3401.8260869565215,3576.0
seoul,2,244,용답,2023-06,22,3276.1363636363635,3334.0
seoul,2,244,용답,2023-07,21,3111.809523809524,3101.0
seoul,2,244,용답,2023-08,23,2918.217391304348,2969.0
seoul,2,244,용답,2023-09,21,3402.6666666666665,3542.0
seoul,2,244,용답,2023-10,22,3293.9545454545455,3504.0
seoul,2,244,용답,2023-11,22,3479.090909090909,3482.5
seoul,2,244,용답,2023-12,21,3305.3333333333335,3367.0
seoul,2,244,용답,2024-01,23,2998.4347826086955,3071.0
seoul,2,244,용답,2024-02,21,2990.4285714285716,3129.0
seoul,2,244,용답,2024-03,21,3684.285714285714,3706.0
seoul,2,244,용답,2024-04,22,3580.409090909091,3646.5
seoul,2,244,용답,2024-05,23,3503.086956521739,3677.0
seoul,2,244,용답,2024-06,20,3426.6,3470.0
seoul,2,244,용답,2024-07,23,3232.8260869565215,3237.0
seoul,2,244,용답,2024-08,22,3029.681818181818,3073.0
seoul,2,244,용답,2024-09,21,3300.285714285714,3606.0
seoul,2,244,용답,2024-10,23,3410.9565217391305,3594.0
seoul,2,244,용답,2024-11,21,3613.0,3617.0
seoul,2,244,용답,2024-12,22,3359.8636363636365,3411.5
seoul,2,245,신답,2022-07,21,1793.0,1787.0
seoul,2,245,신답,2022-08,23,1663.0434782608695,1704.0
seoul,2,245,신답,2022-09,22,1755.5,1864.5
seoul,2,245,신답,2022-10,21,1793.047619047619,1892.0
seoul,2,245,신답,2022-11,22,1891.7272727272727,1873.5
seoul,2,245,신답,2022-12,22,1835.9545454545455,1841.0
seoul,2,245,신답,2023-01,22,1741.409090909091,1866.5
seoul,2,245,신답,2023-02,20,1922.65,1915.0
seoul,2,245,신답,2023-03,23,1928.695652173913,1961.0
seoul,2,245,신답,2023-04,20,1945.8,1934.5
seoul,2,245,신답,2023-05,23,1840.4347826086957,1952.0
seoul,2,245,신답,2023-06,22,1857.590909090909,1913.5
seoul,2,245,신답,2023-07,21,1833.1904761904761,1813.0
seoul,2,245,신답,2023-08,23,1703.0,1754.0
seoul,2,245,신답,2023-09,21,1796.1904761904761,1905.0
seoul,2,245,신답,2023-10,22,1769.7272727272727,1900.5
seoul,2,245,신답,2023-11,22,1883.1363636363637,1887.0
seoul,2,245,신답,2023-12,21,1803.6190476190477,1859.0
seoul,2,245,신답,2024-01,23,1741.9130434782608,1804.0
seoul,2,245,신답,2024-02,21,1739.6190476190477,1856.0
seoul,2,245,신답,2024-03,21,1966.2380952380952,1975.0
seoul,2,245,신답,2024-04,22,1912.0454545454545,1951.5
seoul,2,245,신답,2024-05,23,1798.5652173913043,1931.0
seoul,2,245,신답,2024-06,20,1855.5,1889.5
seoul,2,245,신답,2024-07,23,1837.3478260869565,1842.0
seoul,2,245,신답,2024-08,22,1690.6363636363637,1710.0
seoul,2,245,신답,2024-09,21,1674.5714285714287,1858.0
seoul,2,245,신답,2024-10,23,1794.304347826087,1900.0
seoul,2,245,신답,2024-11,21,1880.6190476190477,1878.0
seoul,2,245,신답,2024-12,22,1809.5,1853.5
seoul,2,246,신설동,2022-07,21,3562.5238095238096,3479.0
seoul,2,246,신설동,2022-08,23,3230.9565217391305,3191.0
seoul,2,246,신설동,2022-09,22,3541.409090909091,3608.5
seoul,2,246,신설동,2022-10,21,3602.4285714285716,3668.0
seoul,2,246,신설동,2022-11,22,3686.2272727272725,3671.0
seoul,2,246,신설동,2022-12,22,3752.909090909091,3668.5
seoul,2,246,신설동,2023-01,22,3460.681818181818,3563.5
seoul,2,246,신설동,2023-02,20,3812.95,3758.0
seoul,2,246,신설동,2023-03,23,3995.3478260869565,3988.0
seoul,2,246,신설동,2023-04,20,4023.35,3929.5
seoul,2,246,신설동,2023-05,23,3852.086956521739,3901.0
seoul,2,246,신설동,2023-06,22,3763.2727272727275,3721.0
seoul,2,246,신설동,2023-07,21,3808.7619047619046,3747.0
seoul,2,246,신설동,2023-08,23,3467.391304347826,3509.0
seoul,2,246,신설동,2023-09,21,3661.6190476190477,3786.0
seoul,2,246,신설동,2023-10,22,3671.8636363636365,3779.0
seoul,2,246,신설동,2023-11,22,3875.590909090909,3783.0
seoul,2,246,신설동,2023-12,21,3841.2380952380954,3905.0
seoul,2,246,신설동,2024-01,23,3657.0,3635.0
seoul,2,246,신설동,2024-02,21,3641.3333333333335,3708.0
seoul,2,246,신설동,2024-03,21,4154.9047619047615,4109.0
seoul,2,246,신설동,2024-04,22,3992.818181818182,3924.0
seoul,2,246,신설동,2024-05,23,3892.217391304348,3961.0
seoul,2,246,신설동,2024-06,20,3877.8,3870.0
seoul,2,246,신설동,2024-07,23,3722.6521739130435,3686.0
seoul,2,246,신설동,2024-08,22,3549.2272727272725,3593.0
seoul,2,246,신설동,2024-09,21,3574.285714285714,3822.0
seoul,2,246,신설동,2024-10,23,3810.2608695652175,3860.0
seoul,2,246,신설동,2024-11,21,3947.5238095238096,3930.0
seoul,2,246,신설동,2024-12,22,3787.1363636363635,3780.5
seoul,2,247,도림천,2022-07,21,1494.4285714285713,1525.0
seoul,2,247,도림천,2022-08,23,1367.6521739130435,1375.0
seoul,2,247,도림천,2022-09,22,1353.6363636363637,1433.0
seoul,2,247,도림천,2022-10,21,1339.5714285714287,1416.0
seoul,2,247,도림천,2022-11,22,1450.409090909091,1453.0
seoul,2,247,도림천,2022-12,22,1459.7272727272727,1458.0
seoul,2,247,도림천,2023-01,22,1387.1818181818182,1482.5
seoul,2,247,도림천,2023-02,20,1468.6,1460.0
seoul,2,247,도림천,2023-03,23,1474.695652173913,1496.0
seoul,2,247,도림천,2023-04,20,1444.75,1441.0
seoul,2,247,도림천,2023-05,23,1351.5217391304348,1432.0
seoul,2,247,도림천,2023-06,22,1383.8181818181818,1425.5
seoul,2,247,도림천,2023-07,21,1494.7142857142858,1505.0
seoul,2,247,도림천,2023-08,23,1405.391304347826,1489.0
seoul,2,247,도림천,2023-09,21,1366.1904761904761,1456.0
seoul,2,247,도림천,2023-10,22,1323.6363636363637,1420.5
seoul,2,247,도림천,2023-11,22,1420.409090909091,1416.0
seoul,2,247,도림천,2023-12,21,1396.047619047619,1438.0
seoul,2,247,도림천,2024-01,23,1377.5217391304348,1421.0
seoul,2,247,도림천,2024-02,21,1363.857142857143,1434.0
seoul,2,247,도림천,2024-03,21,1530.4761904761904,1558.0
seoul,2,247,도림천,2024-04,22,1545.409090909091,1522.5
seoul,2,247,도림천,2024-05,23,1384.9565217391305,1469.0
seoul,2,247,도림천,2024-06,20,1477.45,1510.0
seoul,2,247,도림천,2024-07,23,1522.5217391304348,1547.0
seoul,2,247,도림천,2024-08,22,1413.3181818181818,1445.5
seoul,2,247,도림천,2024-09,21,1337.5714285714287,1485.0
seoul,2,247,도림천,2024-10,23,1399.391304347826,1483.0
seoul,2,247,도림천,2024-11,21,1496.857142857143,1488.0
seoul,2,247,도림천,2024-12,22,1450.7727272727273,1488.5
seoul,2,248,양천구청,2022-07,21,7169.0952380952385,7209.0
seoul,2,248,양천구청,2022-08,23,6614.260869565217,6857.0
seoul,2,248,양천구청,2022-09,22,7232.818181818182,7654.5
seoul,2,248,양천구청,2022-10,21,7362.428571428572,7766.0
seoul,2,248,양천구청,2022-11,22,7649.045454545455,7653.5
seoul,2,248,양천구청,2022-12,22,7473.409090909091,7487.5
seoul,2,248,양천구청,2023-01,22,6916.727272727273,7369.0
seoul,2,248,양천구청,2023-02,20,7704.5,7713.5
seoul,2,248,양천구청,2023-03,23,7972.130434782609,8147.0
seoul,2,248,양천구청,2023-04,20,8061.65,8061.0
seoul,2,248,양천구청,2023-05,23,7696.695652173913,8153.0
seoul,2,248,양천구청,2023-06,22,7659.409090909091,7907.5
seoul,2,248,양천구청,2023-07,21,7465.761904761905,7423.0
seoul,2,248,양천구청,2023-08,23,6880.913043478261,7142.0
seoul,2,248,양천구청,2023-09,21,7413.428571428572,7867.0
seoul,2,248,양천구청,2023-10,22,7383.227272727273,7946.5
seoul,2,248,양천구청,2023-11,22,7805.136363636364,7809.5
seoul,2,248,양천구청,2023-12,21,7551.238095238095,7793.0
seoul,2,248,양천구청,2024-01,23,7173.04347826087,7392.0
seoul,2,248,양천구청,2024-02,21,7146.0952380952385,7592.0
seoul,2,248,양천구청,2024-03,21,7894.142857142857,7977.0
seoul,2,248,양천구청,2024-04,22,7864.636363636364,8029.5
seoul,2,248,양천구청,2024-05,23,7612.217391304348,8096.0
seoul,2,248,양천구청,2024-06,20,7677.85,7867.0
seoul,2,248,양천구청,2024-07,23,7485.478260869565,7475.0
seoul,2,248,양천구청,2024-08,22,6843.727272727273,7018.5
seoul,2,248,양천구청,2024-09,21,6996.047619047619,7804.0
seoul,2,248,양천구청,2024-10,23,7395.782608695652,7885.0
seoul,2,248,양천구청,2024-11,21,7942.952380952381,7941.0
seoul,2,248,양천구청,2024-12,22,7561.909090909091,7811.5
seoul,2,249,신정네거리,2022-07,21,10802.238095238095,10773.0
seoul,2,249,신정네거리,2022-08,23,9972.08695652174,10201.0
seoul,2,249,신정네거리,2022-09,22,10693.772727272728,11393.5
seoul,2,249,신정네거리,2022-10,21,10964.57142857143,11569.0
seoul,2,249,신정네거리,2022-11,22,11276.545454545454,11292.0
seoul,2,249,신정네거리,2022-12,22,11168.136363636364,11178.0
seoul,2,249,신정네거리,2023-01,22,10332.954545454546,10981.5
seoul,2,249,신정네거리,2023-02,20,11322.45,11316.5
seoul,2,249,신정네거리,2023-03,23,11497.173913043478,11744.0
seoul,2,249,신정네거리,2023-04,20,11653.7,11675.0
seoul,2,249,신정네거리,2023-05,23,11101.0,11773.0
seoul,2,249,신정네거리,2023-06,22,11135.181818181818,11512.5
seoul,2,249,신정네거리,2023-07,21,10909.619047619048,10974.0
seoul,2,249,신정네거리,2023-08,23,10293.08695652174,10516.0
seoul,2,249,신정네거리,2023-09,21,10870.952380952382,11517.0
seoul,2,249,신정네거리,2023-10,22,10855.59090909091,11539.0
seoul,2,249,신정네거리,2023-11,22,11421.681818181818,11444.5
seoul,2,249,신정네거리,2023-12,21,11209.952380952382,11439.0
seoul,2,249,신정네거리,2024-01,23,10719.391304347826,11081.0
seoul,2,249,신정네거리,2024-02,21,10696.047619047618,11333.0
seoul,2,249,신정네거리,2024-03,21,11579.952380952382,11692.0
seoul,2,249,신정네거리,2024-04,22,11579.045454545454,11840.5
seoul,2,249,신정네거리,2024-05,23,11184.608695652174,11720.0
seoul,2,249,신정네거리,2024-06,20,11240.1,11521.0
seoul,2,249,신정네거리,2024-07,23,10882.826086956522,10951.0
seoul,2,249,신정네거리,2024-08,22,10226.818181818182,10379.5
seoul,2,249,신정네거리,2024-09,21,10249.095238095239,11323.0
seoul,2,249,신정네거리,2024-10,23,10779.260869565218,11316.0
seoul,2,249,신정네거리,2024-11,21,11470.714285714286,11458.0
seoul,2,249,신정네거리,2024-12,22,11114.363636363636,11306.0
seoul,2,250,용두(동대문구청),2022-07,21,2487.3333333333335,2446.0
seoul,2,250,용두(동대문구청),2022-08,23,2379.2608695652175,2435.0
seoul,2,250,용두(동대문구청),2022-09,22,2492.0,2575.5
seoul,2,250,용두(동대문구청),2022-10,21,2470.3809523809523,2574.0
seoul,2,250,용두(동대문구청),2022-11,22,2599.090909090909,2579.5
seoul,2,250,용두(동대문구청),2022-12,22,2611.590909090909,2607.0
seoul,2,250,용두(동대문구청),2023-01,22,2500.7272727272725,2660.5
seoul,2,250,용두(동대문구청),2023-02,20,2666.05,2658.0
seoul,2,250,용두(동대문구청),2023-03,23,2725.4347826086955,2759.0
seoul,2,250,용두(동대문구청),2023-04,20,2726.35,2690.0
seoul,2,250,용두(동대문구청),2023-05,23,2637.608695652174,2755.0
seoul,2,250,용두(동대문구청),2023-06,22,2667.5,2722.5
seoul,2,250,용두(동대문구청),2023-07,21,2691.7619047619046,2705.0
seoul,2,250,용두(동대문구청),2023-08,23,2552.7391304347825,2603.0
seoul,2,250,용두(동대문구청),2023-09,21,2742.1428571428573,2881.0
seoul,2,250,용두(동대문구청),2023-10,22,2591.4545454545455,2753.0
seoul,2,250,용두(동대문구청),2023-11,22,2790.090909090909,2809.5
seoul,2,250,용두(동대문구청),2023-12,21,2756.6190476190477,2813.0
seoul,2,250,용두(동대문구청),2024-01,23,2638.521739130435,2706.0
seoul,2,250,용두(동대문구청),2024-02,21,2643.190476190476,2802.0
seoul,2,250,용두(동대문구청),2024-03,21,2853.904761904762,2852.0
seoul,2,250,용두(동대문구청),2024-04,22,2769.5,2815.5
seoul,2,250,용두(동대문구청),2024-05,23,2641.2608695652175,2759.0
seoul,2,250,용두(동대문구청),2024-06,20,2775.6,2821.0
seoul,2,250,용두(동대문구청),2024-07,23,2733.3478260869565,2738.0
seoul,2,250,용두(동대문구청),2024-08,22,2595.681818181818,2605.0
seoul,2,250,용두(동대문구청),2024-09,21,2602.4761904761904,2844.0
seoul,2,250,용두(동대문구청),2024-10,23,2763.304347826087,2881.0
seoul,2,250,용두(동대문구청),2024-11,21,2862.190476190476,2841.0
seoul,2,250,용두(동대문구청),2024-12,22,2810.090909090909,2857.5
seoul,3,309,지축,2022-07,21,5498.333333333333,5524.0
seoul,3,309,지축,2022-08,23,5068.478260869565,5261.0
seoul,3,309,지축,2022-09,22,5600.727272727273,5973.0
seoul,3,309,지축,2022-10,21,6070.190476190476,6358.0
seoul,3,309,지축,2022-11,22,6594.227272727273,6599.5
seoul,3,309,지축,2022-12,22,6427.909090909091,6464.5
seoul,3,309,지축,2023-01,22,6050.090909090909,6512.5
seoul,3,309,지축,2023-02,20,6839.65,6855.5
seoul,3,309,지축,2023-03,23,7048.347826086957,7203.0
seoul,3,309,지축,2023-04,20,7319.25,7319.5
seoul,3,309,지축,2023-05,23,7087.347826086957,7518.0
seoul,3,309,지축,2023-06,22,7245.454545454545,7489.0
seoul,3,309,지축,2023-07,21,7224.428571428572,7233.0
seoul,3,309,지축,2023-08,23,6892.217391304348,7044.0
seoul,3,309,지축,2023-09,21,7365.380952380952,7833.0
seoul,3,309,지축,2023-10,22,7551.590909090909,8028.5
seoul,3,309,지축,2023-11,22,7822.636363636364,7913.5
seoul,3,309,지축,2023-12,21,7639.333333333333,7899.0
seoul,3,309,지축,2024-01,23,7404.260869565217,7669.0
seoul,3,309,지축,2024-02,21,7387.285714285715,7881.0
seoul,3,309,지축,2024-03,21,7858.380952380952,8183.0
seoul,3,309,지축,2024-04,22,8286.636363636364,8454.0
seoul,3,309,지축,2024-05,23,8245.739130434782,8731.0
seoul,3,309,지축,2024-06,20,8415.7,8621.0
seoul,3,309,지축,2024-07,23,8283.869565217392,8323.0
seoul,3,309,지축,2024-08,22,7742.772727272727,7838.5
seoul,3,309,지축,2024-09,21,7739.285714285715,8435.0
seoul,3,309,지축,2024-10,23,8302.347826086956,8738.0
seoul,3,309,지축,2024-11,21,8716.952380952382,8741.0
seoul,3,309,지축,2024-12,22,8260.0,8394.0
seoul,3,310,구파발,2022-07,21,22129.238095238095,22216.0
seoul,3,310,구파발,2022-08,23,20323.782608695652,20970.0
seoul,3,310,구파발,2022-09,22,21709.590909090908,22883.0
seoul,3,310,구파발,2022-10,21,22192.95238095238,23369.0
seoul,3,310,구파발,2022-11,22,22842.0,22879.0
seoul,3,310,구파발,2022-12,22,22523.227272727272,22445.5
seoul,3,310,구파발,2023-01,22,20620.0,21824.0
seoul,3,310,구파발,2023-02,20,22895.15,22996.0
seoul,3,310,구파발,2023-03,23,23293.91304347826,23691.0
seoul,3,310,구파발,2023-04,20,23807.15,23890.5
seoul,3,310,구파발,2023-05,23,23029.869565217392,24159.0
seoul,3,310,구파발,2023-06,22,23249.954545454544,23879.0
seoul,3,310,구파발,2023-07,21,23325.47619047619,23283.0
seoul,3,310,구파발,2023-08,23,22047.608695652172,22355.0
seoul,3,310,구파발,2023-09,21,22725.14285714286,23983.0
seoul,3,310,구파발,2023-10,22,23058.18181818182,24323.5
seoul,3,310,구파발,2023-11,22,23702.045454545456,23683.0
seoul,3,310,구파발,2023-12,21,23150.809523809523,23694.0
seoul,3,310,구파발,2024-01,23,22204.652173913044,22998.0
seoul,3,310,구파발,2024-02,21,22342.666666666668,23583.0
seoul,3,310,구파발,2024-03,21,24066.0,23969.0
seoul,3,310,구파발,2024-04,22,24001.636363636364,24445.5
seoul,3,310,구파발,2024-05,23,23655.956521739132,24691.0
seoul,3,310,구파발,2024-06,20,23914.05,24514.5
seoul,3,310,구파발,2024-07,23,23582.08695652174,23662.0
seoul,3,310,구파발,2024-08,22,22350.227272727272,22736.0
seoul,3,310,구파발,2024-09,21,22636.190476190477,24662.0
seoul,3,310,구파발,2024-10,23,23907.130434782608,24942.0
seoul,3,310,구파발,2024-11,21,24846.95238095238,24701.0
seoul,3,310,구파발,2024-12,22,23942.727272727272,24382.0
seoul,3,311,연신내,2022-07,21,37357.857142857145,37552.0
seoul,3,311,연신내,2022-08,23,34641.47826086957,35641.0
seoul,3,311,연신내,2022-09,22,36943.27272727273,38861.0
seoul,3,311,연신내,2022-10,21,37514.380952380954,39050.0
seoul,3,311,연신내,2022-11,22,38124.77272727273,38323.5
seoul,3,311,연신내,2022-12,22,37337.681818181816,37391.5
seoul,3,311,연신내,2023-01,22,34090.77272727273,35934.0
seoul,3,311,연신내,2023-02,20,37215.9,37324.5
seoul,3,311,연신내,2023-03,23,38163.17391304348,38655.0
seoul,3,311,연신내,2023-04,20,38489.05,38585.0
seoul,3,311,연신내,2023-05,23,37278.0,38807.0
seoul,3,311,연신내,2023-06,22,37118.40909090909,37785.0
seoul,3,311,연신내,2023-07,21,36666.90476190476,36364.0
seoul,3,311,연신내,2023-08,23,34559.52173913043,34850.0
seoul,3,311,연신내,2023-09,21,36201.76190476191,38165.0
seoul,3,311,연신내,2023-10,22,36141.90909090909,38075.5
seoul,3,311,연신내,2023-11,22,37564.0,37834.0
seoul,3,311,연신내,2023-12,21,36715.71428571428,37545.0
seoul,3,311,연신내,2024-01,23,34878.608695652176,35794.0
seoul,3,311,연신내,2024-02,21,35194.28571428572,36883.0
seoul,3,311,연신내,2024-03,21,37578.04761904762,38038.0
seoul,3,311,연신내,2024-04,22,37931.09090909091,38412.0
seoul,3,311,연신내,2024-05,23,37263.434782608696,38737.0
seoul,3,311,연신내,2024-06,20,37131.7,37685.5
seoul,3,311,연신내,2024-07,23,36125.13043478261,36400.0
seoul,3,311,연신내,2024-08,22,34534.318181818184,34758.0
seoul,3,311,연신내,2024-09,21,34397.666666666664,37246.0
seoul,3,311,연신내,2024-10,23,36184.30434782609,37621.0
seoul,3,311,연신내,2024-11,21,37366.28571428572,37050.0
seoul,3,311,연신내,2024-12,22,36748.454545454544,37146.5
seoul,3,312,불광,2022-07,21,16610.428571428572,16574.0
seoul,3,312,불광,2022-08,23,15442.347826086956,15907.0
seoul,3,312,불광,2022-09,22,16680.909090909092,17639.0
seoul,3,312,불광,2022-11,22,17395.18181818182,17525.0
seoul,3,312,불광,2022-12,22,16871.636363636364,16966.0
seoul,3,312,불광,2023-01,22,15607.045454545454,16450.0
seoul,3,312,불광,2023-02,20,17329.3,17291.0
seoul,3,312,불광,2023-03,23,18002.608695652172,18276.0
seoul,3,312,불광,2023-04,20,18208.2,18292.5
seoul,3,312,불광,2023-05,23,17626.82608695652,18542.0
seoul,3,312,불광,2023-06,22,17494.31818181818,18018.0
seoul,3,312,불광,2023-07,21,17316.666666666668,17384.0
seoul,3,312,불광,2023-08,23,16373.782608695652,16419.0
seoul,3,312,불광,2023-09,21,17308.428571428572,18310.0
seoul,3,312,불광,2023-10,22,17482.863636363636,18419.0
seoul,3,312,불광,2023-11,22,17862.31818181818,17896.0
seoul,3,312,불광,2023-12,21,17349.428571428572,17727.0
seoul,3,312,불광,2024-01,23,16536.434782608696,16906.0
seoul,3,312,불광,2024-02,21,16747.285714285714,17619.0
seoul,3,312,불광,2024-03,21,18146.95238095238,18258.0
seoul,3,312,불광,2024-04,22,18150.227272727272,18505.5
seoul,3,312,불광,2024-05,23,18086.043478260868,18957.0
seoul,3,312,불광,2024-06,20,18083.65,18377.0
seoul,3,312,불광,2024-07,23,17600.608695652172,17821.0
seoul,3,312,불광,2024-08,22,16764.545454545456,17149.0
seoul,3,312,불광,2024-09,21,16996.333333333332,18526.0
seoul,3,312,불광,2024-10,23,17988.695652173912,18677.0
seoul,3,312,불광,2024-11,21,18588.380952380954,18607.0
seoul,3,312,불광,2024-12,22,17874.5,18244.5
seoul,3,313,녹번,2022-07,21,16160.57142857143,16173.0
seoul,3,313,녹번,2022-08,23,14868.782608695652,15499.0
seoul,3,313,녹번,2022-09,22,16303.954545454546,17294.0
seoul,3,313,녹번,2022-10,21,16615.0,17571.0
seoul,3,313,녹번,2022-11,22,17327.636363636364,17461.5
seoul,3,313,녹번,2022-12,22,16708.0,16858.5
seoul,3,313,녹번,2023-01,22,15445.954545454546,16589.5
seoul,3,313,녹번,2023-02,20,16968.95,17032.0
seoul,3,313,녹번,2023-03,23,17602.304347826088,18011.0
seoul,3,313,녹번,2023-04,20,17911.85,17908.5
seoul,3,313,녹번,2023-05,23,17218.652173913044,18328.0
seoul,3,313,녹번,2023-06,22,17201.636363636364,17777.5
seoul,3,313,녹번,2023-07,21,17089.380952380954,16958.0
seoul,3,313,녹번,2023-08,23,15954.608695652174,16374.0
seoul,3,313,녹번,2023-09,21,16904.809523809523,17990.0
seoul,3,313,녹번,2023-10,22,16756.545454545456,18100.0
seoul,3,313,녹번,2023-11,22,17708.636363636364,17784.0
seoul,3,313,녹번,2023-12,21,16999.619047619046,17458.0
seoul,3,313,녹번,2024-01,23,16236.521739130434,16821.0
seoul,3,313,녹번,2024-02,21,15880.57142857143,16813.0
seoul,3,313,녹번,2024-03,21,17510.714285714286,17849.0
seoul,3,313,녹번,2024-04,22,17516.909090909092,17916.0
seoul,3,313,녹번,2024-05,23,17072.304347826088,18147.0
seoul,3,313,녹번,2024-06,20,17041.95,17488.5
seoul,3,313,녹번,2024-07,23,16521.565217391304,16548.0
seoul,3,313,녹번,2024-08,22,15602.272727272728,15964.0
seoul,3,313,녹번,2024-09,21,15758.190476190477,17529.0
seoul,3,313,녹번,2024-10,23,16485.08695652174,17552.0
seoul,3,313,녹번,2024-11,21,17550.95238095238,17478.0
seoul,3,313,녹번,2024-12,22,16731.409090909092,17246.5
seoul,3,314,홍제,2022-07,21,17988.666666666668,18028.0
seoul,3,314,홍제,2022-08,23,16667.347826086956,17057.0
seoul,3,314,홍제,2022-09,22,18514.045454545456,19624.0
seoul,3,314,홍제,2022-10,21,19062.52380952381,20021.0
seoul,3,314,홍제,2022-11,22,19508.545454545456,19607.5
seoul,3,314,홍제,2022-12,22,18738.31818181818,18967.5
seoul,3,314,홍제,2023-01,22,17225.227272727272,18382.0
seoul,3,314,홍제,2023-02,20,18985.25,18878.5
seoul,3,314,홍제,2023-03,23,20159.565217391304,20600.0
seoul,3,314,홍제,2023-04,20,20480.1,20595.0
seoul,3,314,홍제,2023-05,23,19874.782608695652,20918.0
seoul,3,314,홍제,2023-06,22,19426.0,19882.0
seoul,3,314,홍제,2023-07,21,18888.428571428572,18825.0
seoul,3,314,홍제,2023-08,23,17740.652173913044,17840.0
seoul,3,314,홍제,2023-09,21,19449.285714285714,20487.0
seoul,3,314,홍제,2023-10,22,19577.81818181818,20838.5
seoul,3,314,홍제,2023-11,22,20385.863636363636,20425.5
seoul,3,314,홍제,2023-12,21,19574.95238095238,20100.0
seoul,3,314,홍제,2024-01,23,18389.478260869564,18880.0
seoul,3,314,홍제,2024-02,21,18417.619047619046,19468.0
seoul,3,314,홍제,2024-03,21,20701.380952380954,20729.0
seoul,3,314,홍제,2024-04,22,20838.272727272728,21153.5
seoul,3,314,홍제,2024-05,23,20390.304347826088,21327.0
seoul,3,314,홍제,2024-06,20,19941.15,20211.5
seoul,3,314,홍제,2024-07,23,18884.478260869564,19042.0
seoul,3,314,홍제,2024-08,22,17716.363636363636,17898.0
seoul,3,314,홍제,2024-09,21,18259.809523809523,20023.0
seoul,3,314,홍제,2024-10,23,19459.695652173912,20311.0
seoul,3,314,홍제,2024-11,21,20208.095238095237,20266.0
seoul,3,314,홍제,2024-12,22,19226.31818181818,19698.0
seoul,3,315,무악재,2022-07,21,4149.523809523809,4129.0
seoul,3,315,무악재,2022-08,23,3793.521739130435,3916.0
seoul,3,315,무악재,2022-09,22,4068.590909090909,4300.0
seoul,3,315,무악재,2022-10,21,4176.809523809524,4410.0
seoul,3,315,무악재,2022-11,22,4432.0,4438.5
seoul,3,315,무악재,2022-12,22,4401.5,4439.0
seoul,3,315,무악재,2023-01,22,4297.409090909091,4606.5
seoul,3,315,무악재,2023-02,20,4787.7,4768.0
seoul,3,315,무악재,2023-03,23,4863.608695652174,4954.0
seoul,3,315,무악재,2023-04,20,4934.85,4933.5
seoul,3,315,무악재,2023-05,23,4761.608695652174,5047.0
seoul,3,315,무악재,2023-06,22,4786.590909090909,4916.0
seoul,3,315,무악재,2023-07,21,4784.380952380952,4792.0
seoul,3,315,무악재,2023-08,23,4527.0,4623.0
seoul,3,315,무악재,2023-09,21,4720.428571428572,4977.0
seoul,3,315,무악재,2023-10,22,4712.090909090909,5038.0
seoul,3,315,무악재,2023-11,22,4946.590909090909,4971.5
seoul,3,315,무악재,2023-12,21,4752.0,4885.0
seoul,3,315,무악재,2024-01,23,4650.608695652174,4807.0
seoul,3,315,무악재,2024-02,21,4618.476190476191,4887.0
seoul,3,315,무악재,2024-03,21,5031.333333333333,5095.0
seoul,3,315,무악재,2024-04,22,5014.227272727273,5083.0
seoul,3,315,무악재,2024-05,23,4892.521739130435,5181.0
seoul,3,315,무악재,2024-06,20,4956.65,5071.0
seoul,3,315,무악재,2024-07,23,4910.086956521739,4941.0
seoul,3,315,무악재,2024-08,22,4629.045454545455,4711.5
seoul,3,315,무악재,2024-09,21,4578.476190476191,5058.0
seoul,3,315,무악재,2024-10,23,4799.695652173913,5067.0
seoul,3,315,무악재,2024-11,21,4993.952380952381,5037.0
seoul,3,315,무악재,2024-12,22,4681.590909090909,4811.5
seoul,3,316,독립문,2022-07,21,7249.142857142857,7253.0
seoul,3,316,독립문,2022-08,23,6829.826086956522,6819.0
seoul,3,316,독립문,2022-09,22,7503.090909090909,7960.0
seoul,3,316,독립문,2022-10,21,7737.0,8095.0
seoul,3,316,독립문,2022-11,22,7868.454545454545,7930.5
seoul,3,316,독립문,2022-12,22,7521.636363636364,7602.0
seoul,3,316,독립문,2023-01,22,6765.909090909091,7091.0
seoul,3,316,독립문,2023-02,20,7769.65,7840.5
seoul,3,316,독립문,2023-03,23,8260.652173913044,8071.0
seoul,3,316,독립문,2023-04,20,8046.35,8088.5
seoul,3,316,독립문,2023-05,23,8096.739130434783,8446.0
seoul,3,316,독립문,2023-06,22,7912.318181818182,8022.0
seoul,3,316,독립문,2023-07,21,7628.0,7621.0
seoul,3,316,독립문,2023-08,23,7433.608695652174,7307.0
seoul,3,316,독립문,2023-09,21,7810.238095238095,8059.0
seoul,3,316,독립문,2023-10,22,8113.409090909091,8365.0
seoul,3,316,독립문,2023-11,22,8181.454545454545,8260.0
seoul,3,316,독립문,2023-12,21,7908.0952380952385,8079.0
seoul,3,316,독립문,2024-01,23,7359.95652173913,7615.0
seoul,3,316,독립문,2024-02,21,7558.0952380952385,7943.0
seoul,3,316,독립문,2024-03,21,8708.857142857143,8337.0
seoul,3,316,독립문,2024-04,22,8498.363636363636,8540.0
seoul,3,316,독립문,2024-05,23,8614.04347826087,8916.0
seoul,3,316,독립문,2024-06,20,8482.25,8489.5
seoul,3,316,독립문,2024-07,23,7954.913043478261,7999.0
seoul,3,316,독립문,2024-08,22,7869.181818181818,7741.5
seoul,3,316,독립문,2024-09,21,7763.809523809524,8402.0
seoul,3,316,독립문,2024-10,23,8824.391304347826,8897.0
seoul,3,316,독립문,2024-11,21,8691.333333333334,8779.0
seoul,3,316,독립문,2024-12,22,8209.318181818182,8233.5
seoul,3,317,경복궁(정부서울청사),2022-07,21,21565.14285714286,21479.0
seoul,3,317,경복궁(정부서울청사),2022-08,23,20122.17391304348,20372.0
seoul,3,317,경복궁(정부서울청사),2022-09,22,24568.31818181818,25445.0
seoul,3,317,경복궁(정부서울청사),2022-10,21,26656.904761904763,28194.0
seoul,3,317,경복궁(정부서울청사),2022-11,22,26231.909090909092,26235.0
seoul,3,317,경복궁(정부서울청사),2022-12,22,24496.772727272728,24193.5
seoul,3,317,경복궁(정부서울청사),2023-01,22,20741.045454545456,21612.0
seoul,3,317,경복궁(정부서울청사),2023-02,20,23554.55,23588.0
seoul,3,317,경복궁(정부서울청사),2023-03,23,26988.217391304348,26865.0
seoul,3,317,경복궁(정부서울청사),2023-04,20,27904.7,28363.5
seoul,3,317,경복궁(정부서울청사),2023-05,23,28259.782608695652,29624.0
seoul,3,317,경복궁(정부서울청사),2023-06,22,26077.590909090908,26657.0
seoul,3,317,경복궁(정부서울청사),2023-07,21,24554.428571428572,25012.0
seoul,3,317,경복궁(정부서울청사),2023-08,23,22680.565217391304,22896.0
seoul,3,317,경복궁(정부서울청사),2023-09,21,27626.904761904763,27868.0
seoul,3,317,경복궁(정부서울청사),2023-10,22,28478.636363636364,28969.5
seoul,3,317,경복궁(정부서울청사),2023-11,22,28448.909090909092,28964.5
seoul,3,317,경복궁(정부서울청사),2023-12,21,26292.428571428572,26420.0
seoul,3,317,경복궁(정부서울청사),2024-01,23,23101.391304347828,23158.0
seoul,3,317,경복궁(정부서울청사),2024-02,21,23610.04761904762,24276.0
seoul,3,317,경복궁(정부서울청사),2024-03,21,28144.95238095238,28435.0
seoul,3,317,경복궁(정부서울청사),2024-04,22,28651.045454545456,28583.0
seoul,3,317,경복궁(정부서울청사),2024-05,23,28482.521739130436,30218.0
seoul,3,317,경복궁(정부서울청사),2024-06,20,26984.35,27351.0
seoul,3,317,경복궁(정부서울청사),2024-07,23,24512.434782608696,24728.0
seoul,3,317,경복궁(정부서울청사),2024-08,22,23416.272727272728,23614.0
seoul,3,317,경복궁(정부서울청사),2024-09,21,25663.95238095238,26213.0
seoul,3,317,경복궁(정부서울청사),2024-10,23,29658.652173913044,30157.0
seoul,3,317,경복궁(정부서울청사),2024-11,21,29463.809523809523,29696.0
seoul,3,317,경복궁(정부서울청사),2024-12,22,26673.68181818182,27177.5
seoul,3,318,안국,2022-07,21,23682.428571428572,23508.0
seoul,3,318,안국,2022-08,23,21613.91304347826,22446.0
seoul,3,318,안국,2022-09,22,23642.136363636364,24952.5
seoul,3,318,안국,2022-10,21,27288.619047619046,28423.0
seoul,3,318,안국,2022-11,22,27613.090909090908,27781.5
seoul,3,318,안국,2022-12,22,26753.18181818182,26806.0
seoul,3,318,안국,2023-01,22,22970.136363636364,24481.0
seoul,3,318,안국,2023-02,20,26410.75,26404.0
seoul,3,318,안국,2023-03,23,27684.478260869564,27591.0
seoul,3,318,안국,2023-04,20,28668.1,29099.0
seoul,3,318,안국,2023-05,23,27328.0,28045.0
seoul,3,318,안국,2023-06,22,26963.363636363636,27274.0
seoul,3,318,안국,2023-07,21,27040.428571428572,27002.0
seoul,3,318,안국,2023-08,23,25350.478260869564,25323.0
seoul,3,318,안국,2023-09,21,27598.619047619046,28531.0
seoul,3,318,안국,2023-10,22,28769.18181818182,29241.5
seoul,3,318,안국,2023-11,22,29018.727272727272,28993.5
seoul,3,318,안국,2023-12,21,26719.04761904762,27351.0
seoul,3,318,안국,2024-01,23,25109.82608695652,25665.0
seoul,3,318,안국,2024-02,21,25474.428571428572,26807.0
seoul,3,318,안국,2024-03,21,29270.47619047619,29316.0
seoul,3,318,안국,2024-04,22,29956.81818181818,30123.5
seoul,3,318,안국,2024-05,23,29648.869565217392,30566.0
seoul,3,318,안국,2024-06,20,29013.6,29430.5
seoul,3,318,안국,2024-07,23,27650.347826086956,27840.0
seoul,3,318,안국,2024-08,22,26749.545454545456,26679.0
seoul,3,318,안국,2024-09,21,27093.190476190477,28815.0
seoul,3,318,안국,2024-10,23,30592.91304347826,30423.0
seoul,3,318,안국,2024-11,21,31068.52380952381,30387.0
seoul,3,318,안국,2024-12,22,28830.227272727272,28893.5
seoul,3,319,종로3가,2022-07,21,10679.904761904761,10707.0
seoul,3,319,종로3가,2022-08,23,9575.608695652174,10383.0
seoul,3,319,종로3가,2022-09,22,10054.681818181818,10650.0
seoul,3,319,종로3가,2022-10,21,10338.57142857143,10839.0
seoul,3,319,종로3가,2022-11,22,10662.363636363636,10723.5
seoul,3,319,종로3가,2022-12,22,10980.272727272728,11076.0
seoul,3,319,종로3가,2023-01,22,10012.681818181818,10816.0
seoul,3,319,종로3가,2023-02,20,11083.1,11078.0
seoul,3,319,종로3가,2023-03,23,11154.260869565218,11344.0
seoul,3,319,종로3가,2023-04,20,11700.7,11646.0
seoul,3,319,종로3가,2023-05,23,11167.391304347826,11728.0
seoul,3,319,종로3가,2023-06,22,11508.545454545454,11694.5
seoul,3,319,종로3가,2023-07,21,11757.57142857143,11768.0
seoul,3,319,종로3가,2023-08,23,10668.434782608696,11405.0
seoul,3,319,종로3가,2023-09,21,11196.809523809523,11863.0
seoul,3,319,종로3가,2023-10,22,11445.636363636364,11925.5
seoul,3,319,종로3가,2023-11,22,11936.636363636364,11823.5
seoul,3,319,종로3가,2023-12,21,11786.809523809523,12082.0
seoul,3,319,종로3가,2024-01,23,11365.782608695652,11697.0
seoul,3,319,종로3가,2024-02,21,11519.57142857143,12062.0
seoul,3,319,종로3가,2024-03,21,12244.380952380952,12308.0
seoul,3,319,종로3가,2024-04,22,12524.772727272728,12637.5
seoul,3,319,종로3가,2024-05,23,12497.608695652174,13082.0
seoul,3,319,종로3가,2024-06,20,12479.2,12651.5
seoul,3,319,종로3가,2024-07,23,12210.0,12192.0
seoul,3,319,종로3가,2024-08,22,11613.545454545454,12094.5
seoul,3,319,종로3가,2024-09,21,11429.142857142857,12435.0
seoul,3,319,종로3가,2024-10,23,12578.95652173913,13053.0
seoul,3,319,종로3가,2024-11,21,12730.047619047618,12591.0
seoul,3,319,종로3가,2024-12,22,12200.772727272728,12223.0
seoul,3,320,을지로3가,2022-07,21,11483.57142857143,11518.0
seoul,3,320,을지로3가,2022-08,23,10698.652173913044,11056.0
seoul,3,320,을지로3가,2022-09,22,10963.363636363636,11743.5
seoul,3,320,을지로3가,2022-10,21,11450.0,12146.0
seoul,3,320,을지로3가,2022-11,22,12073.863636363636,11981.0
seoul,3,320,을지로3가,2022-12,22,12503.681818181818,12425.0
seoul,3,320,을지로3가,2023-01,22,11325.818181818182,12186.0
seoul,3,320,을지로3가,2023-02,20,12671.2,12666.0
seoul,3,320,을지로3가,2023-03,23,12568.0,12823.0
seoul,3,320,을지로3가,2023-04,20,13080.8,12998.5
seoul,3,320,을지로3가,2023-05,23,12290.08695652174,13096.0
seoul,3,320,을지로3가,2023-06,22,12702.363636363636,13029.5
seoul,3,320,을지로3가,2023-07,21,13082.095238095239,13090.0
seoul,3,320,을지로3가,2023-08,23,12155.869565217392,12485.0
seoul,3,320,을지로3가,2023-09,21,12396.666666666666,13275.0
seoul,3,320,을지로3가,2023-10,22,12176.59090909091,13202.0
seoul,3,320,을지로3가,2023-11,22,13354.0,13324.5
seoul,3,320,을지로3가,2023-12,21,13326.619047619048,13568.0
seoul,3,320,을지로3가,2024-01,23,12827.0,13176.0
seoul,3,320,을지로3가,2024-02,21,12565.238095238095,13482.0
seoul,3,320,을지로3가,2024-03,21,13345.857142857143,13617.0
seoul,3,320,을지로3가,2024-04,22,13292.681818181818,13453.0
seoul,3,320,을지로3가,2024-05,23,12671.95652173913,13453.0
seoul,3,320,을지로3가,2024-06,20,12976.1,13236.5
seoul,3,320,을지로3가,2024-07,23,13015.91304347826,12934.0
seoul,3,320,을지로3가,2024-08,22,12345.90909090909,12710.5
seoul,3,320,을지로3가,2024-09,21,11945.857142857143,13224.0
seoul,3,320,을지로3가,2024-10,23,12700.826086956522,13383.0
seoul,3,320,을지로3가,2024-11,21,13598.57142857143,13447.0
seoul,3,320,을지로3가,2024-12,22,13511.136363636364,13710.0
seoul,3,321,충무로,2022-07,12,0.0,0.0
seoul,3,321,충무로,2022-08,7,0.0,0.0
seoul,3,321,충무로,2022-10,10,0.0,0.0
seoul,3,321,충무로,2022-12,12,0.0,0.0
seoul,3,322,동대입구,2022-07,21,8523.095238095239,8074.0
seoul,3,322,동대입구,2022-08,23,7765.086956521739,7939.0
seoul,3,322,동대입구,2022-09,22,10842.045454545454,11156.0
seoul,3,322,동대입구,2022-10,21,10749.666666666666,11234.0
seoul,3,322,동대입구,2022-11,22,11711.772727272728,11471.5
seoul,3,322,동대입구,2022-12,22,9630.818181818182,9112.5
seoul,3,322,동대입구,2023-01,22,7949.454545454545,8305.0
seoul,3,322,동대입구,2023-02,20,8792.45,8435.0
seoul,3,322,동대입구,2023-03,23,11706.08695652174,11830.0
seoul,3,322,동대입구,2023-04,20,12037.05,11981.0
seoul,3,322,동대입구,2023-05,23,12158.565217391304,12219.0
seoul,3,322,동대입구,2023-06,22,10396.954545454546,10115.5
seoul,3,322,동대입구,2023-07,21,9435.095238095239,9176.0
seoul,3,322,동대입구,2023-08,23,8214.130434782608,8223.0
seoul,3,322,동대입구,2023-09,21,11640.380952380952,12355.0
seoul,3,322,동대입구,2023-10,22,11623.272727272728,12148.0
seoul,3,322,동대입구,2023-11,22,12759.90909090909,12440.0
seoul,3,322,동대입구,2023-12,21,11017.285714285714,11541.0
seoul,3,322,동대입구,2024-01,23,8695.434782608696,8584.0
seoul,3,322,동대입구,2024-02,21,9158.619047619048,9262.0
seoul,3,322,동대입구,2024-03,21,12488.285714285714,12796.0
seoul,3,322,동대입구,2024-04,22,13181.636363636364,13415.5
seoul,3,322,동대입구,2024-05,23,13002.217391304348,13312.0
seoul,3,322,동대입구,2024-06,20,11183.3,10794.5
seoul,3,322,동대입구,2024-07,23,9440.260869565218,9480.0
seoul,3,322,동대입구,2024-08,22,8944.545454545454,8881.5
seoul,3,322,동대입구,2024-09,21,11379.333333333334,12375.0
seoul,3,322,동대입구,2024-10,23,12646.521739130434,13312.0
seoul,3,322,동대입구,2024-11,21,13301.380952380952,13230.0
seoul,3,322,동대입구,2024-12,22,11342.454545454546,11927.0
seoul,3,323,약수,2022-07,21,13503.666666666666,13488.0
seoul,3,323,약수,2022-08,23,12578.695652173914,13105.0
seoul,3,323,약수,2022-09,22,13391.954545454546,14190.5
seoul,3,323,약수,2022-10,21,13859.904761904761,14606.0
seoul,3,323,약수,2022-11,22,14119.5,14072.0
seoul,3,323,약수,2022-12,22,14067.181818181818,13884.0
seoul,3,323,약수,2023-01,22,12729.818181818182,13640.5
seoul,3,323,약수,2023-02,20,14044.75,14111.0
seoul,3,323,약수,2023-03,23,14441.0,14775.0
seoul,3,323,약수,2023-04,20,14687.95,14708.5
seoul,3,323,약수,2023-05,23,14119.08695652174,14824.0
seoul,3,323,약수,2023-06,22,14299.636363636364,14673.5
seoul,3,323,약수,2023-07,21,14193.619047619048,14122.0
seoul,3,323,약수,2023-08,23,13283.739130434782,13529.0
seoul,3,323,약수,2023-09,21,13872.809523809523,14719.0
seoul,3,323,약수,2023-10,22,13702.636363636364,14529.0
seoul,3,323,약수,2023-11,22,14406.863636363636,14362.0
seoul,3,323,약수,2023-12,21,14219.142857142857,14568.0
seoul,3,323,약수,2024-01,23,13300.608695652174,13625.0
seoul,3,323,약수,2024-02,21,13277.57142857143,14060.0
seoul,3,323,약수,2024-03,21,14578.047619047618,14910.0
seoul,3,323,약수,2024-04,22,14602.954545454546,14769.0
seoul,3,323,약수,2024-05,23,14021.260869565218,14723.0
seoul,3,323,약수,2024-06,20,14187.9,14562.5
seoul,3,323,약수,2024-07,23,13935.391304347826,13899.0
seoul,3,323,약수,2024-08,22,13238.636363636364,13250.5
seoul,3,323,약수,2024-09,21,13122.666666666666,14427.0
seoul,3,323,약수,2024-10,23,13840.391304347826,14498.0
seoul,3,323,약수,2024-11,21,14481.619047619048,14356.0
seoul,3,323,약수,2024-12,22,13728.40909090909,14005.5
seoul,3,324,금호,2022-07,21,8221.52380952381,8294.0
seoul,3,324,금호,2022-08,23,7660.739130434783,7914.0
seoul,3,324,금호,2022-09,22,8227.5,8695.5
seoul,3,324,금호,2022-10,21,8719.761904761905,9102.0
seoul,3,324,금호,2022-11,22,8713.136363636364,8742.0
seoul,3,324,금호,2022-12,22,8457.90909090909,8407.5
seoul,3,324,금호,2023-01,22,8026.454545454545,8550.5
seoul,3,324,금호,2023-02,20,8750.25,8799.0
seoul,3,324,금호,2023-03,23,8917.434782608696,9085.0
seoul,3,324,금호,2023-04,20,9051.95,9065.5
seoul,3,324,금호,2023-05,23,8636.95652173913,9062.0
seoul,3,324,금호,2023-06,22,8770.772727272728,9058.0
seoul,3,324,금호,2023-07,21,8629.047619047618,8612.0
seoul,3,324,금호,2023-08,23,8140.086956521739,8291.0
seoul,3,324,금호,2023-09,21,8556.047619047618,9032.0
seoul,3,324,금호,2023-10,22,8618.90909090909,9133.0
seoul,3,324,금호,2023-11,22,8960.636363636364,8993.0
seoul,3,324,금호,2023-12,21,8732.619047619048,8965.0
seoul,3,324,금호,2024-01,23,8417.478260869566,8707.0
seoul,3,324,금호,2024-02,21,8490.857142857143,8856.0
seoul,3,324,금호,2024-03,21,9054.047619047618,9161.0
seoul,3,324,금호,2024-04,22,8992.136363636364,9120.0
seoul,3,324,금호,2024-05,23,8771.173913043478,9240.0
seoul,3,324,금호,2024-06,20,8817.6,8993.5
seoul,3,324,금호,2024-07,23,8686.608695652174,8712.0
seoul,3,324,금호,2024-08,22,8170.954545454545,8267.0
seoul,3,324,금호,2024-09,21,8179.761904761905,8995.0
seoul,3,324,금호,2024-10,23,8624.652173913044,8990.0
seoul,3,324,금호,2024-11,21,9136.952380952382,9154.0
seoul,3,324,금호,2024-12,22,8755.136363636364,8960.5
seoul,3,325,옥수,2022-07,21,9296.52380952381,9373.0
seoul,3,325,옥수,2022-08,23,8662.608695652174,8878.0
seoul,3,325,옥수,2022-09,22,9391.863636363636,9937.0
seoul,3,325,옥수,2022-10,21,9593.285714285714,10073.0
seoul,3,325,옥수,2022-11,22,9678.954545454546,9761.5
seoul,3,325,옥수,2022-12,22,9450.772727272728,9318.5
seoul,3,325,옥수,2023-01,22,8871.545454545454,9470.0
seoul,3,325,옥수,2023-02,20,9815.55,9871.5
seoul,3,325,옥수,2023-03,23,10107.782608695652,10212.0
seoul,3,325,옥수,2023-04,20,10120.75,10159.5
seoul,3,325,옥수,2023-05,23,9809.608695652174,10252.0
seoul,3,325,옥수,2023-06,22,9879.0,10100.5
seoul,3,325,옥수,2023-07,21,9709.619047619048,9620.0
seoul,3,325,옥수,2023-08,23,9037.478260869566,9180.0
seoul,3,325,옥수,2023-09,21,9586.809523809523,10052.0
seoul,3,325,옥수,2023-10,22,9637.772727272728,10103.5
seoul,3,325,옥수,2023-11,22,9901.90909090909,9975.0
seoul,3,325,옥수,2023-12,21,9591.952380952382,9771.0
seoul,3,325,옥수,2024-01,23,9242.652173913044,9612.0
seoul,3,325,옥수,2024-02,21,9316.57142857143,9756.0
seoul,3,325,옥수,2024-03,21,10042.52380952381,10126.0
seoul,3,325,옥수,2024-04,22,10238.40909090909,10326.5
seoul,3,325,옥수,2024-05,23,10004.260869565218,10483.0
seoul,3,325,옥수,2024-06,20,9993.4,10139.5
seoul,3,325,옥수,2024-07,23,9622.869565217392,9668.0
seoul,3,325,옥수,2024-08,22,9086.636363636364,9142.0
seoul,3,325,옥수,2024-09,21,9180.904761904761,10005.0
seoul,3,325,옥수,2024-10,23,9803.08695652174,10177.0
seoul,3,325,옥수,2024-11,21,10236.666666666666,10247.0
seoul,3,325,옥수,2024-12,22,9690.40909090909,9848.5
seoul,3,326,압구정,2022-07,21,34187.71428571428,34134.0
seoul,3,326,압구정,2022-08,23,31512.347826086956,32486.0
seoul,3,326,압구정,2022-09,22,32752.18181818182,34319.5
seoul,3,326,압구정,2022-10,21,33373.42857142857,34940.0
seoul,3,326,압구정,2022-11,22,34371.27272727273,34401.0
seoul,3,326,압구정,2022-12,22,35576.045454545456,35570.0
seoul,3,326,압구정,2023-01,22,32772.40909090909,35217.0
seoul,3,326,압구정,2023-02,20,35630.6,35420.5
seoul,3,326,압구정,2023-03,23,34489.217391304344,34979.0
seoul,3,326,압구정,2023-04,20,34809.2,34506.5
seoul,3,326,압구정,2023-05,23,33293.95652173913,34975.0
seoul,3,326,압구정,2023-06,22,34686.40909090909,35295.0
seoul,3,326,압구정,2023-07,21,35862.0,35988.0
seoul,3,326,압구정,2023-08,23,31993.695652173912,32824.0
seoul,3,326,압구정,2023-09,21,32670.14285714286,34722.0
seoul,3,326,압구정,2023-10,22,32407.727272727272,34870.0
seoul,3,326,압구정,2023-11,22,33980.13636363636,33887.5
seoul,3,326,압구정,2023-12,21,34906.71428571428,35540.0
seoul,3,326,압구정,2024-01,23,33302.30434782609,34251.0
seoul,3,326,압구정,2024-02,21,33265.47619047619,35081.0
seoul,3,326,압구정,2024-03,21,34249.04761904762,34874.0
seoul,3,326,압구정,2024-04,22,34003.36363636364,34504.5
seoul,3,326,압구정,2024-05,23,32831.47826086957,34233.0
seoul,3,326,압구정,2024-06,20,33955.05,34556.0
seoul,3,326,압구정,2024-07,23,34478.04347826087,34749.0
seoul,3,326,압구정,2024-08,22,31393.31818181818,32035.5
seoul,3,326,압구정,2024-09,21,30275.904761904763,33505.0
seoul,3,326,압구정,2024-10,23,32318.043478260868,34024.0
seoul,3,326,압구정,2024-11,21,34474.76190476191,34355.0
seoul,3,326,압구정,2024-12,22,34466.5,34914.5
seoul,3,327,신사,2022-07,21,30506.428571428572,30351.0
seoul,3,327,신사,2022-08,23,28278.478260869564,28751.0
seoul,3,327,신사,2022-09,22,28544.81818181818,30053.0
seoul,3,327,신사,2022-10,21,29533.714285714286,30472.0
seoul,3,327,신사,2022-11,22,30548.18181818182,30338.0
seoul,3,327,신사,2022-12,22,31690.954545454544,32301.5
seoul,3,327,신사,2023-01,22,29575.636363636364,31592.5
seoul,3,327,신사,2023-02,20,32758.85,32517.0
seoul,3,327,신사,2023-03,23,30817.695652173912,31274.0
seoul,3,327,신사,2023-04,20,30798.15,30274.0
seoul,3,327,신사,2023-05,23,28913.956521739132,30212.0
seoul,3,327,신사,2023-06,22,29718.68181818182,30046.5
seoul,3,327,신사,2023-07,21,30384.85714285714,30052.0
seoul,3,327,신사,2023-08,23,28177.391304347828,28829.0
seoul,3,327,신사,2023-09,21,28565.619047619046,30217.0
seoul,3,327,신사,2023-10,22,28738.045454545456,30394.0
seoul,3,327,신사,2023-11,22,30795.454545454544,30442.0
seoul,3,327,신사,2023-12,21,30964.47619047619,31528.0
seoul,3,327,신사,2024-01,23,29832.347826086956,30706.0
seoul,3,327,신사,2024-02,21,29401.47619047619,31171.0
seoul,3,327,신사,2024-03,21,30397.47619047619,30656.0
seoul,3,327,신사,2024-04,22,30380.81818181818,30692.5
seoul,3,327,신사,2024-05,23,29128.130434782608,30577.0
seoul,3,327,신사,2024-06,20,30030.55,30475.5
seoul,3,327,신사,2024-07,23,30200.391304347828,29893.0
seoul,3,327,신사,2024-08,22,28267.590909090908,28645.5
seoul,3,327,신사,2024-09,21,26764.619047619046,29733.0
seoul,3,327,신사,2024-10,23,28508.956521739132,29750.0
seoul,3,327,신사,2024-11,21,30458.809523809523,30013.0
seoul,3,327,신사,2024-12,22,30479.409090909092,31034.0
seoul,3,328,잠원,2022-07,21,5083.238095238095,5143.0
seoul,3,328,잠원,2022-08,23,4752.652173913043,4887.0
seoul,3,328,잠원,2022-09,22,5259.363636363636,5529.0
seoul,3,328,잠원,2022-10,21,5269.333333333333,5579.0
seoul,3,328,잠원,2022-11,22,5499.818181818182,5446.5
seoul,3,328,잠원,2022-12,22,5321.136363636364,5352.0
seoul,3,328,잠원,2023-01,22,4708.181818181818,5037.5
seoul,3,328,잠원,2023-02,20,5342.1,5287.0
seoul,3,328,잠원,2023-03,23,5597.652173913043,5719.0
seoul,3,328,잠원,2023-04,20,5706.7,5710.5
seoul,3,328,잠원,2023-05,23,5499.652173913043,5796.0
seoul,3,328,잠원,2023-06,22,5473.772727272727,5626.5
seoul,3,328,잠원,2023-07,21,5413.619047619048,5365.0
seoul,3,328,잠원,2023-08,23,5018.782608695652,5113.0
seoul,3,328,잠원,2023-09,21,5482.761904761905,5889.0
seoul,3,328,잠원,2023-10,22,5458.636363636364,5848.5
seoul,3,328,잠원,2023-11,22,5759.318181818182,5768.5
seoul,3,328,잠원,2023-12,21,5573.142857142857,5780.0
seoul,3,328,잠원,2024-01,23,5177.695652173913,5352.0
seoul,3,328,잠원,2024-02,21,5170.9047619047615,5484.0
seoul,3,328,잠원,2024-03,21,5831.0952380952385,5960.0
seoul,3,328,잠원,2024-04,22,5890.272727272727,5952.5
seoul,3,328,잠원,2024-05,23,5735.434782608696,6111.0
seoul,3,328,잠원,2024-06,20,5775.6,5904.0
seoul,3,328,잠원,2024-07,23,5653.434782608696,5653.0
seoul,3,328,잠원,2024-08,22,5274.818181818182,5350.5
seoul,3,328,잠원,2024-09,21,5279.857142857143,5830.0
seoul,3,328,잠원,2024-10,23,5619.608695652174,5950.0
seoul,3,328,잠원,2024-11,21,6056.714285714285,6021.0
seoul,3,328,잠원,2024-12,22,5709.681818181818,5832.5
seoul,3,329,고속터미널,2022-07,21,44629.47619047619,43289.0
seoul,3,329,고속터미널,2022-08,23,42851.565217391304,41748.0
seoul,3,329,고속터미널,2022-09,22,45509.72727272727,43892.5
seoul,3,329,고속터미널,2022-10,21,45983.04761904762,44211.0
seoul,3,329,고속터미널,2022-11,22,44398.36363636364,42302.0
seoul,3,329,고속터미널,2022-12,22,47734.818181818184,46895.5
seoul,3,329,고속터미널,2023-01,22,45488.63636363636,44127.5
seoul,3,329,고속터미널,2023-02,20,47444.75,46544.5
seoul,3,329,고속터미널,2023-03,23,45686.17391304348,43533.0
seoul,3,329,고속터미널,2023-04,20,45837.7,44481.0
seoul,3,329,고속터미널,2023-05,23,47966.82608695652,45843.0
seoul,3,329,고속터미널,2023-06,22,46937.818181818184,45367.0
seoul,3,329,고속터미널,2023-07,21,47151.47619047619,45599.0
seoul,3,329,고속터미널,2023-08,23,45215.608695652176,44879.0
seoul,3,329,고속터미널,2023-09,21,45438.57142857143,44539.0
seoul,3,329,고속터미널,2023-10,22,47494.36363636364,45001.0
seoul,3,329,고속터미널,2023-11,22,46771.72727272727,44995.0
seoul,3,329,고속터미널,2023-12,21,49472.80952380953,48841.0
seoul,3,329,고속터미널,2024-01,23,44774.65217391304,44062.0
seoul,3,329,고속터미널,2024-02,21,49059.666666666664,49580.0
seoul,3,329,고속터미널,2024-03,21,48394.52380952381,46451.0
seoul,3,329,고속터미널,2024-04,22,48071.045454545456,46482.0
seoul,3,329,고속터미널,2024-05,23,50647.391304347824,48632.0
seoul,3,329,고속터미널,2024-06,20,48822.3,47867.5
seoul,3,329,고속터미널,2024-07,23,47591.95652173913,46156.0
seoul,3,329,고속터미널,2024-08,22,47998.77272727273,46579.5
seoul,3,329,고속터미널,2024-09,21,47543.142857142855,45809.0
seoul,3,329,고속터미널,2024-10,23,47808.82608695652,46554.0
seoul,3,329,고속터미널,2024-11,21,48872.23809523809,46928.0
seoul,3,329,고속터미널,2024-12,22,51527.77272727273,49557.0
seoul,3,330,교대(법원.검찰청),2022-07,21,15489.857142857143,15809.0
seoul,3,330,교대(법원.검찰청),2022-08,23,14190.0,14992.0
seoul,3,330,교대(법원.검찰청),2022-09,22,15358.90909090909,16820.5
seoul,3,330,교대(법원.검찰청),2022-10,21,15704.761904761905,16975.0
seoul,3,330,교대(법원.검찰청),2022-11,22,16634.81818181818,16553.0
seoul,3,330,교대(법원.검찰청),2022-12,22,16633.090909090908,16583.0
seoul,3,330,교대(법원.검찰청),2023-01,22,14827.0,16231.0
seoul,3,330,교대(법원.검찰청),2023-02,20,17020.75,16984.0
seoul,3,330,교대(법원.검찰청),2023-03,23,17465.130434782608,17969.0
seoul,3,330,교대(법원.검찰청),2023-04,20,18658.55,18750.5
seoul,3,330,교대(법원.검찰청),2023-05,23,17776.17391304348,19248.0
seoul,3,330,교대(법원.검찰청),2023-06,22,18273.31818181818,18924.5
seoul,3,330,교대(법원.검찰청),2023-07,21,18259.52380952381,18172.0
seoul,3,330,교대(법원.검찰청),2023-08,23,16791.478260869564,17609.0
seoul,3,330,교대(법원.검찰청),2023-09,21,17830.04761904762,19341.0
seoul,3,330,교대(법원.검찰청),2023-10,22,17551.909090909092,19207.5
seoul,3,330,교대(법원.검찰청),2023-11,22,19251.909090909092,19291.0
seoul,3,330,교대(법원.검찰청),2023-12,21,18915.95238095238,19591.0
seoul,3,330,교대(법원.검찰청),2024-01,23,17968.521739130436,18447.0
seoul,3,330,교대(법원.검찰청),2024-02,21,17530.761904761905,18906.0
seoul,3,330,교대(법원.검찰청),2024-03,21,19314.428571428572,19865.0
seoul,3,330,교대(법원.검찰청),2024-04,22,19194.5,19747.5
seoul,3,330,교대(법원.검찰청),2024-05,23,18520.782608695652,20001.0
seoul,3,330,교대(법원.검찰청),2024-06,20,19145.3,19845.5
seoul,3,330,교대(법원.검찰청),2024-07,23,18914.217391304348,19022.0
seoul,3,330,교대(법원.검찰청),2024-08,22,17229.409090909092,17646.5
seoul,3,330,교대(법원.검찰청),2024-09,21,17222.333333333332,19433.0
seoul,3,330,교대(법원.검찰청),2024-10,23,17949.304347826088,19503.0
seoul,3,330,교대(법원.검찰청),2024-11,21,19787.0,19829.0
seoul,3,330,교대(법원.검찰청),2024-12,22,19129.545454545456,19701.0
seoul,3,331,남부터미널(예술의전당),2022-07,21,30864.47619047619,30565.0
seoul,3,331,남부터미널(예술의전당),2022-08,23,28710.391304347828,29144.0
seoul,3,331,남부터미널(예술의전당),2022-09,22,29920.090909090908,30844.0
seoul,3,331,남부터미널(예술의전당),2022-10,21,30382.190476190477,31129.0
seoul,3,331,남부터미널(예술의전당),2022-11,22,31339.136363636364,30885.5
seoul,3,331,남부터미널(예술의전당),2022-12,22,31661.727272727272,30790.0
seoul,3,331,남부터미널(예술의전당),2023-01,22,30585.090909090908,31648.5
seoul,3,331,남부터미널(예술의전당),2023-02,20,33826.65,33618.0
seoul,3,331,남부터미널(예술의전당),2023-03,23,32709.956521739132,32826.0
seoul,3,331,남부터미널(예술의전당),2023-04,20,32374.8,31559.5
seoul,3,331,남부터미널(예술의전당),2023-05,23,31082.217391304348,32145.0
seoul,3,331,남부터미널(예술의전당),2023-06,22,31325.81818181818,31672.0
seoul,3,331,남부터미널(예술의전당),2023-07,21,31443.238095238095,31453.0
seoul,3,331,남부터미널(예술의전당),2023-08,23,29612.347826086956,30274.0
seoul,3,331,남부터미널(예술의전당),2023-09,21,30402.714285714286,31817.0
seoul,3,331,남부터미널(예술의전당),2023-10,22,30756.81818181818,32287.5
seoul,3,331,남부터미널(예술의전당),2023-11,22,32252.5,31718.0
seoul,3,331,남부터미널(예술의전당),2023-12,21,32010.14285714286,32179.0
seoul,3,331,남부터미널(예술의전당),2024-01,23,31478.08695652174,32379.0
seoul,3,331,남부터미널(예술의전당),2024-02,21,31834.809523809523,33417.0
seoul,3,331,남부터미널(예술의전당),2024-03,21,32442.095238095237,32748.0
seoul,3,331,남부터미널(예술의전당),2024-04,22,32000.363636363636,32341.0
seoul,3,331,남부터미널(예술의전당),2024-05,23,31654.91304347826,33109.0
seoul,3,331,남부터미널(예술의전당),2024-06,20,32456.7,32969.5
seoul,3,331,남부터미널(예술의전당),2024-07,23,32158.869565217392,32109.0
seoul,3,331,남부터미널(예술의전당),2024-08,22,30745.772727272728,31359.0
seoul,3,331,남부터미널(예술의전당),2024-09,21,30452.190476190477,32588.0
seoul,3,331,남부터미널(예술의전당),2024-10,23,31258.652173913044,33073.0
seoul,3,331,남부터미널(예술의전당),2024-11,21,34026.666666666664,33560.0
seoul,3,331,남부터미널(예술의전당),2024-12,22,33842.27272727273,34522.5
seoul,3,332,양재(서초구청),2022-07,21,39619.90476190476,39884.0
seoul,3,332,양재(서초구청),2022-08,23,36165.782608695656,37095.0
seoul,3,332,양재(서초구청),2022-09,22,38217.59090909091,41561.5
seoul,3,332,양재(서초구청),2022-10,21,39016.80952380953,41915.0
seoul,3,332,양재(서초구청),2022-11,22,41483.86363636364,41760.5
seoul,3,332,양재(서초구청),2022-12,22,41598.09090909091,41587.5
seoul,3,332,양재(서초구청),2023-01,22,37677.818181818184,40821.0
seoul,3,332,양재(서초구청),2023-02,20,41944.1,41988.5
seoul,3,332,양재(서초구청),2023-03,23,41779.69565217391,42900.0
seoul,3,332,양재(서초구청),2023-04,20,42554.15,42662.5
seoul,3,332,양재(서초구청),2023-05,23,39131.608695652176,42638.0
seoul,3,332,양재(서초구청),2023-06,22,40342.09090909091,41876.5
seoul,3,332,양재(서초구청),2023-07,21,40505.23809523809,40528.0
seoul,3,332,양재(서초구청),2023-08,23,37207.34782608696,38767.0
seoul,3,332,양재(서초구청),2023-09,21,38728.90476190476,42133.0
seoul,3,332,양재(서초구청),2023-10,22,38303.72727272727,42083.5
seoul,3,332,양재(서초구청),2023-11,22,42163.72727272727,42318.5
seoul,3,332,양재(서초구청),2023-12,21,41242.333333333336,43048.0
seoul,3,332,양재(서초구청),2024-01,23,40167.782608695656,41766.0
seoul,3,332,양재(서초구청),2024-02,21,39119.95238095238,42103.0
seoul,3,332,양재(서초구청),2024-03,21,42444.80952380953,43644.0
seoul,3,332,양재(서초구청),2024-04,22,42245.0,43563.0
seoul,3,332,양재(서초구청),2024-05,23,40041.52173913043,43263.0
seoul,3,332,양재(서초구청),2024-06,20,41325.5,42826.0
seoul,3,332,양재(서초구청),2024-07,23,41141.782608695656,41021.0
seoul,3,332,양재(서초구청),2024-08,22,38128.681818181816,39202.5
seoul,3,332,양재(서초구청),2024-09,21,37163.19047619047,42245.0
seoul,3,332,양재(서초구청),2024-10,23,38883.65217391304,42426.0
seoul,3,332,양재(서초구청),2024-11,21,43315.47619047619,43230.0
seoul,3,332,양재(서초구청),2024-12,22,41622.40909090909,43460.0
seoul,3,333,매봉,2022-07,21,13410.52380952381,13611.0
seoul,3,333,매봉,2022-08,23,12225.739130434782,12674.0
seoul,3,333,매봉,2022-09,22,12812.545454545454,13830.5
seoul,3,333,매봉,2022-10,21,12947.761904761905,13885.0
seoul,3,333,매봉,2022-11,22,13827.772727272728,13904.0
seoul,3,333,매봉,2022-12,22,13778.545454545454,13823.0
seoul,3,333,매봉,2023-01,22,12582.318181818182,13624.0
seoul,3,333,매봉,2023-02,20,13917.65,13920.0
seoul,3,333,매봉,2023-03,23,13926.521739130434,14287.0
seoul,3,333,매봉,2023-04,20,14160.3,14233.0
seoul,3,333,매봉,2023-05,23,13117.217391304348,14200.0
seoul,3,333,매봉,2023-06,22,13646.727272727272,14184.0
seoul,3,333,매봉,2023-07,21,13882.285714285714,13802.0
seoul,3,333,매봉,2023-08,23,12876.739130434782,13356.0
seoul,3,333,매봉,2023-09,21,13302.333333333334,14373.0
seoul,3,333,매봉,2023-10,22,13213.636363636364,14476.0
seoul,3,333,매봉,2023-11,22,14357.681818181818,14437.5
seoul,3,333,매봉,2023-12,21,14051.047619047618,14569.0
seoul,3,333,매봉,2024-01,23,13670.739130434782,14188.0
seoul,3,333,매봉,2024-02,21,13455.57142857143,14420.0
seoul,3,333,매봉,2024-03,21,14345.619047619048,14723.0
seoul,3,333,매봉,2024-04,22,14535.0,14857.5
seoul,3,333,매봉,2024-05,23,13529.347826086956,14719.0
seoul,3,333,매봉,2024-06,20,14210.6,14783.0
seoul,3,333,매봉,2024-07,23,14329.0,14355.0
seoul,3,333,매봉,2024-08,22,13227.863636363636,13657.0
seoul,3,333,매봉,2024-09,21,12929.190476190477,14510.0
seoul,3,333,매봉,2024-10,23,13560.08695652174,14727.0
seoul,3,333,매봉,2024-11,21,14916.238095238095,14875.0
seoul,3,333,매봉,2024-12,22,14371.636363636364,15013.0
seoul,3,334,도곡,2022-07,21,5583.761904761905,5711.0
seoul,3,334,도곡,2022-08,23,5014.95652173913,5183.0
seoul,3,334,도곡,2022-09,22,5175.727272727273,5578.5
seoul,3,334,도곡,2022-10,21,5252.476190476191,5584.0
seoul,3,334,도곡,2022-11,22,5627.545454545455,5599.5
seoul,3,334,도곡,2022-12,22,5731.954545454545,5746.5
seoul,3,334,도곡,2023-01,22,5084.909090909091,5496.5
seoul,3,334,도곡,2023-02,20,5882.15,5869.5
seoul,3,334,도곡,2023-03,23,6086.869565217391,6232.0
seoul,3,334,도곡,2023-04,20,6258.25,6236.5
seoul,3,334,도곡,2023-05,23,5850.0,6273.0
seoul,3,334,도곡,2023-06,22,5883.136363636364,6119.5
seoul,3,334,도곡,2023-07,21,5795.190476190476,5854.0
seoul,3,334,도곡,2023-08,23,5114.04347826087,5254.0
seoul,3,334,도곡,2023-09,21,5431.333333333333,5885.0
seoul,3,334,도곡,2023-10,22,5406.681818181818,5873.0
seoul,3,334,도곡,2023-11,22,5736.045454545455,5742.0
seoul,3,334,도곡,2023-12,21,5710.619047619048,5868.0
seoul,3,334,도곡,2024-01,23,5483.695652173913,5634.0
seoul,3,334,도곡,2024-02,21,5795.571428571428,6195.0
seoul,3,334,도곡,2024-03,21,6635.333333333333,6824.0
seoul,3,334,도곡,2024-04,22,6810.590909090909,6965.0
seoul,3,334,도곡,2024-05,23,6464.913043478261,6958.0
seoul,3,334,도곡,2024-06,20,6688.1,6947.0
seoul,3,334,도곡,2024-07,23,6537.391304347826,6625.0
seoul,3,334,도곡,2024-08,22,6202.636363636364,6152.0
seoul,3,334,도곡,2024-09,21,6111.285714285715,6860.0
seoul,3,334,도곡,2024-10,23,6466.130434782609,6902.0
seoul,3,334,도곡,2024-11,21,7201.666666666667,7159.0
seoul,3,334,도곡,2024-12,22,6896.772727272727,7197.5
seoul,3,335,대치,2022-07,21,12003.619047619048,12032.0
seoul,3,335,대치,2022-08,23,11352.304347826086,11576.0
seoul,3,335,대치,2022-09,22,11773.772727272728,12252.0
seoul,3,335,대치,2022-10,21,11696.952380952382,12199.0
seoul,3,335,대치,2022-11,22,12297.727272727272,12065.0
seoul,3,335,대치,2022-12,22,11775.954545454546,11715.5
seoul,3,335,대치,2023-01,22,12278.863636363636,13155.0
seoul,3,335,대치,2023-02,20,13207.7,13178.0
seoul,3,335,대치,2023-03,23,12850.434782608696,13073.0
seoul,3,335,대치,2023-04,20,12859.6,12836.5
seoul,3,335,대치,2023-05,23,12447.695652173914,13022.0
seoul,3,335,대치,2023-06,22,12636.954545454546,12765.0
seoul,3,335,대치,2023-07,21,13031.42857142857,12981.0
seoul,3,335,대치,2023-08,23,12319.173913043478,12562.0
seoul,3,335,대치,2023-09,21,12871.142857142857,13529.0
seoul,3,335,대치,2023-10,22,12479.545454545454,13164.0
seoul,3,335,대치,2023-11,22,13245.90909090909,12931.0
seoul,3,335,대치,2023-12,21,12171.857142857143,12437.0
seoul,3,335,대치,2024-01,23,13424.217391304348,13855.0
seoul,3,335,대치,2024-02,21,13116.809523809523,13685.0
seoul,3,335,대치,2024-03,21,13346.380952380952,13502.0
seoul,3,335,대치,2024-04,22,13238.772727272728,13463.5
seoul,3,335,대치,2024-05,23,12936.782608695652,13663.0
seoul,3,335,대치,2024-06,20,13250.0,13513.0
seoul,3,335,대치,2024-07,23,13473.130434782608,13385.0
seoul,3,335,대치,2024-08,22,13035.363636363636,13203.5
seoul,3,335,대치,2024-09,21,12693.190476190477,13749.0
seoul,3,335,대치,2024-10,23,13049.478260869566,13670.0
seoul,3,335,대치,2024-11,21,14011.952380952382,14112.0
seoul,3,335,대치,2024-12,22,12731.272727272728,12987.0
seoul,3,336,학여울,2022-07,21,2209.3333333333335,1903.0
seoul,3,336,학여울,2022-08,23,2196.304347826087,1933.0
seoul,3,336,학여울,2022-09,22,2199.4545454545455,2097.5
seoul,3,336,학여울,2022-10,21,2413.6190476190477,2213.0
seoul,3,336,학여울,2022-11,22,2362.909090909091,2201.0
seoul,3,336,학여울,2022-12,22,2239.7727272727275,2001.0
seoul,3,336,학여울,2023-01,22,1897.3181818181818,1995.5
seoul,3,336,학여울,2023-02,20,2468.0,2172.0
seoul,3,336,학여울,2023-03,23,2834.782608695652,2424.0
seoul,3,336,학여울,2023-04,20,2656.6,2264.5
seoul,3,336,학여울,2023-05,23,2114.695652173913,2212.0
seoul,3,336,학여울,2023-06,22,2402.409090909091,2186.5
seoul,3,336,학여울,2023-07,21,2140.809523809524,2086.0
seoul,3,336,학여울,2023-08,23,2558.478260869565,2048.0
seoul,3,336,학여울,2023-09,21,2454.714285714286,2269.0
seoul,3,336,학여울,2023-10,22,2359.7272727272725,2343.5
seoul,3,336,학여울,2023-11,22,2559.9545454545455,2307.5
seoul,3,336,학여울,2023-12,21,2481.6666666666665,2383.0
seoul,3,336,학여울,2024-01,23,2122.4347826086955,2128.0
seoul,3,336,학여울,2024-02,21,2487.2380952380954,2164.0
seoul,3,336,학여울,2024-03,21,2798.3333333333335,2360.0
seoul,3,336,학여울,2024-04,22,2942.0,2405.5
seoul,3,336,학여울,2024-05,23,2540.913043478261,2333.0
seoul,3,336,학여울,2024-06,20,2529.55,2337.0
seoul,3,336,학여울,2024-07,23,2298.1304347826085,2196.0
seoul,3,336,학여울,2024-08,22,2592.8636363636365,2082.0
seoul,3,336,학여울,2024-09,21,2147.714285714286,2316.0
seoul,3,336,학여울,2024-10,23,2330.1304347826085,2317.0
seoul,3,336,학여울,2024-11,21,2862.190476190476,2500.0
seoul,3,336,학여울,2024-12,22,2492.181818181818,2321.0
seoul,3,337,대청,2022-07,21,10778.380952380952,11051.0
seoul,3,337,대청,2022-08,23,10078.608695652174,10092.0
seoul,3,337,대청,2022-09,22,10711.818181818182,11462.5
seoul,3,337,대청,2022-10,21,10927.809523809523,11474.0
seoul,3,337,대청,2022-11,22,11411.5,11435.0
seoul,3,337,대청,2022-12,22,11353.227272727272,11376.0
seoul,3,337,대청,2023-01,22,10064.0,10769.5
seoul,3,337,대청,2023-02,20,11280.35,11306.0
seoul,3,337,대청,2023-03,23,11769.173913043478,12055.0
seoul,3,337,대청,2023-04,20,11995.3,12021.5
seoul,3,337,대청,2023-05,23,11175.08695652174,11972.0
seoul,3,337,대청,2023-06,22,11643.0,11943.0
seoul,3,337,대청,2023-07,21,11733.57142857143,11798.0
seoul,3,337,대청,2023-08,23,10860.130434782608,11309.0
seoul,3,337,대청,2023-09,21,11419.142857142857,12207.0
seoul,3,337,대청,2023-10,22,11476.5,12192.5
seoul,3,337,대청,2023-11,22,12202.318181818182,12187.5
seoul,3,337,대청,2023-12,21,11919.142857142857,12237.0
seoul,3,337,대청,2024-01,23,11197.347826086956,11570.0
seoul,3,337,대청,2024-02,21,11190.952380952382,11960.0
seoul,3,337,대청,2024-03,21,12313.42857142857,12680.0
seoul,3,337,대청,2024-04,22,12408.59090909091,12690.0
seoul,3,337,대청,2024-05,23,11807.869565217392,12609.0
seoul,3,337,대청,2024-06,20,12205.25,12524.5
seoul,3,337,대청,2024-07,23,12006.304347826086,12026.0
seoul,3,337,대청,2024-08,22,11320.363636363636,11605.0
seoul,3,337,대청,2024-09,21,11192.666666666666,12515.0
seoul,3,337,대청,2024-10,23,11976.565217391304,12628.0
seoul,3,337,대청,2024-11,21,12754.095238095239,12705.0
seoul,3,337,대청,2024-12,22,12096.09090909091,12378.5
seoul,3,338,일원,2022-07,21,11189.0,11423.0
seoul,3,338,일원,2022-08,23,10490.347826086956,10851.0
seoul,3,338,일원,2022-09,22,11089.59090909091,11986.0
seoul,3,338,일원,2022-10,21,11418.095238095239,12253.0
seoul,3,338,일원,2022-11,22,11994.318181818182,11971.0
seoul,3,338,일원,2022-12,22,11885.0,11687.0
seoul,3,338,일원,2023-01,22,10771.40909090909,11638.5
seoul,3,338,일원,2023-02,20,11986.05,11957.5
seoul,3,338,일원,2023-03,23,12401.173913043478,12771.0
seoul,3,338,일원,2023-04,20,12768.9,12741.0
seoul,3,338,일원,2023-05,23,11858.521739130434,12894.0
seoul,3,338,일원,2023-06,22,12254.0,12792.0
seoul,3,338,일원,2023-07,21,12291.047619047618,12402.0
seoul,3,338,일원,2023-08,23,11494.391304347826,11933.0
seoul,3,338,일원,2023-09,21,11945.57142857143,12902.0
seoul,3,338,일원,2023-10,22,11998.5,13048.0
seoul,3,338,일원,2023-11,22,12976.5,12880.5
seoul,3,338,일원,2023-12,21,12544.238095238095,12857.0
seoul,3,338,일원,2024-01,23,12005.478260869566,12478.0
seoul,3,338,일원,2024-02,21,11628.142857142857,12298.0
seoul,3,338,일원,2024-03,21,12587.238095238095,12900.0
seoul,3,338,일원,2024-04,22,12611.40909090909,12965.5
seoul,3,338,일원,2024-05,23,12070.652173913044,13007.0
seoul,3,338,일원,2024-06,20,12494.65,12980.5
seoul,3,338,일원,2024-07,23,12296.608695652174,12334.0
seoul,3,338,일원,2024-08,22,11497.363636363636,12019.0
seoul,3,338,일원,2024-09,21,11438.666666666666,12916.0
seoul,3,338,일원,2024-10,23,12002.652173913044,12759.0
seoul,3,338,일원,2024-11,21,13157.809523809523,12989.0
seoul,3,338,일원,2024-12,22,12345.363636363636,12779.0
seoul,3,339,수서,2022-07,21,18055.95238095238,17841.0
seoul,3,339,수서,2022-08,23,16937.347826086956,17285.0
seoul,3,339,수서,2022-09,22,17952.68181818182,18702.5
seoul,3,339,수서,2022-10,21,18558.95238095238,18923.0
seoul,3,339,수서,2022-11,22,19198.954545454544,19024.5
seoul,3,339,수서,2022-12,22,19248.545454545456,18972.5
seoul,3,339,수서,2023-01,22,18015.227272727272,18722.5
seoul,3,339,수서,2023-02,20,19776.1,19369.0
seoul,3,339,수서,2023-03,23,20051.478260869564,19938.0
seoul,3,339,수서,2023-04,20,20357.25,20070.0
seoul,3,339,수서,2023-05,23,19454.17391304348,20167.0
seoul,3,339,수서,2023-06,22,19716.227272727272,19713.0
seoul,3,339,수서,2023-07,21,19472.85714285714,19244.0
seoul,3,339,수서,2023-08,23,18570.82608695652,19122.0
seoul,3,339,수서,2023-09,21,19461.190476190477,20194.0
seoul,3,339,수서,2023-10,22,19649.68181818182,20395.0
seoul,3,339,수서,2023-11,22,20617.954545454544,20307.5
seoul,3,339,수서,2023-12,21,20242.666666666668,20382.0
seoul,3,339,수서,2024-01,23,19345.869565217392,19550.0
seoul,3,339,수서,2024-02,21,19159.285714285714,19734.0
seoul,3,339,수서,2024-03,21,20631.285714285714,20622.0
seoul,3,339,수서,2024-04,22,20603.363636363636,20563.5
seoul,3,339,수서,2024-05,23,20199.304347826088,20833.0
seoul,3,339,수서,2024-06,20,20408.75,20465.0
seoul,3,339,수서,2024-07,23,19933.043478260868,19675.0
seoul,3,339,수서,2024-08,22,19218.454545454544,19312.0
seoul,3,339,수서,2024-09,21,19370.809523809523,20631.0
seoul,3,339,수서,2024-10,23,20029.260869565216,20731.0
seoul,3,339,수서,2024-11,21,21822.238095238095,21225.0
seoul,3,339,수서,2024-12,22,20966.0,21140.5
seoul,3,340,가락시장,2022-07,21,9393.714285714286,9423.0
seoul,3,340,가락시장,2022-08,23,8735.869565217392,8955.0
seoul,3,340,가락시장,2022-09,22,9322.954545454546,9911.5
seoul,3,340,가락시장,2022-10,21,9487.666666666666,9961.0
seoul,3,340,가락시장,2022-11,22,9896.0,9870.5
seoul,3,340,가락시장,2022-12,22,10042.136363636364,10030.5
seoul,3,340,가락시장,2023-01,22,9290.09090909091,10043.5
seoul,3,340,가락시장,2023-02,20,10171.15,10151.0
seoul,3,340,가락시장,2023-03,23,10112.217391304348,10291.0
seoul,3,340,가락시장,2023-04,20,10176.9,10146.5
seoul,3,340,가락시장,2023-05,23,9587.739130434782,10167.0
seoul,3,340,가락시장,2023-06,22,9808.0,10073.0
seoul,3,340,가락시장,2023-07,21,9806.380952380952,9784.0
seoul,3,340,가락시장,2023-08,23,9139.434782608696,9377.0
seoul,3,340,가락시장,2023-09,21,9789.761904761905,10383.0
seoul,3,340,가락시장,2023-10,22,9611.227272727272,10323.5
seoul,3,340,가락시장,2023-11,22,10325.363636363636,10374.5
seoul,3,340,가락시장,2023-12,21,10311.57142857143,10427.0
seoul,3,340,가락시장,2024-01,23,9709.173913043478,9961.0
seoul,3,340,가락시장,2024-02,21,9643.42857142857,10092.0
seoul,3,340,가락시장,2024-03,21,10250.52380952381,10453.0
seoul,3,340,가락시장,2024-04,22,10268.681818181818,10368.5
seoul,3,340,가락시장,2024-05,23,9990.304347826086,10656.0
seoul,3,340,가락시장,2024-06,20,10211.7,10464.5
seoul,3,340,가락시장,2024-07,23,9909.260869565218,9988.0
seoul,3,340,가락시장,2024-08,22,9192.272727272728,9273.5
seoul,3,340,가락시장,2024-09,21,9286.52380952381,10411.0
seoul,3,340,가락시장,2024-10,23,9761.304347826086,10298.0
seoul,3,340,가락시장,2024-11,21,10623.380952380952,10503.0
seoul,3,340,가락시장,2024-12,22,10405.045454545454,10633.5
seoul,3,341,경찰병원,2022-07,21,7755.047619047619,7797.0
seoul,3,341,경찰병원,2022-08,23,7223.695652173913,7452.0
seoul,3,341,경찰병원,2022-09,22,7516.545454545455,8057.0
seoul,3,341,경찰병원,2022-10,21,7727.333333333333,8211.0
seoul,3,341,경찰병원,2022-11,22,8145.454545454545,8093.0
seoul,3,341,경찰병원,2022-12,22,8167.318181818182,8219.5
seoul,3,341,경찰병원,2023-01,22,7624.181818181818,8209.0
seoul,3,341,경찰병원,2023-02,20,8393.55,8408.0
seoul,3,341,경찰병원,2023-03,23,8240.347826086956,8451.0
seoul,3,341,경찰병원,2023-04,20,8430.7,8381.5
seoul,3,341,경찰병원,2023-05,23,7883.478260869565,8453.0
seoul,3,341,경찰병원,2023-06,22,8094.772727272727,8373.0
seoul,3,341,경찰병원,2023-07,21,8279.285714285714,8311.0
seoul,3,341,경찰병원,2023-08,23,7728.0,7931.0
seoul,3,341,경찰병원,2023-09,21,7921.666666666667,8505.0
seoul,3,341,경찰병원,2023-10,22,7756.863636363636,8417.5
seoul,3,341,경찰병원,2023-11,22,8474.954545454546,8494.5
seoul,3,341,경찰병원,2023-12,21,8229.619047619048,8496.0
seoul,3,341,경찰병원,2024-01,23,8194.304347826086,8384.0
seoul,3,341,경찰병원,2024-02,21,7970.0952380952385,8524.0
seoul,3,341,경찰병원,2024-03,21,8616.285714285714,8803.0
seoul,3,341,경찰병원,2024-04,22,8468.681818181818,8699.0
seoul,3,341,경찰병원,2024-05,23,8109.304347826087,8756.0
seoul,3,341,경찰병원,2024-06,20,8503.05,8774.0
seoul,3,341,경찰병원,2024-07,23,8564.434782608696,8596.0
seoul,3,341,경찰병원,2024-08,22,7963.0,8272.0
seoul,3,341,경찰병원,2024-09,21,7744.9047619047615,8612.0
seoul,3,341,경찰병원,2024-10,23,8017.652173913043,8638.0
seoul,3,341,경찰병원,2024-11,21,8618.904761904761,8547.0
seoul,3,341,경찰병원,2024-12,22,8263.863636363636,8600.5
seoul,3,342,오금,2022-07,21,6563.523809523809,6585.0
seoul,3,342,오금,2022-08,23,6070.434782608696,6240.0
seoul,3,342,오금,2022-09,22,6446.136363636364,6914.5
seoul,3,342,오금,2022-10,21,6707.761904761905,7111.0
seoul,3,342,오금,2022-11,22,7198.318181818182,7037.5
seoul,3,342,오금,2022-12,22,6810.227272727273,6866.0
seoul,3,342,오금,2023-01,22,6297.909090909091,6819.5
seoul,3,342,오금,2023-02,20,6970.1,6996.0
seoul,3,342,오금,2023-03,23,7132.304347826087,7350.0
seoul,3,342,오금,2023-04,20,7353.75,7337.0
seoul,3,342,오금,2023-05,23,6969.521739130435,7480.0
seoul,3,342,오금,2023-06,22,7127.272727272727,7411.5
seoul,3,342,오금,2023-07,21,7153.0952380952385,7207.0
seoul,3,342,오금,2023-08,23,6673.217391304348,6940.0
seoul,3,342,오금,2023-09,21,7045.238095238095,7568.0
seoul,3,342,오금,2023-10,22,6967.181818181818,7569.0
seoul,3,342,오금,2023-11,22,7490.727272727273,7511.5
seoul,3,342,오금,2023-12,21,7121.619047619048,7425.0
seoul,3,342,오금,2024-01,23,7113.913043478261,7347.0
seoul,3,342,오금,2024-02,21,6856.9047619047615,7323.0
seoul,3,342,오금,2024-03,21,7450.333333333333,7631.0
seoul,3,342,오금,2024-04,22,7569.681818181818,7768.5
seoul,3,342,오금,2024-05,23,7237.434782608696,7838.0
seoul,3,342,오금,2024-06,20,7465.65,7692.0
seoul,3,342,오금,2024-07,23,7336.869565217391,7359.0
seoul,3,342,오금,2024-08,22,6888.0,7112.0
seoul,3,342,오금,2024-09,21,6842.0,7670.0
seoul,3,342,오금,2024-10,23,7132.739130434783,7692.0
seoul,3,342,오금,2024-11,21,7731.0,7751.0
seoul,3,342,오금,2024-12,22,7217.0,7509.5
seoul,4,409,당고개,2022-07,21,9294.857142857143,9301.0
seoul,4,409,당고개,2022-08,23,8599.0,8834.0
seoul,4,409,당고개,2022-09,22,9305.181818181818,9744.0
seoul,4,409,당고개,2022-10,21,9526.42857142857,9896.0
seoul,4,409,당고개,2022-11,22,9731.227272727272,9730.0
seoul,4,409,당고개,2022-12,22,9559.545454545454,9531.0
seoul,4,409,당고개,2023-01,22,8918.09090909091,9404.5
seoul,4,409,당고개,2023-02,20,9775.7,9779.5
seoul,4,409,당고개,2023-03,23,10291.565217391304,10429.0
seoul,4,409,당고개,2023-04,20,10560.75,10608.0
seoul,4,409,당고개,2023-05,23,10282.565217391304,10708.0
seoul,4,409,당고개,2023-06,22,10271.59090909091,10488.0
seoul,4,409,당고개,2023-07,21,10262.047619047618,10247.0
seoul,4,409,당고개,2023-08,23,9808.608695652174,9859.0
seoul,4,409,당고개,2023-09,21,10385.142857142857,10900.0
seoul,4,409,당고개,2023-10,22,10398.0,10861.5
seoul,4,409,당고개,2023-11,22,10746.227272727272,10755.5
seoul,4,409,당고개,2023-12,21,10278.761904761905,10459.0
seoul,4,409,당고개,2024-01,23,9761.260869565218,9961.0
seoul,4,409,당고개,2024-02,21,9792.047619047618,10207.0
seoul,4,409,당고개,2024-03,21,10461.42857142857,10542.0
seoul,4,409,당고개,2024-04,22,10663.0,10869.0
seoul,4,409,당고개,2024-05,23,10871.826086956522,11237.0
seoul,4,409,당고개,2024-06,20,10715.35,10828.0
seoul,4,409,당고개,2024-07,23,10350.478260869566,10402.0
seoul,4,409,당고개,2024-08,22,9990.90909090909,10138.0
seoul,4,409,당고개,2024-09,21,10000.714285714286,10802.0
seoul,4,409,당고개,2024-10,23,10460.260869565218,10972.0
seoul,4,409,당고개,2024-11,21,10826.666666666666,10853.0
seoul,4,409,당고개,2024-12,22,10426.59090909091,10600.0
seoul,4,410,상계,2022-07,21,19660.428571428572,19662.0
seoul,4,410,상계,2022-08,23,18059.695652173912,18617.0
seoul,4,410,상계,2022-09,22,19622.454545454544,20651.5
seoul,4,410,상계,2022-10,21,19953.666666666668,20932.0
seoul,4,410,상계,2022-11,22,20495.636363636364,20590.0
seoul,4,410,상계,2022-12,22,20095.5,19982.0
seoul,4,410,상계,2023-01,22,18568.18181818182,19671.0
seoul,4,410,상계,2023-02,20,20390.95,20371.5
seoul,4,410,상계,2023-03,23,21235.739130434784,21570.0
seoul,4,410,상계,2023-04,20,21751.65,21815.5
seoul,4,410,상계,2023-05,23,20943.478260869564,22112.0
seoul,4,410,상계,2023-06,22,20922.5,21493.5
seoul,4,410,상계,2023-07,21,20656.809523809523,20640.0
seoul,4,410,상계,2023-08,23,19403.434782608696,19760.0
seoul,4,410,상계,2023-09,21,20783.571428571428,21861.0
seoul,4,410,상계,2023-10,22,20768.68181818182,22115.0
seoul,4,410,상계,2023-11,22,21633.772727272728,21698.0
seoul,4,410,상계,2023-12,21,21101.14285714286,21475.0
seoul,4,410,상계,2024-01,23,19892.695652173912,20536.0
seoul,4,410,상계,2024-02,21,19802.333333333332,20954.0
seoul,4,410,상계,2024-03,21,21486.285714285714,21855.0
seoul,4,410,상계,2024-04,22,21866.090909090908,22169.0
seoul,4,410,상계,2024-05,23,21315.739130434784,22206.0
seoul,4,410,상계,2024-06,20,21257.3,21653.0
seoul,4,410,상계,2024-07,23,20653.565217391304,20648.0
seoul,4,410,상계,2024-08,22,19487.727272727272,19683.5
seoul,4,410,상계,2024-09,21,19989.666666666668,21696.0
seoul,4,410,상계,2024-10,23,20935.434782608696,21998.0
seoul,4,410,상계,2024-11,21,22048.285714285714,22076.0
seoul,4,410,상계,2024-12,22,21275.18181818182,21716.5
seoul,4,411,노원,2022-07,21,18952.761904761905,18829.0
seoul,4,411,노원,2022-08,23,17725.0,18142.0
seoul,4,411,노원,2022-09,22,19091.545454545456,19887.0
seoul,4,411,노원,2022-10,21,19451.761904761905,20157.0
seoul,4,411,노원,2022-11,22,19922.136363636364,19903.0
seoul,4,411,노원,2022-12,22,19932.772727272728,20023.5
seoul,4,411,노원,2023-01,22,18482.636363636364,19339.0
seoul,4,411,노원,2023-02,20,20203.85,20075.5
seoul,4,411,노원,2023-03,23,20698.565217391304,20837.0
seoul,4,411,노원,2023-04,20,20735.95,20635.5
seoul,4,411,노원,2023-05,23,20513.304347826088,21013.0
seoul,4,411,노원,2023-06,22,20106.454545454544,20390.0
seoul,4,411,노원,2023-07,21,19944.666666666668,19831.0
seoul,4,411,노원,2023-08,23,18687.130434782608,18954.0
seoul,4,411,노원,2023-09,21,19679.571428571428,20659.0
seoul,4,411,노원,2023-10,22,19961.772727272728,20787.0
seoul,4,411,노원,2023-11,22,20881.272727272728,21116.0
seoul,4,411,노원,2023-12,21,25220.14285714286,22133.0
seoul,4,411,노원,2024-01,23,29570.478260869564,30204.0
seoul,4,411,노원,2024-02,21,29514.809523809523,30708.0
seoul,4,411,노원,2024-03,21,31877.714285714286,32418.0
seoul,4,411,노원,2024-04,22,31816.772727272728,32111.5
seoul,4,411,노원,2024-05,23,32183.478260869564,33421.0
seoul,4,411,노원,2024-06,20,31453.2,31722.0
seoul,4,411,노원,2024-07,23,30266.434782608696,30282.0
seoul,4,411,노원,2024-08,22,28228.227272727272,28370.0
seoul,4,411,노원,2024-09,21,21796.04761904762,23604.0
seoul,4,411,노원,2024-10,23,22564.347826086956,23395.0
seoul,4,411,노원,2024-11,21,23442.380952380954,23312.0
seoul,4,411,노원,2024-12,22,23221.863636363636,23207.5
seoul,4,412,창동,2022-07,21,26199.619047619046,26013.0
seoul,4,412,창동,2022-08,23,24191.608695652172,24967.0
seoul,4,412,창동,2022-09,22,26060.409090909092,27426.0
seoul,4,412,창동,2022-10,21,26302.666666666668,27484.0
seoul,4,412,창동,2022-11,22,26984.045454545456,26973.5
seoul,4,412,창동,2022-12,22,26503.18181818182,26236.0
seoul,4,412,창동,2023-01,22,24648.636363636364,26014.5
seoul,4,412,창동,2023-02,20,26871.9,26750.0
seoul,4,412,창동,2023-03,23,27582.695652173912,27912.0
seoul,4,412,창동,2023-04,20,27714.6,27580.5
seoul,4,412,창동,2023-05,23,27060.652173913044,28219.0
seoul,4,412,창동,2023-06,22,26989.545454545456,27641.5
seoul,4,412,창동,2023-07,21,26688.619047619046,26789.0
seoul,4,412,창동,2023-08,23,24963.17391304348,25236.0
seoul,4,412,창동,2023-09,21,26754.190476190477,28033.0
seoul,4,412,창동,2023-10,22,26676.31818181818,27902.5
seoul,4,412,창동,2023-11,22,28112.272727272728,28267.5
seoul,4,412,창동,2023-12,21,27815.285714285714,28405.0
seoul,4,412,창동,2024-01,23,27216.695652173912,27905.0
seoul,4,412,창동,2024-02,21,27294.0,28585.0
seoul,4,412,창동,2024-03,21,29461.0,29854.0
seoul,4,412,창동,2024-04,22,29100.727272727272,29396.5
seoul,4,412,창동,2024-05,23,29056.434782608696,30285.0
seoul,4,412,창동,2024-06,20,28797.5,29266.0
seoul,4,412,창동,2024-07,23,27922.695652173912,27792.0
seoul,4,412,창동,2024-08,22,26736.545454545456,26771.0
seoul,4,412,창동,2024-09,21,27368.0,29898.0
seoul,4,412,창동,2024-10,23,28510.521739130436,29704.0
seoul,4,412,창동,2024-11,21,30023.428571428572,29992.0
seoul,4,412,창동,2024-12,22,28961.772727272728,29416.0
seoul,4,413,쌍문,2022-07,21,29219.666666666668,29131.0
seoul,4,413,쌍문,2022-08,23,27279.391304347828,28216.0
seoul,4,413,쌍문,2022-09,22,29495.772727272728,31137.0
seoul,4,413,쌍문,2022-10,21,30064.52380952381,31531.0
seoul,4,413,쌍문,2022-11,22,31071.136363636364,31222.0
seoul,4,413,쌍문,2022-12,22,30782.272727272728,30747.5
seoul,4,413,쌍문,2023-01,22,28586.81818181818,30313.5
seoul,4,413,쌍문,2023-02,20,31017.9,31043.5
seoul,4,413,쌍문,2023-03,23,31811.82608695652,32379.0
seoul,4,413,쌍문,2023-04,20,32157.4,32089.0
seoul,4,413,쌍문,2023-05,23,31053.217391304348,32494.0
seoul,4,413,쌍문,2023-06,22,30964.18181818182,31648.0
seoul,4,413,쌍문,2023-07,21,30669.428571428572,30628.0
seoul,4,413,쌍문,2023-08,23,28864.17391304348,29381.0
seoul,4,413,쌍문,2023-09,21,30491.285714285714,32183.0
seoul,4,413,쌍문,2023-10,22,30472.545454545456,32195.5
seoul,4,413,쌍문,2023-11,22,31844.454545454544,32063.0
seoul,4,413,쌍문,2023-12,21,31254.095238095237,32004.0
seoul,4,413,쌍문,2024-01,23,29794.869565217392,30655.0
seoul,4,413,쌍문,2024-02,21,29704.380952380954,31231.0
seoul,4,413,쌍문,2024-03,21,32382.14285714286,33060.0
seoul,4,413,쌍문,2024-04,22,32503.454545454544,32917.0
seoul,4,413,쌍문,2024-05,23,31923.260869565216,33469.0
seoul,4,413,쌍문,2024-06,20,31857.6,32499.5
seoul,4,413,쌍문,2024-07,23,31293.521739130436,31383.0
seoul,4,413,쌍문,2024-08,22,29567.31818181818,29859.0
seoul,4,413,쌍문,2024-09,21,29880.380952380954,32689.0
seoul,4,413,쌍문,2024-10,23,31320.782608695652,32954.0
seoul,4,413,쌍문,2024-11,21,32875.0,32806.0
seoul,4,413,쌍문,2024-12,22,32100.590909090908,32725.0
seoul,4,414,수유(강북구청),2022-07,21,34126.0,34060.0
seoul,4,414,수유(강북구청),2022-08,23,31861.130434782608,32704.0
seoul,4,414,수유(강북구청),2022-09,22,34803.59090909091,36621.5
seoul,4,414,수유(강북구청),2022-10,21,35406.09523809524,36857.0
seoul,4,414,수유(강북구청),2022-11,22,36322.045454545456,36530.5
seoul,4,414,수유(강북구청),2022-12,22,35953.681818181816,35973.0
seoul,4,414,수유(강북구청),2023-01,22,33083.63636363636,34773.0
seoul,4,414,수유(강북구청),2023-02,20,36115.65,36024.5
seoul,4,414,수유(강북구청),2023-03,23,37368.260869565216,37858.0
seoul,4,414,수유(강북구청),2023-04,20,37816.5,37736.5
seoul,4,414,수유(강북구청),2023-05,23,36656.913043478264,38236.0
seoul,4,414,수유(강북구청),2023-06,22,36204.954545454544,36887.0
seoul,4,414,수유(강북구청),2023-07,21,35591.90476190476,35533.0
seoul,4,414,수유(강북구청),2023-08,23,33539.391304347824,33904.0
seoul,4,414,수유(강북구청),2023-09,21,35853.76190476191,37723.0
seoul,4,414,수유(강북구청),2023-10,22,35802.72727272727,37772.0
seoul,4,414,수유(강북구청),2023-11,22,37117.59090909091,37377.5
seoul,4,414,수유(강북구청),2023-12,21,36319.666666666664,36944.0
seoul,4,414,수유(강북구청),2024-01,23,34055.13043478261,34669.0
seoul,4,414,수유(강북구청),2024-02,21,34200.380952380954,35605.0
seoul,4,414,수유(강북구청),2024-03,21,37400.42857142857,37798.0
seoul,4,414,수유(강북구청),2024-04,22,37228.181818181816,37577.0
seoul,4,414,수유(강북구청),2024-05,23,36748.739130434784,38002.0
seoul,4,414,수유(강북구청),2024-06,20,36432.85,36843.0
seoul,4,414,수유(강북구청),2024-07,23,35157.47826086957,35405.0
seoul,4,414,수유(강북구청),2024-08,22,33693.63636363636,33762.0
seoul,4,414,수유(강북구청),2024-09,21,34599.90476190476,37325.0
seoul,4,414,수유(강북구청),2024-10,23,36272.913043478264,37832.0
seoul,4,414,수유(강북구청),2024-11,21,37779.80952380953,37582.0
seoul,4,414,수유(강북구청),2024-12,22,36852.22727272727,37125.5
seoul,4,415,미아(서울사이버대학),2022-07,21,15107.57142857143,15160.0
seoul,4,415,미아(서울사이버대학),2022-08,23,14031.260869565218,14530.0
seoul,4,415,미아(서울사이버대학),2022-09,22,15815.681818181818,16617.0
seoul,4,415,미아(서울사이버대학),2022-10,21,16110.952380952382,16896.0
seoul,4,415,미아(서울사이버대학),2022-11,22,16373.772727272728,16370.0
seoul,4,415,미아(서울사이버대학),2022-12,22,15865.09090909091,15777.5
seoul,4,415,미아(서울사이버대학),2023-01,22,14353.681818181818,15222.5
seoul,4,415,미아(서울사이버대학),2023-02,20,15826.6,15794.0
seoul,4,415,미아(서울사이버대학),2023-03,23,17144.130434782608,17469.0
seoul,4,415,미아(서울사이버대학),2023-04,20,17326.5,17382.0
seoul,4,415,미아(서울사이버대학),2023-05,23,16806.478260869564,17607.0
seoul,4,415,미아(서울사이버대학),2023-06,22,16407.045454545456,16830.5
seoul,4,415,미아(서울사이버대학),2023-07,21,15917.857142857143,15973.0
seoul,4,415,미아(서울사이버대학),2023-08,23,15082.826086956522,15395.0
seoul,4,415,미아(서울사이버대학),2023-09,21,16682.04761904762,17595.0
seoul,4,415,미아(서울사이버대학),2023-10,22,16600.5,17570.0
seoul,4,415,미아(서울사이버대학),2023-11,22,17189.090909090908,17231.5
seoul,4,415,미아(서울사이버대학),2023-12,21,16576.333333333332,16916.0
seoul,4,415,미아(서울사이버대학),2024-01,23,15314.869565217392,15752.0
seoul,4,415,미아(서울사이버대학),2024-02,21,15508.0,16258.0
seoul,4,415,미아(서울사이버대학),2024-03,21,17876.285714285714,18037.0
seoul,4,415,미아(서울사이버대학),2024-04,22,17760.045454545456,17988.0
seoul,4,415,미아(서울사이버대학),2024-05,23,17505.521739130436,18292.0
seoul,4,415,미아(서울사이버대학),2024-06,20,17129.7,17443.5
seoul,4,415,미아(서울사이버대학),2024-07,23,16220.652173913044,16266.0
seoul,4,415,미아(서울사이버대학),2024-08,22,15263.272727272728,15402.5
seoul,4,415,미아(서울사이버대학),2024-09,21,16144.142857142857,17669.0
seoul,4,415,미아(서울사이버대학),2024-10,23,17113.08695652174,17912.0
seoul,4,415,미아(서울사이버대학),2024-11,21,18006.904761904763,17945.0
seoul,4,415,미아(서울사이버대학),2024-12,22,17265.045454545456,17678.5
seoul,4,416,미아사거리,2022-07,21,27757.238095238095,27786.0
seoul,4,416,미아사거리,2022-08,23,25696.217391304348,26296.0
seoul,4,416,미아사거리,2022-09,22,27559.136363636364,28928.0
seoul,4,416,미아사거리,2022-10,21,28065.85714285714,29165.0
seoul,4,416,미아사거리,2022-11,22,28391.045454545456,28658.5
seoul,4,416,미아사거리,2022-12,22,28429.090909090908,28505.5
seoul,4,416,미아사거리,2023-01,22,26134.18181818182,27482.0
seoul,4,416,미아사거리,2023-02,20,28595.95,28590.5
seoul,4,416,미아사거리,2023-03,23,29149.869565217392,29581.0
seoul,4,416,미아사거리,2023-04,20,29258.0,29133.5
seoul,4,416,미아사거리,2023-05,23,28484.91304347826,29641.0
seoul,4,416,미아사거리,2023-06,22,28438.772727272728,29091.0
seoul,4,416,미아사거리,2023-07,21,28016.52380952381,27889.0
seoul,4,416,미아사거리,2023-08,23,26294.130434782608,26413.0
seoul,4,416,미아사거리,2023-09,21,27797.809523809523,29350.0
seoul,4,416,미아사거리,2023-10,22,27853.81818181818,29213.5
seoul,4,416,미아사거리,2023-11,22,28945.954545454544,29081.5
seoul,4,416,미아사거리,2023-12,21,28781.428571428572,29376.0
seoul,4,416,미아사거리,2024-01,23,26993.739130434784,27663.0
seoul,4,416,미아사거리,2024-02,21,27058.95238095238,28140.0
seoul,4,416,미아사거리,2024-03,21,29225.666666666668,29252.0
seoul,4,416,미아사거리,2024-04,22,28979.636363636364,29336.0
seoul,4,416,미아사거리,2024-05,23,28757.130434782608,29899.0
seoul,4,416,미아사거리,2024-06,20,28756.25,29254.0
seoul,4,416,미아사거리,2024-07,23,28222.217391304348,28238.0
seoul,4,416,미아사거리,2024-08,22,26761.363636363636,26683.5
seoul,4,416,미아사거리,2024-09,21,26844.428571428572,29057.0
seoul,4,416,미아사거리,2024-10,23,27975.304347826088,29233.0
seoul,4,416,미아사거리,2024-11,21,29307.333333333332,29371.0
seoul,4,416,미아사거리,2024-12,22,28685.090909090908,29043.5
seoul,4,417,길음,2022-07,21,21230.333333333332,21320.0
seoul,4,417,길음,2022-08,23,19547.695652173912,20112.0
seoul,4,417,길음,2022-09,22,22861.772727272728,24234.5
seoul,4,417,길음,2022-10,21,23121.666666666668,24474.0
seoul,4,417,길음,2022-11,22,23805.045454545456,24078.5
seoul,4,417,길음,2022-12,22,22623.909090909092,22696.0
seoul,4,417,길음,2023-01,22,20217.590909090908,21478.5
seoul,4,417,길음,2023-02,20,22372.6,22453.0
seoul,4,417,길음,2023-03,23,24913.739130434784,25600.0
seoul,4,417,길음,2023-04,20,25017.4,25002.5
seoul,4,417,길음,2023-05,23,24180.043478260868,25639.0
seoul,4,417,길음,2023-06,22,23285.727272727272,23917.0
seoul,4,417,길음,2023-07,21,22069.95238095238,21950.0
seoul,4,417,길음,2023-08,23,20668.652173913044,21093.0
seoul,4,417,길음,2023-09,21,23528.52380952381,25153.0
seoul,4,417,길음,2023-10,22,23347.31818181818,24990.0
seoul,4,417,길음,2023-11,22,24650.18181818182,24606.5
seoul,4,417,길음,2023-12,21,23408.761904761905,24000.0
seoul,4,417,길음,2024-01,23,21506.347826086956,22138.0
seoul,4,417,길음,2024-02,21,21388.428571428572,22638.0
seoul,4,417,길음,2024-03,21,25449.809523809523,25712.0
seoul,4,417,길음,2024-04,22,25138.909090909092,25548.0
seoul,4,417,길음,2024-05,23,24613.217391304348,25979.0
seoul,4,417,길음,2024-06,20,23894.95,24413.0
seoul,4,417,길음,2024-07,23,22500.478260869564,22515.0
seoul,4,417,길음,2024-08,22,21051.81818181818,21401.0
seoul,4,417,길음,2024-09,21,22628.0,24926.0
seoul,4,417,길음,2024-10,23,23604.608695652172,25221.0
seoul,4,417,길음,2024-11,21,25026.809523809523,25107.0
seoul,4,417,길음,2024-12,22,23471.090909090908,24196.5
seoul,4,418,성신여대입구(돈암),2022-07,21,20108.333333333332,20146.0
seoul,4,418,성신여대입구(돈암),2022-08,23,18695.82608695652,19279.0
seoul,4,418,성신여대입구(돈암),2022-09,22,22492.31818181818,23410.5
seoul,4,418,성신여대입구(돈암),2022-10,21,22395.571428571428,23312.0
seoul,4,418,성신여대입구(돈암),2022-11,22,23073.136363636364,23101.5
seoul,4,418,성신여대입구(돈암),2022-12,22,22109.727272727272,21863.0
seoul,4,418,성신여대입구(돈암),2023-01,22,19353.772727272728,20497.0
seoul,4,418,성신여대입구(돈암),2023-02,20,21062.15,21066.5
seoul,4,418,성신여대입구(돈암),2023-03,23,24349.304347826088,24785.0
seoul,4,418,성신여대입구(돈암),2023-04,20,24075.35,24021.0
seoul,4,418,성신여대입구(돈암),2023-05,23,23868.391304347828,24709.0
seoul,4,418,성신여대입구(돈암),2023-06,22,22679.454545454544,23109.5
seoul,4,418,성신여대입구(돈암),2023-07,21,21121.380952380954,21016.0
seoul,4,418,성신여대입구(돈암),2023-08,23,19964.565217391304,20033.0
seoul,4,418,성신여대입구(돈암),2023-09,21,23270.571428571428,24574.0
seoul,4,418,성신여대입구(돈암),2023-10,22,22959.18181818182,24228.5
seoul,4,418,성신여대입구(돈암),2023-11,22,24142.136363636364,24152.5
seoul,4,418,성신여대입구(돈암),2023-12,21,23457.85714285714,23832.0
seoul,4,418,성신여대입구(돈암),2024-01,23,20552.695652173912,20990.0
seoul,4,418,성신여대입구(돈암),2024-02,21,21069.619047619046,21895.0
seoul,4,418,성신여대입구(돈암),2024-03,21,25928.904761904763,26128.0
seoul,4,418,성신여대입구(돈암),2024-04,22,25316.545454545456,25517.0
seoul,4,418,성신여대입구(돈암),2024-05,23,25125.391304347828,25896.0
seoul,4,418,성신여대입구(돈암),2024-06,20,24104.75,24284.5
seoul,4,418,성신여대입구(돈암),2024-07,23,21983.217391304348,22250.0
seoul,4,418,성신여대입구(돈암),2024-08,22,21022.363636363636,21137.5
seoul,4,418,성신여대입구(돈암),2024-09,21,23360.809523809523,25388.0
seoul,4,418,성신여대입구(돈암),2024-10,23,24210.304347826088,25104.0
seoul,4,418,성신여대입구(돈암),2024-11,21,25539.095238095237,25451.0
seoul,4,418,성신여대입구(돈암),2024-12,22,24473.5,24915.0
seoul,4,419,한성대입구(삼선교),2022-07,21,13356.714285714286,13385.0
seoul,4,419,한성대입구(삼선교),2022-08,23,12715.0,12753.0
seoul,4,419,한성대입구(삼선교),2022-09,22,15352.59090909091,16433.5
seoul,4,419,한성대입구(삼선교),2022-10,21,15383.285714285714,16259.0
seoul,4,419,한성대입구(삼선교),2022-11,22,15839.545454545454,16137.0
seoul,4,419,한성대입구(삼선교),2022-12,22,14463.59090909091,14413.0
seoul,4,419,한성대입구(삼선교),2023-01,22,12413.59090909091,13226.5
seoul,4,419,한성대입구(삼선교),2023-02,20,13649.7,13576.0
seoul,4,419,한성대입구(삼선교),2023-03,23,16427.434782608696,16826.0
seoul,4,419,한성대입구(삼선교),2023-04,20,16559.5,16698.0
seoul,4,419,한성대입구(삼선교),2023-05,23,16238.347826086956,17083.0
seoul,4,419,한성대입구(삼선교),2023-06,22,15153.636363636364,15247.0
seoul,4,419,한성대입구(삼선교),2023-07,21,13849.57142857143,13818.0
seoul,4,419,한성대입구(삼선교),2023-08,23,13405.04347826087,13239.0
seoul,4,419,한성대입구(삼선교),2023-09,21,15543.57142857143,16510.0
seoul,4,419,한성대입구(삼선교),2023-10,22,15372.045454545454,16497.5
seoul,4,419,한성대입구(삼선교),2023-11,22,16175.954545454546,16288.5
seoul,4,419,한성대입구(삼선교),2023-12,21,14828.666666666666,15352.0
seoul,4,419,한성대입구(삼선교),2024-01,23,12955.782608695652,13276.0
seoul,4,419,한성대입구(삼선교),2024-02,21,13111.761904761905,13702.0
seoul,4,419,한성대입구(삼선교),2024-03,21,16598.333333333332,16766.0
seoul,4,419,한성대입구(삼선교),2024-04,22,16766.272727272728,17096.0
seoul,4,419,한성대입구(삼선교),2024-05,23,16831.782608695652,17427.0
seoul,4,419,한성대입구(삼선교),2024-06,20,15688.6,15824.0
seoul,4,419,한성대입구(삼선교),2024-07,23,13949.434782608696,13810.0
seoul,4,419,한성대입구(삼선교),2024-08,22,13133.727272727272,13211.0
seoul,4,419,한성대입구(삼선교),2024-09,21,14990.857142857143,16313.0
seoul,4,419,한성대입구(삼선교),2024-10,23,15823.95652173913,16648.0
seoul,4,419,한성대입구(삼선교),2024-11,21,16660.666666666668,16753.0
seoul,4,419,한성대입구(삼선교),2024-12,22,15265.90909090909,15721.5
seoul,4,420,혜화,2022-07,21,34302.28571428572,34340.0
seoul,4,420,혜화,2022-08,23,32573.782608695652,33800.0
seoul,4,420,혜화,2022-09,22,35630.36363636364,36988.5
seoul,4,420,혜화,2022-10,21,36919.42857142857,38823.0
seoul,4,420,혜화,2022-11,22,37720.90909090909,38229.5
seoul,4,420,혜화,2022-12,22,38407.27272727273,39108.0
seoul,4,420,혜화,2023-01,22,33109.36363636364,34991.5
seoul,4,420,혜화,2023-02,20,37467.8,37658.0
seoul,4,420,혜화,2023-03,23,38557.739130434784,39405.0
seoul,4,420,혜화,2023-04,20,38169.15,38372.5
seoul,4,420,혜화,2023-05,23,38876.69565217391,39327.0
seoul,4,420,혜화,2023-06,22,35958.09090909091,36529.0
seoul,4,420,혜화,2023-07,21,36020.19047619047,36258.0
seoul,4,420,혜화,2023-08,23,35279.782608695656,35944.0
seoul,4,420,혜화,2023-09,21,36959.90476190476,39295.0
seoul,4,420,혜화,2023-10,22,37923.59090909091,39849.5
seoul,4,420,혜화,2023-11,22,39920.09090909091,40929.5
seoul,4,420,혜화,2023-12,21,41681.142857142855,42050.0
seoul,4,420,혜화,2024-01,23,35911.608695652176,37550.0
seoul,4,420,혜화,2024-02,21,35770.57142857143,37409.0
seoul,4,420,혜화,2024-03,21,38924.04761904762,38929.0
seoul,4,420,혜화,2024-04,22,37549.36363636364,38510.0
seoul,4,420,혜화,2024-05,23,38915.608695652176,40631.0
seoul,4,420,혜화,2024-06,20,36122.45,36820.5
seoul,4,420,혜화,2024-07,23,35666.95652173913,36938.0
seoul,4,420,혜화,2024-08,22,34969.27272727273,35597.5
seoul,4,420,혜화,2024-09,21,34778.80952380953,38256.0
seoul,4,420,혜화,2024-10,23,38256.0,39862.0
seoul,4,420,혜화,2024-11,21,40017.619047619046,40667.0
seoul,4,420,혜화,2024-12,22,40547.90909090909,40757.5
seoul,4,421,동대문,2022-07,21,21019.571428571428,21092.0
seoul,4,421,동대문,2022-08,23,17865.478260869564,20083.0
seoul,4,421,동대문,2022-09,22,19466.0,21039.5
seoul,4,421,동대문,2022-10,21,21262.714285714286,21829.0
seoul,4,421,동대문,2022-11,22,20819.863636363636,20875.0
seoul,4,421,동대문,2022-12,22,20756.090909090908,20772.5
seoul,4,421,동대문,2023-01,22,18158.363636363636,20011.0
seoul,4,421,동대문,2023-02,20,21401.95,21178.5
seoul,4,421,동대문,2023-03,23,22218.217391304348,22455.0
seoul,4,421,동대문,2023-04,20,22179.8,22288.5
seoul,4,421,동대문,2023-05,23,22634.82608695652,22843.0
seoul,4,421,동대문,2023-06,22,22263.68181818182,22462.0
seoul,4,421,동대문,2023-07,21,22139.14285714286,22308.0
seoul,4,421,동대문,2023-08,23,19559.17391304348,21012.0
seoul,4,421,동대문,2023-09,21,20737.285714285714,22280.0
seoul,4,421,동대문,2023-10,22,22055.590909090908,22831.5
seoul,4,421,동대문,2023-11,22,22190.090909090908,22243.5
seoul,4,421,동대문,2023-12,21,21191.238095238095,21755.0
seoul,4,421,동대문,2024-01,23,19863.478260869564,20712.0
seoul,4,421,동대문,2024-02,21,20057.333333333332,21239.0
seoul,4,421,동대문,2024-03,21,22669.809523809523,22829.0
seoul,4,421,동대문,2024-04,22,22707.636363636364,22971.5
seoul,4,421,동대문,2024-05,23,22567.956521739132,22916.0
seoul,4,421,동대문,2024-06,20,22457.2,22466.0
seoul,4,421,동대문,2024-07,23,21899.782608695652,22161.0
seoul,4,421,동대문,2024-08,22,19455.227272727272,21222.5
seoul,4,421,동대문,2024-09,21,19361.619047619046,21547.0
seoul,4,421,동대문,2024-10,23,22071.217391304348,22232.0
seoul,4,421,동대문,2024-11,21,21658.714285714286,21788.0
seoul,4,421,동대문,2024-12,22,20930.227272727272,21032.5
seoul,4,422,동대문역사문화공원(DDP),2022-07,21,16086.047619047618,15971.0
seoul,4,422,동대문역사문화공원(DDP),2022-08,23,15126.0,15425.0
seoul,4,422,동대문역사문화공원(DDP),2022-09,22,15798.772727272728,16581.0
seoul,4,422,동대문역사문화공원(DDP),2022-10,21,17336.04761904762,17781.0
seoul,4,422,동대문역사문화공원(DDP),2022-11,22,17238.772727272728,17282.0
seoul,4,422,동대문역사문화공원(DDP),2022-12,22,18156.045454545456,18246.0
seoul,4,422,동대문역사문화공원(DDP),2023-01,22,16581.772727272728,17347.0
seoul,4,422,동대문역사문화공원(DDP),2023-02,20,18031.25,17943.0
seoul,4,422,동대문역사문화공원(DDP),2023-03,23,19163.956521739132,19197.0
seoul,4,422,동대문역사문화공원(DDP),2023-04,20,19454.9,19416.5
seoul,4,422,동대문역사문화공원(DDP),2023-05,23,19149.347826086956,19601.0
seoul,4,422,동대문역사문화공원(DDP),2023-06,22,19404.909090909092,19436.0
seoul,4,422,동대문역사문화공원(DDP),2023-07,21,19534.47619047619,19574.0
seoul,4,422,동대문역사문화공원(DDP),2023-08,23,18633.82608695652,18872.0
seoul,4,422,동대문역사문화공원(DDP),2023-09,21,19243.04761904762,19559.0
seoul,4,422,동대문역사문화공원(DDP),2023-10,22,19350.31818181818,20101.5
seoul,4,422,동대문역사문화공원(DDP),2023-11,22,19988.68181818182,19907.0
seoul,4,422,동대문역사문화공원(DDP),2023-12,21,19796.619047619046,19796.0
seoul,4,422,동대문역사문화공원(DDP),2024-01,23,17964.434782608696,18270.0
seoul,4,422,동대문역사문화공원(DDP),2024-02,21,18726.714285714286,19611.0
seoul,4,422,동대문역사문화공원(DDP),2024-03,21,20479.333333333332,20827.0
seoul,4,422,동대문역사문화공원(DDP),2024-04,22,20329.68181818182,20451.0
seoul,4,422,동대문역사문화공원(DDP),2024-05,23,20010.347826086956,20448.0
seoul,4,422,동대문역사문화공원(DDP),2024-06,20,20409.15,20545.0
seoul,4,422,동대문역사문화공원(DDP),2024-07,23,20544.478260869564,20670.0
seoul,4,422,동대문역사문화공원(DDP),2024-08,22,19913.31818181818,20438.0
seoul,4,422,동대문역사문화공원(DDP),2024-09,21,19242.85714285714,20172.0
seoul,4,422,동대문역사문화공원(DDP),2024-10,23,21115.478260869564,21393.0
seoul,4,422,동대문역사문화공원(DDP),2024-11,21,21277.571428571428,21052.0
seoul,4,422,동대문역사문화공원(DDP),2024-12,22,21106.636363636364,20701.5
seoul,4,423,충무로,2022-07,21,27029.619047619046,27177.0
seoul,4,423,충무로,2022-08,23,24741.91304347826,25763.0
seoul,4,423,충무로,2022-09,22,29773.545454545456,31884.5
seoul,4,423,충무로,2022-10,21,29993.47619047619,32093.0
seoul,4,423,충무로,2022-11,22,32062.863636363636,32299.5
seoul,4,423,충무로,2022-12,22,30700.363636363636,31195.5
seoul,4,423,충무로,2023-01,22,26154.590909090908,28344.0
seoul,4,423,충무로,2023-02,20,29657.2,29345.0
seoul,4,423,충무로,2023-03,23,34144.913043478264,35145.0
seoul,4,423,충무로,2023-04,20,35146.6,35069.0
seoul,4,423,충무로,2023-05,23,33502.86956521739,36061.0
seoul,4,423,충무로,2023-06,22,32678.227272727272,33023.0
seoul,4,423,충무로,2023-07,21,31473.285714285714,31564.0
seoul,4,423,충무로,2023-08,23,29550.130434782608,30999.0
seoul,4,423,충무로,2023-09,21,33361.42857142857,36034.0
seoul,4,423,충무로,2023-10,22,32867.318181818184,35790.5
seoul,4,423,충무로,2023-11,22,35955.681818181816,36016.5
seoul,4,423,충무로,2023-12,21,33615.90476190476,34661.0
seoul,4,423,충무로,2024-01,23,30495.478260869564,31513.0
seoul,4,423,충무로,2024-02,21,30526.0,32215.0
seoul,4,423,충무로,2024-03,21,37239.333333333336,38555.0
seoul,4,423,충무로,2024-04,22,37038.36363636364,37781.0
seoul,4,423,충무로,2024-05,23,35430.739130434784,37647.0
seoul,4,423,충무로,2024-06,20,34395.7,34686.0
seoul,4,423,충무로,2024-07,23,32542.91304347826,32571.0
seoul,4,423,충무로,2024-08,22,31111.227272727272,31928.5
seoul,4,423,충무로,2024-09,21,33021.90476190476,36888.0
seoul,4,423,충무로,2024-10,23,34530.739130434784,37122.0
seoul,4,423,충무로,2024-11,21,36909.333333333336,37080.0
seoul,4,423,충무로,2024-12,22,33919.954545454544,34643.0
seoul,4,424,명동,2022-07,21,20843.809523809523,20746.0
seoul,4,424,명동,2022-08,23,20451.217391304348,20625.0
seoul,4,424,명동,2022-09,22,23573.136363636364,24751.5
seoul,4,424,명동,2022-10,21,26526.809523809523,27801.0
seoul,4,424,명동,2022-11,22,27323.68181818182,27048.5
seoul,4,424,명동,2022-12,22,29202.227272727272,28950.0
seoul,4,424,명동,2023-01,22,23750.545454545456,24554.5
seoul,4,424,명동,2023-02,20,26883.45,26608.5
seoul,4,424,명동,2023-03,23,33171.739130434784,34028.0
seoul,4,424,명동,2023-04,20,33528.05,33557.0
seoul,4,424,명동,2023-05,23,32365.91304347826,32769.0
seoul,4,424,명동,2023-06,22,32577.68181818182,33287.0
seoul,4,424,명동,2023-07,21,31035.095238095237,31266.0
seoul,4,424,명동,2023-08,23,30852.08695652174,31617.0
seoul,4,424,명동,2023-09,21,33549.23809523809,35034.0
seoul,4,424,명동,2023-10,22,34063.72727272727,35865.0
seoul,4,424,명동,2023-11,22,35825.318181818184,35435.0
seoul,4,424,명동,2023-12,21,35358.76190476191,34765.0
seoul,4,424,명동,2024-01,23,28841.260869565216,28531.0
seoul,4,424,명동,2024-02,21,30449.619047619046,31205.0
seoul,4,424,명동,2024-03,21,38002.42857142857,38068.0
seoul,4,424,명동,2024-04,22,36878.72727272727,36351.0
seoul,4,424,명동,2024-05,23,34805.0,35415.0
seoul,4,424,명동,2024-06,20,35322.0,35452.0
seoul,4,424,명동,2024-07,23,33186.52173913043,33584.0
seoul,4,424,명동,2024-08,22,34053.5,34726.0
seoul,4,424,명동,2024-09,21,35168.42857142857,37428.0
seoul,4,424,명동,2024-10,23,38115.17391304348,39033.0
seoul,4,424,명동,2024-11,21,38379.619047619046,37936.0
seoul,4,424,명동,2024-12,22,38523.954545454544,37377.0
seoul,4,425,회현(남대문시장),2022-07,21,25612.428571428572,25798.0
seoul,4,425,회현(남대문시장),2022-08,23,23082.347826086956,24728.0
seoul,4,425,회현(남대문시장),2022-09,22,25126.363636363636,27104.0
seoul,4,425,회현(남대문시장),2022-10,21,27232.714285714286,28472.0
seoul,4,425,회현(남대문시장),2022-11,22,27525.045454545456,27804.0
seoul,4,425,회현(남대문시장),2022-12,22,27982.863636363636,28049.0
seoul,4,425,회현(남대문시장),2023-01,22,23858.590909090908,25931.0
seoul,4,425,회현(남대문시장),2023-02,20,27728.65,27650.5
seoul,4,425,회현(남대문시장),2023-03,23,29035.478260869564,29459.0
seoul,4,425,회현(남대문시장),2023-04,20,29648.4,29865.0
seoul,4,425,회현(남대문시장),2023-05,23,29875.391304347828,30836.0
seoul,4,425,회현(남대문시장),2023-06,22,29344.863636363636,30073.5
seoul,4,425,회현(남대문시장),2023-07,21,28652.95238095238,28988.0
seoul,4,425,회현(남대문시장),2023-08,23,26320.91304347826,27259.0
seoul,4,425,회현(남대문시장),2023-09,21,27486.095238095237,29667.0
seoul,4,425,회현(남대문시장),2023-10,22,29152.18181818182,30760.0
seoul,4,425,회현(남대문시장),2023-11,22,29835.68181818182,30211.5
seoul,4,425,회현(남대문시장),2023-12,21,29469.571428571428,29751.0
seoul,4,425,회현(남대문시장),2024-01,23,27039.956521739132,28277.0
seoul,4,425,회현(남대문시장),2024-02,21,26853.0,28360.0
seoul,4,425,회현(남대문시장),2024-03,21,30535.761904761905,30880.0
seoul,4,425,회현(남대문시장),2024-04,22,31218.863636363636,31732.0
seoul,4,425,회현(남대문시장),2024-05,23,30157.608695652172,31248.0
seoul,4,425,회현(남대문시장),2024-06,20,30533.05,30923.0
seoul,4,425,회현(남대문시장),2024-07,23,29006.91304347826,29448.0
seoul,4,425,회현(남대문시장),2024-08,22,26967.090909090908,28303.0
seoul,4,425,회현(남대문시장),2024-09,21,26575.04761904762,29885.0
seoul,4,425,회현(남대문시장),2024-10,23,30766.521739130436,31617.0
seoul,4,425,회현(남대문시장),2024-11,21,30936.619047619046,31084.0
seoul,4,425,회현(남대문시장),2024-12,22,30696.909090909092,30884.0
seoul,4,426,서울역,2022-07,21,12362.190476190477,12337.0
seoul,4,426,서울역,2022-08,23,11432.173913043478,11603.0
seoul,4,426,서울역,2022-09,22,12005.772727272728,12961.0
seoul,4,426,서울역,2022-10,21,12721.190476190477,13508.0
seoul,4,426,서울역,2022-11,22,13292.045454545454,13281.5
seoul,4,426,서울역,2022-12,22,13060.818181818182,13065.5
seoul,4,426,서울역,2023-01,22,11975.5,12882.0
seoul,4,426,서울역,2023-02,20,13388.75,13375.0
seoul,4,426,서울역,2023-03,23,13756.04347826087,14167.0
seoul,4,426,서울역,2023-04,20,14075.0,14185.0
seoul,4,426,서울역,2023-05,23,13139.652173913044,14211.0
seoul,4,426,서울역,2023-06,22,13705.818181818182,14280.5
seoul,4,426,서울역,2023-07,21,13887.857142857143,13956.0
seoul,4,426,서울역,2023-08,23,13067.130434782608,13547.0
seoul,4,426,서울역,2023-09,21,13515.0,14459.0
seoul,4,426,서울역,2023-10,22,13199.636363636364,14304.0
seoul,4,426,서울역,2023-11,22,14325.636363636364,14359.0
seoul,4,426,서울역,2023-12,21,13701.095238095239,14061.0
seoul,4,426,서울역,2024-01,23,13292.391304347826,13760.0
seoul,4,426,서울역,2024-02,21,13159.238095238095,14216.0
seoul,4,426,서울역,2024-03,21,14382.190476190477,14860.0
seoul,4,426,서울역,2024-04,22,14316.136363636364,14719.5
seoul,4,426,서울역,2024-05,23,13519.782608695652,14503.0
seoul,4,426,서울역,2024-06,20,14260.4,14738.5
seoul,4,426,서울역,2024-07,23,14330.130434782608,14430.0
seoul,4,426,서울역,2024-08,22,13762.363636363636,13998.5
seoul,4,426,서울역,2024-09,21,13360.380952380952,14848.0
seoul,4,426,서울역,2024-10,23,14102.826086956522,15169.0
seoul,4,426,서울역,2024-11,21,15276.238095238095,15236.0
seoul,4,426,서울역,2024-12,22,14435.0,14959.0
seoul,4,427,숙대입구(갈월),2022-07,21,13469.333333333334,13448.0
seoul,4,427,숙대입구(갈월),2022-08,23,12643.91304347826,12907.0
seoul,4,427,숙대입구(갈월),2022-09,22,15515.0,16534.0
seoul,4,427,숙대입구(갈월),2022-10,21,15550.809523809523,16340.0
seoul,4,427,숙대입구(갈월),2022-11,22,16113.818181818182,16253.5
seoul,4,427,숙대입구(갈월),2022-12,22,15193.136363636364,15283.0
seoul,4,427,숙대입구(갈월),2023-01,22,12713.727272727272,13529.5
seoul,4,427,숙대입구(갈월),2023-02,20,14480.8,14325.5
seoul,4,427,숙대입구(갈월),2023-03,23,17197.739130434784,17577.0
seoul,4,427,숙대입구(갈월),2023-04,20,17249.5,17245.5
seoul,4,427,숙대입구(갈월),2023-05,23,16687.130434782608,17461.0
seoul,4,427,숙대입구(갈월),2023-06,22,15783.363636363636,16157.0
seoul,4,427,숙대입구(갈월),2023-07,21,14557.333333333334,14452.0
seoul,4,427,숙대입구(갈월),2023-08,23,13692.652173913044,13824.0
seoul,4,427,숙대입구(갈월),2023-09,21,16200.761904761905,17161.0
seoul,4,427,숙대입구(갈월),2023-10,22,15750.545454545454,16934.0
seoul,4,427,숙대입구(갈월),2023-11,22,17116.045454545456,17187.5
seoul,4,427,숙대입구(갈월),2023-12,21,16002.285714285714,16368.0
seoul,4,427,숙대입구(갈월),2024-01,23,13771.869565217392,14245.0
seoul,4,427,숙대입구(갈월),2024-02,21,13809.714285714286,14457.0
seoul,4,427,숙대입구(갈월),2024-03,21,17818.333333333332,17870.0
seoul,4,427,숙대입구(갈월),2024-04,22,17370.863636363636,17705.5
seoul,4,427,숙대입구(갈월),2024-05,23,16763.130434782608,17618.0
seoul,4,427,숙대입구(갈월),2024-06,20,16515.55,16645.5
seoul,4,427,숙대입구(갈월),2024-07,23,15051.95652173913,15059.0
seoul,4,427,숙대입구(갈월),2024-08,22,14240.227272727272,14361.0
seoul,4,427,숙대입구(갈월),2024-09,21,15790.52380952381,17635.0
seoul,4,427,숙대입구(갈월),2024-10,23,16602.956521739132,17629.0
seoul,4,427,숙대입구(갈월),2024-11,21,17738.47619047619,17701.0
seoul,4,427,숙대입구(갈월),2024-12,22,16793.68181818182,16849.0
seoul,4,428,삼각지,2022-07,21,5470.571428571428,5525.0
seoul,4,428,삼각지,2022-08,23,5262.95652173913,5381.0
seoul,4,428,삼각지,2022-09,22,5478.863636363636,5780.5
seoul,4,428,삼각지,2022-10,21,5706.619047619048,5992.0
seoul,4,428,삼각지,2022-11,22,6104.5,6113.0
seoul,4,428,삼각지,2022-12,22,6501.590909090909,6591.5
seoul,4,428,삼각지,2023-01,22,5778.681818181818,6131.5
seoul,4,428,삼각지,2023-02,20,6385.15,6372.0
seoul,4,428,삼각지,2023-03,23,6184.260869565217,6238.0
seoul,4,428,삼각지,2023-04,20,6268.6,6245.5
seoul,4,428,삼각지,2023-05,23,6056.95652173913,6381.0
seoul,4,428,삼각지,2023-06,22,6370.681818181818,6436.0
seoul,4,428,삼각지,2023-07,21,6388.476190476191,6476.0
seoul,4,428,삼각지,2023-08,23,6019.04347826087,6119.0
seoul,4,428,삼각지,2023-09,21,6182.0,6463.0
seoul,4,428,삼각지,2023-10,22,6191.318181818182,6485.5
seoul,4,428,삼각지,2023-11,22,6595.772727272727,6548.5
seoul,4,428,삼각지,2023-12,21,6858.809523809524,7099.0
seoul,4,428,삼각지,2024-01,23,6459.95652173913,6610.0
seoul,4,428,삼각지,2024-02,21,6504.0952380952385,6796.0
seoul,4,428,삼각지,2024-03,21,6822.333333333333,6836.0
seoul,4,428,삼각지,2024-04,22,6691.772727272727,6673.5
seoul,4,428,삼각지,2024-05,23,6567.260869565217,6796.0
seoul,4,428,삼각지,2024-06,20,6701.05,6731.0
seoul,4,428,삼각지,2024-07,23,6620.869565217391,6559.0
seoul,4,428,삼각지,2024-08,22,6406.5,6373.0
seoul,4,428,삼각지,2024-09,21,6156.9047619047615,6808.0
seoul,4,428,삼각지,2024-10,23,6673.304347826087,6869.0
seoul,4,428,삼각지,2024-11,21,7151.285714285715,7028.0
seoul,4,428,삼각지,2024-12,22,7207.454545454545,7092.5
seoul,4,429,신용산,2022-07,21,18612.95238095238,18473.0
seoul,4,429,신용산,2022-08,23,17682.304347826088,18299.0
seoul,4,429,신용산,2022-09,22,17607.454545454544,18675.0
seoul,4,429,신용산,2022-10,21,18444.714285714286,19416.0
seoul,4,429,신용산,2022-11,22,19147.954545454544,19150.5
seoul,4,429,신용산,2022-12,22,19711.909090909092,19506.5
seoul,4,429,신용산,2023-01,22,18525.590909090908,19455.5
seoul,4,429,신용산,2023-02,20,20202.0,20120.5
seoul,4,429,신용산,2023-03,23,19563.652173913044,19714.0
seoul,4,429,신용산,2023-04,20,19821.9,19678.0
seoul,4,429,신용산,2023-05,23,19159.0,20066.0
seoul,4,429,신용산,2023-06,22,20191.363636363636,20586.0
seoul,4,429,신용산,2023-07,21,20571.0,20484.0
seoul,4,429,신용산,2023-08,23,19635.217391304348,20008.0
seoul,4,429,신용산,2023-09,21,19472.714285714286,20565.0
seoul,4,429,신용산,2023-10,22,19421.68181818182,20171.0
seoul,4,429,신용산,2023-11,22,20886.81818181818,20683.0
seoul,4,429,신용산,2023-12,21,20837.619047619046,20819.0
seoul,4,429,신용산,2024-01,23,20071.652173913044,20545.0
seoul,4,429,신용산,2024-02,21,20220.0,21049.0
seoul,4,429,신용산,2024-03,21,21038.380952380954,20991.0
seoul,4,429,신용산,2024-04,22,20792.909090909092,20882.5
seoul,4,429,신용산,2024-05,23,20358.304347826088,21046.0
seoul,4,429,신용산,2024-06,20,21339.05,21699.5
seoul,4,429,신용산,2024-07,23,21704.347826086956,21491.0
seoul,4,429,신용산,2024-08,22,20647.863636363636,20766.0
seoul,4,429,신용산,2024-09,21,19921.809523809523,21606.0
seoul,4,429,신용산,2024-10,23,21145.739130434784,22002.0
seoul,4,429,신용산,2024-11,21,22727.666666666668,22364.0
seoul,4,429,신용산,2024-12,22,22802.18181818182,22971.0
seoul,4,430,이촌(국립중앙박물관),2022-07,21,9347.333333333334,9348.0
seoul,4,430,이촌(국립중앙박물관),2022-08,23,9205.130434782608,9391.0
seoul,4,430,이촌(국립중앙박물관),2022-09,22,7929.318181818182,8175.5
seoul,4,430,이촌(국립중앙박물관),2022-10,21,8777.047619047618,8768.0
seoul,4,430,이촌(국립중앙박물관),2022-11,22,9518.272727272728,9505.0
seoul,4,430,이촌(국립중앙박물관),2022-12,22,10114.5,10135.5
seoul,4,430,이촌(국립중앙박물관),2023-01,22,9121.045454545454,9358.0
seoul,4,430,이촌(국립중앙박물관),2023-02,20,10305.15,10307.5
seoul,4,430,이촌(국립중앙박물관),2023-03,23,9113.652173913044,9046.0
seoul,4,430,이촌(국립중앙박물관),2023-04,20,8884.3,8908.5
seoul,4,430,이촌(국립중앙박물관),2023-05,23,9148.695652173914,9272.0
seoul,4,430,이촌(국립중앙박물관),2023-06,22,10090.181818181818,9977.0
seoul,4,430,이촌(국립중앙박물관),2023-07,21,10664.857142857143,10602.0
seoul,4,430,이촌(국립중앙박물관),2023-08,23,10260.91304347826,10393.0
seoul,4,430,이촌(국립중앙박물관),2023-09,21,9726.142857142857,10125.0
seoul,4,430,이촌(국립중앙박물관),2023-10,22,9526.59090909091,9048.0
seoul,4,430,이촌(국립중앙박물관),2023-11,22,8839.09090909091,8811.0
seoul,4,430,이촌(국립중앙박물관),2023-12,21,9219.333333333334,9389.0
seoul,4,430,이촌(국립중앙박물관),2024-01,23,8560.04347826087,8919.0
seoul,4,430,이촌(국립중앙박물관),2024-02,21,8722.761904761905,9044.0
seoul,4,430,이촌(국립중앙박물관),2024-03,21,8781.285714285714,8727.0
seoul,4,430,이촌(국립중앙박물관),2024-04,22,9447.545454545454,9393.0
seoul,4,430,이촌(국립중앙박물관),2024-05,23,9686.608695652174,9811.0
seoul,4,430,이촌(국립중앙박물관),2024-06,20,9217.95,9207.0
seoul,4,430,이촌(국립중앙박물관),2024-07,23,9427.95652173913,9172.0
seoul,4,430,이촌(국립중앙박물관),2024-08,22,9009.59090909091,8940.0
seoul,4,430,이촌(국립중앙박물관),2024-09,21,8317.761904761905,8776.0
seoul,4,430,이촌(국립중앙박물관),2024-10,23,9348.782608695652,9122.0
seoul,4,430,이촌(국립중앙박물관),2024-11,21,9069.57142857143,9071.0
seoul,4,430,이촌(국립중앙박물관),2024-12,22,10429.181818181818,10494.5
seoul,4,431,동작(현충원),2022-07,21,1387.4761904761904,1369.0
seoul,4,431,동작(현충원),2022-08,23,1327.8695652173913,1276.0
seoul,4,431,동작(현충원),2022-09,22,1570.8181818181818,1595.0
seoul,4,431,동작(현충원),2022-10,21,1597.7142857142858,1620.0
seoul,4,431,동작(현충원),2022-11,22,1527.5454545454545,1558.5
seoul,4,431,동작(현충원),2022-12,22,1223.409090909091,1191.5
seoul,4,431,동작(현충원),2023-01,22,1622.1818181818182,1738.0
seoul,4,431,동작(현충원),2023-02,20,1891.75,1899.5
seoul,4,431,동작(현충원),2023-03,23,2131.5652173913045,2132.0
seoul,4,431,동작(현충원),2023-04,20,2140.35,2162.0
seoul,4,431,동작(현충원),2023-05,23,2316.0434782608695,2347.0
seoul,4,431,동작(현충원),2023-06,22,2528.8636363636365,2313.5
seoul,4,431,동작(현충원),2023-07,21,1880.5714285714287,1853.0
seoul,4,431,동작(현충원),2023-08,23,1741.6521739130435,1718.0
seoul,4,431,동작(현충원),2023-09,21,2012.4285714285713,2038.0
seoul,4,431,동작(현충원),2023-10,22,2160.0454545454545,2170.5
seoul,4,431,동작(현충원),2023-11,22,1897.6363636363637,1859.0
seoul,4,431,동작(현충원),2023-12,21,1677.857142857143,1708.0
seoul,4,431,동작(현충원),2024-01,23,1659.5217391304348,1683.0
seoul,4,431,동작(현충원),2024-02,21,1683.3333333333333,1719.0
seoul,4,431,동작(현충원),2024-03,21,1905.6666666666667,1921.0
seoul,4,431,동작(현충원),2024-04,22,2337.6363636363635,2278.5
seoul,4,431,동작(현충원),2024-05,23,2328.608695652174,2105.0
seoul,4,431,동작(현충원),2024-06,20,2443.65,2185.0
seoul,4,431,동작(현충원),2024-07,23,1932.3478260869565,1855.0
seoul,4,431,동작(현충원),2024-08,22,1757.0,1763.5
seoul,4,431,동작(현충원),2024-09,21,1950.6666666666667,1990.0
seoul,4,431,동작(현충원),2024-10,23,2190.4347826086955,2202.0
seoul,4,431,동작(현충원),2024-11,21,2111.4761904761904,2158.0
seoul,4,431,동작(현충원),2024-12,22,1836.590909090909,1854.5
seoul,4,432,총신대입구(이수),2022-07,21,19524.190476190477,19405.0
seoul,4,432,총신대입구(이수),2022-08,23,18064.08695652174,18693.0
seoul,4,432,총신대입구(이수),2022-09,22,19591.545454545456,20619.0
seoul,4,432,총신대입구(이수),2022-10,21,19962.04761904762,20928.0
seoul,4,432,총신대입구(이수),2022-11,22,20468.409090909092,20581.5
seoul,4,432,총신대입구(이수),2022-12,22,20008.636363636364,19890.5
seoul,4,432,총신대입구(이수),2023-01,22,18706.590909090908,19967.5
seoul,4,432,총신대입구(이수),2023-02,20,20565.4,20490.5
seoul,4,432,총신대입구(이수),2023-03,23,20954.304347826088,21274.0
seoul,4,432,총신대입구(이수),2023-04,20,21085.35,21118.0
seoul,4,432,총신대입구(이수),2023-05,23,20360.434782608696,21386.0
seoul,4,432,총신대입구(이수),2023-06,22,20430.136363636364,20931.5
seoul,4,432,총신대입구(이수),2023-07,21,20141.904761904763,20037.0
seoul,4,432,총신대입구(이수),2023-08,23,18741.0,19258.0
seoul,4,432,총신대입구(이수),2023-09,21,20061.95238095238,21139.0
seoul,4,432,총신대입구(이수),2023-10,22,19862.31818181818,21011.5
seoul,4,432,총신대입구(이수),2023-11,22,20865.31818181818,20910.5
seoul,4,432,총신대입구(이수),2023-12,21,20524.428571428572,21124.0
seoul,4,432,총신대입구(이수),2024-01,23,19806.17391304348,20216.0
seoul,4,432,총신대입구(이수),2024-02,21,19864.14285714286,20931.0
seoul,4,432,총신대입구(이수),2024-03,21,21475.809523809523,21652.0
seoul,4,432,총신대입구(이수),2024-04,22,21669.136363636364,21906.5
seoul,4,432,총신대입구(이수),2024-05,23,20908.434782608696,21874.0
seoul,4,432,총신대입구(이수),2024-06,20,21301.1,21460.5
seoul,4,432,총신대입구(이수),2024-07,23,20541.391304347828,20579.0
seoul,4,432,총신대입구(이수),2024-08,22,19300.454545454544,19522.5
seoul,4,432,총신대입구(이수),2024-09,21,19476.095238095237,21432.0
seoul,4,432,총신대입구(이수),2024-10,23,20577.304347826088,21503.0
seoul,4,432,총신대입구(이수),2024-11,21,21739.380952380954,21686.0
seoul,4,432,총신대입구(이수),2024-12,22,21187.636363636364,21475.5
seoul,4,433,사당,2022-07,21,26433.52380952381,26326.0
seoul,4,433,사당,2022-08,23,24345.130434782608,25221.0
seoul,4,433,사당,2022-09,22,26597.909090909092,28123.5
seoul,4,433,사당,2022-10,21,27570.380952380954,28445.0
seoul,4,433,사당,2022-11,22,28719.454545454544,28574.0
seoul,4,433,사당,2022-12,22,28852.454545454544,28709.0
seoul,4,433,사당,2023-01,22,25886.636363636364,27091.0
seoul,4,433,사당,2023-02,20,28649.8,28739.5
seoul,4,433,사당,2023-03,23,29178.434782608696,29517.0
seoul,4,433,사당,2023-04,20,29244.85,29256.5
seoul,4,433,사당,2023-05,23,27955.565217391304,29230.0
seoul,4,433,사당,2023-06,22,28060.636363636364,28511.5
seoul,4,433,사당,2023-07,21,27172.52380952381,27118.0
seoul,4,433,사당,2023-08,23,25847.695652173912,26683.0
seoul,4,433,사당,2023-09,21,27296.14285714286,28773.0
seoul,4,433,사당,2023-10,22,27524.227272727272,28764.0
seoul,4,433,사당,2023-11,22,28394.272727272728,28682.0
seoul,4,433,사당,2023-12,21,27794.714285714286,28292.0
seoul,4,433,사당,2024-01,23,26433.652173913044,27017.0
seoul,4,433,사당,2024-02,21,26271.666666666668,27252.0
seoul,4,433,사당,2024-03,21,28975.761904761905,29113.0
seoul,4,433,사당,2024-04,22,26259.727272727272,27675.0
seoul,4,433,사당,2024-05,23,28353.739130434784,29314.0
seoul,4,433,사당,2024-06,20,28315.55,28499.5
seoul,4,433,사당,2024-07,23,26815.695652173912,27213.0
seoul,4,433,사당,2024-08,22,26151.227272727272,26450.5
seoul,4,433,사당,2024-09,21,25927.666666666668,28321.0
seoul,4,433,사당,2024-10,23,27599.347826086956,28542.0
seoul,4,433,사당,2024-11,21,28829.238095238095,28713.0
seoul,4,433,사당,2024-12,22,27633.81818181818,28808.0
seoul,4,434,남태령,2022-07,21,1321.7142857142858,1298.0
seoul,4,434,남태령,2022-08,23,1276.8260869565217,1295.0
seoul,4,434,남태령,2022-09,22,1358.590909090909,1397.5
seoul,4,434,남태령,2022-10,21,1361.095238095238,1429.0
seoul,4,434,남태령,2022-11,22,1420.3636363636363,1402.5
seoul,4,434,남태령,2022-12,22,1403.4545454545455,1393.0
seoul,4,434,남태령,2023-01,22,1320.6363636363637,1374.0
seoul,4,434,남태령,2023-02,20,1425.3,1411.5
seoul,4,434,남태령,2023-03,23,1545.2608695652175,1566.0
seoul,4,434,남태령,2023-04,20,1506.1,1513.0
seoul,4,434,남태령,2023-05,23,1430.7391304347825,1485.0
seoul,4,434,남태령,2023-06,22,1421.0,1440.5
seoul,4,434,남태령,2023-07,21,1423.2380952380952,1422.0
seoul,4,434,남태령,2023-08,23,1486.6521739130435,1513.0
seoul,4,434,남태령,2023-09,21,1474.7142857142858,1567.0
seoul,4,434,남태령,2023-10,22,1442.9545454545455,1502.5
seoul,4,434,남태령,2023-11,22,1480.8636363636363,1473.5
seoul,4,434,남태령,2023-12,21,1471.1904761904761,1454.0
seoul,4,434,남태령,2024-01,23,1350.7391304347825,1360.0
seoul,4,434,남태령,2024-02,21,1418.1904761904761,1460.0
seoul,4,434,남태령,2024-03,21,1612.3333333333333,1660.0
seoul,4,434,남태령,2024-04,22,1610.6363636363637,1637.5
seoul,4,434,남태령,2024-05,23,1639.2608695652175,1690.0
seoul,4,434,남태령,2024-06,20,1604.8,1610.5
seoul,4,434,남태령,2024-07,23,1488.9130434782608,1472.0
seoul,4,434,남태령,2024-08,22,1475.1363636363637,1516.5
seoul,4,434,남태령,2024-09,21,1488.7142857142858,1627.0
seoul,4,434,남태령,2024-10,23,1506.8260869565217,1544.0
seoul,4,434,남태령,2024-11,21,1641.1904761904761,1624.0
seoul,4,434,남태령,2024-12,22,1508.090909090909,1508.0
seoul,5,2511,방화,2022-07,21,7109.333333333333,7068.0
seoul,5,2511,방화,2022-08,23,6590.0,6808.0
seoul,5,2511,방화,2022-09,22,6890.318181818182,7317.5
seoul,5,2511,방화,2022-10,21,7016.0,7410.0
seoul,5,2511,방화,2022-11,22,7227.5,7241.0
seoul,5,2511,방화,2022-12,22,7207.090909090909,7206.0
seoul,5,2511,방화,2023-01,22,6706.863636363636,7149.0
seoul,5,2511,방화,2023-02,20,7353.75,7368.0
seoul,5,2511,방화,2023-03,23,7557.95652173913,7694.0
seoul,5,2511,방화,2023-04,20,7661.55,7708.5
seoul,5,2511,방화,2023-05,23,7325.260869565217,7750.0
seoul,5,2511,방화,2023-06,22,7491.727272727273,7658.0
seoul,5,2511,방화,2023-07,21,7617.619047619048,7686.0
seoul,5,2511,방화,2023-08,23,7122.130434782609,7261.0
seoul,5,2511,방화,2023-09,21,7470.619047619048,7803.0
seoul,5,2511,방화,2023-10,22,7443.590909090909,7853.5
seoul,5,2511,방화,2023-11,22,7740.045454545455,7751.0
seoul,5,2511,방화,2023-12,21,7631.714285714285,7751.0
seoul,5,2511,방화,2024-01,23,7324.652173913043,7536.0
seoul,5,2511,방화,2024-02,21,7206.190476190476,7575.0
seoul,5,2511,방화,2024-03,21,7757.380952380952,7905.0
seoul,5,2511,방화,2024-04,22,7955.954545454545,8089.5
seoul,5,2511,방화,2024-05,23,7789.260869565217,8138.0
seoul,5,2511,방화,2024-06,20,7845.7,8012.5
seoul,5,2511,방화,2024-07,23,7662.086956521739,7727.0
seoul,5,2511,방화,2024-08,22,7291.863636363636,7399.5
seoul,5,2511,방화,2024-09,21,7301.285714285715,7920.0
seoul,5,2511,방화,2024-10,23,7456.521739130435,7799.0
seoul,5,2511,방화,2024-11,21,7853.0,7831.0
seoul,5,2511,방화,2024-12,22,7557.727272727273,7724.5
seoul,5,2512,개화산,2022-07,21,5958.714285714285,5997.0
seoul,5,2512,개화산,2022-08,23,5531.478260869565,5663.0
seoul,5,2512,개화산,2022-09,22,5829.545454545455,6168.5
seoul,5,2512,개화산,2022-10,21,5922.333333333333,6251.0
seoul,5,2512,개화산,2022-11,22,6144.909090909091,6160.0
seoul,5,2512,개화산,2022-12,22,6030.272727272727,6060.5
seoul,5,2512,개화산,2023-01,22,5704.590909090909,6077.5
seoul,5,2512,개화산,2023-02,20,6379.55,6375.0
seoul,5,2512,개화산,2023-03,23,6443.869565217391,6560.0
seoul,5,2512,개화산,2023-04,20,6618.75,6623.5
seoul,5,2512,개화산,2023-05,23,6263.0,6650.0
seoul,5,2512,개화산,2023-06,22,6377.681818181818,6572.5
seoul,5,2512,개화산,2023-07,21,6496.523809523809,6529.0
seoul,5,2512,개화산,2023-08,23,6102.0,6299.0
seoul,5,2512,개화산,2023-09,21,6346.190476190476,6750.0
seoul,5,2512,개화산,2023-10,22,6340.772727272727,6806.0
seoul,5,2512,개화산,2023-11,22,6790.181818181818,6793.5
seoul,5,2512,개화산,2023-12,21,6519.285714285715,6662.0
seoul,5,2512,개화산,2024-01,23,6441.217391304348,6649.0
seoul,5,2512,개화산,2024-02,21,6322.952380952381,6713.0
seoul,5,2512,개화산,2024-03,21,6762.619047619048,6890.0
seoul,5,2512,개화산,2024-04,22,6847.863636363636,6986.0
seoul,5,2512,개화산,2024-05,23,6637.130434782609,7022.0
seoul,5,2512,개화산,2024-06,20,6810.9,6953.0
seoul,5,2512,개화산,2024-07,23,6716.304347826087,6728.0
seoul,5,2512,개화산,2024-08,22,6381.954545454545,6559.0
seoul,5,2512,개화산,2024-09,21,6313.857142857143,6929.0
seoul,5,2512,개화산,2024-10,23,6612.260869565217,7006.0
seoul,5,2512,개화산,2024-11,21,7111.666666666667,7144.0
seoul,5,2512,개화산,2024-12,22,6879.045454545455,7044.5
seoul,5,2513,김포공항,2022-07,21,8251.238095238095,8037.0
seoul,5,2513,김포공항,2022-08,23,7802.913043478261,7660.0
seoul,5,2513,김포공항,2022-09,22,7328.0,7287.0
seoul,5,2513,김포공항,2022-10,21,7742.333333333333,7543.0
seoul,5,2513,김포공항,2022-11,22,7397.409090909091,7253.5
seoul,5,2513,김포공항,2022-12,22,7906.590909090909,7925.5
seoul,5,2513,김포공항,2023-01,22,7592.909090909091,7681.5
seoul,5,2513,김포공항,2023-02,20,8003.2,7985.0
seoul,5,2513,김포공항,2023-03,23,7685.173913043478,7653.0
seoul,5,2513,김포공항,2023-04,20,7928.4,7900.0
seoul,5,2513,김포공항,2023-05,23,8152.260869565217,8074.0
seoul,5,2513,김포공항,2023-06,22,8616.818181818182,8487.5
seoul,5,2513,김포공항,2023-07,21,9449.380952380952,9297.0
seoul,5,2513,김포공항,2023-08,23,9514.739130434782,9429.0
seoul,5,2513,김포공항,2023-09,21,9040.380952380952,9256.0
seoul,5,2513,김포공항,2023-10,22,9471.363636363636,9594.0
seoul,5,2513,김포공항,2023-11,22,9851.863636363636,9803.5
seoul,5,2513,김포공항,2023-12,21,10321.380952380952,10521.0
seoul,5,2513,김포공항,2024-01,23,9838.391304347826,9971.0
seoul,5,2513,김포공항,2024-02,21,10107.47619047619,10246.0
seoul,5,2513,김포공항,2024-03,21,10037.619047619048,9963.0
seoul,5,2513,김포공항,2024-04,22,10142.40909090909,10218.0
seoul,5,2513,김포공항,2024-05,23,10072.782608695652,10154.0
seoul,5,2513,김포공항,2024-06,20,10689.3,10539.5
seoul,5,2513,김포공항,2024-07,23,11568.478260869566,11572.0
seoul,5,2513,김포공항,2024-08,22,12550.318181818182,12500.0
seoul,5,2513,김포공항,2024-09,21,12229.52380952381,12514.0
seoul,5,2513,김포공항,2024-10,23,12460.0,12502.0
seoul,5,2513,김포공항,2024-11,21,13216.047619047618,12777.0
seoul,5,2513,김포공항,2024-12,22,13616.545454545454,13333.0
seoul,5,2514,송정,2022-07,21,6843.0952380952385,6848.0
seoul,5,2514,송정,2022-08,23,6363.217391304348,6528.0
seoul,5,2514,송정,2022-09,22,6666.636363636364,7014.0
seoul,5,2514,송정,2022-10,21,6789.761904761905,7086.0
seoul,5,2514,송정,2022-11,22,6864.681818181818,6860.0
seoul,5,2514,송정,2022-12,22,6908.909090909091,6911.0
seoul,5,2514,송정,2023-01,22,6377.863636363636,6764.0
seoul,5,2514,송정,2023-02,20,7012.35,6961.0
seoul,5,2514,송정,2023-03,23,7021.521739130435,7163.0
seoul,5,2514,송정,2023-04,20,7180.15,7181.0
seoul,5,2514,송정,2023-05,23,6814.04347826087,7154.0
seoul,5,2514,송정,2023-06,22,6875.272727272727,7026.0
seoul,5,2514,송정,2023-07,21,6875.285714285715,6940.0
seoul,5,2514,송정,2023-08,23,6455.478260869565,6475.0
seoul,5,2514,송정,2023-09,21,6731.523809523809,7065.0
seoul,5,2514,송정,2023-10,22,6703.909090909091,7040.0
seoul,5,2514,송정,2023-11,22,6987.545454545455,6962.5
seoul,5,2514,송정,2023-12,21,6908.619047619048,7026.0
seoul,5,2514,송정,2024-01,23,6619.086956521739,6730.0
seoul,5,2514,송정,2024-02,21,6595.523809523809,6897.0
seoul,5,2514,송정,2024-03,21,7041.952380952381,7143.0
seoul,5,2514,송정,2024-04,22,7153.409090909091,7220.0
seoul,5,2514,송정,2024-05,23,6954.95652173913,7240.0
seoul,5,2514,송정,2024-06,20,7066.7,7145.5
seoul,5,2514,송정,2024-07,23,6832.304347826087,6862.0
seoul,5,2514,송정,2024-08,22,6521.772727272727,6574.5
seoul,5,2514,송정,2024-09,21,6459.0952380952385,6984.0
seoul,5,2514,송정,2024-10,23,6810.434782608696,7073.0
seoul,5,2514,송정,2024-11,21,7153.809523809524,7136.0
seoul,5,2514,송정,2024-12,22,7057.409090909091,7140.0
seoul,5,2515,마곡,2022-07,21,11417.142857142857,11394.0
seoul,5,2515,마곡,2022-08,23,10483.260869565218,10948.0
seoul,5,2515,마곡,2022-09,22,10832.40909090909,11683.5
seoul,5,2515,마곡,2022-10,21,11182.857142857143,11921.0
seoul,5,2515,마곡,2022-11,22,11759.545454545454,11738.5
seoul,5,2515,마곡,2022-12,22,11851.863636363636,11778.5
seoul,5,2515,마곡,2023-01,22,10999.363636363636,11865.0
seoul,5,2515,마곡,2023-02,20,12262.65,12307.0
seoul,5,2515,마곡,2023-03,23,12079.04347826087,12440.0
seoul,5,2515,마곡,2023-04,20,12412.75,12430.0
seoul,5,2515,마곡,2023-05,23,11799.782608695652,12739.0
seoul,5,2515,마곡,2023-06,22,12131.0,12537.5
seoul,5,2515,마곡,2023-07,21,12790.57142857143,12812.0
seoul,5,2515,마곡,2023-08,23,11879.347826086956,12398.0
seoul,5,2515,마곡,2023-09,21,12339.904761904761,13281.0
seoul,5,2515,마곡,2023-10,22,12344.545454545454,13498.0
seoul,5,2515,마곡,2023-11,22,13556.181818181818,13583.5
seoul,5,2515,마곡,2023-12,21,13311.857142857143,13615.0
seoul,5,2515,마곡,2024-01,23,13127.608695652174,13603.0
seoul,5,2515,마곡,2024-02,21,12744.380952380952,13828.0
seoul,5,2515,마곡,2024-03,21,13688.047619047618,14067.0
seoul,5,2515,마곡,2024-04,22,13694.181818181818,14117.5
seoul,5,2515,마곡,2024-05,23,13393.304347826086,14393.0
seoul,5,2515,마곡,2024-06,20,13668.75,14050.0
seoul,5,2515,마곡,2024-07,23,13681.652173913044,13640.0
seoul,5,2515,마곡,2024-08,22,12656.40909090909,13055.5
seoul,5,2515,마곡,2024-09,21,12014.47619047619,13620.0
seoul,5,2515,마곡,2024-10,23,12447.739130434782,13424.0
seoul,5,2515,마곡,2024-11,21,13549.0,13458.0
seoul,5,2515,마곡,2024-12,22,13097.045454545454,13601.5
seoul,5,2516,발산,2022-07,21,21770.428571428572,22036.0
seoul,5,2516,발산,2022-08,23,20154.82608695652,20998.0
seoul,5,2516,발산,2022-09,22,20868.0,22142.5
seoul,5,2516,발산,2022-10,21,21489.380952380954,22738.0
seoul,5,2516,발산,2022-11,22,22642.409090909092,22651.0
seoul,5,2516,발산,2022-12,22,22761.0,22632.5
seoul,5,2516,발산,2023-01,22,21249.909090909092,22749.5
seoul,5,2516,발산,2023-02,20,23587.7,23623.0
seoul,5,2516,발산,2023-03,23,23182.434782608696,23795.0
seoul,5,2516,발산,2023-04,20,23787.2,23734.0
seoul,5,2516,발산,2023-05,23,22605.0,24091.0
seoul,5,2516,발산,2023-06,22,23064.227272727272,23844.5
seoul,5,2516,발산,2023-07,21,23770.04761904762,23782.0
seoul,5,2516,발산,2023-08,23,22164.652173913044,22916.0
seoul,5,2516,발산,2023-09,21,22608.714285714286,24295.0
seoul,5,2516,발산,2023-10,22,23043.590909090908,24738.0
seoul,5,2516,발산,2023-11,22,24726.636363636364,24573.5
seoul,5,2516,발산,2023-12,21,24565.095238095237,25158.0
seoul,5,2516,발산,2024-01,23,24056.608695652172,24995.0
seoul,5,2516,발산,2024-02,21,23796.04761904762,25422.0
seoul,5,2516,발산,2024-03,21,25211.190476190477,25754.0
seoul,5,2516,발산,2024-04,22,25097.954545454544,25664.5
seoul,5,2516,발산,2024-05,23,24530.043478260868,26156.0
seoul,5,2516,발산,2024-06,20,24815.6,25512.0
seoul,5,2516,발산,2024-07,23,24590.82608695652,24918.0
seoul,5,2516,발산,2024-08,22,23106.409090909092,23671.0
seoul,5,2516,발산,2024-09,21,22484.47619047619,25121.0
seoul,5,2516,발산,2024-10,23,23932.260869565216,25548.0
seoul,5,2516,발산,2024-11,21,26001.238095238095,25796.0
seoul,5,2516,발산,2024-12,22,25633.772727272728,26359.5
seoul,5,2517,우장산,2022-07,21,15249.0,15361.0
seoul,5,2517,우장산,2022-08,23,14193.260869565218,14810.0
seoul,5,2517,우장산,2022-09,22,15290.09090909091,16215.5
seoul,5,2517,우장산,2022-10,21,15468.333333333334,16331.0
seoul,5,2517,우장산,2022-11,22,15964.09090909091,16079.5
seoul,5,2517,우장산,2022-12,22,15719.136363636364,15573.0
seoul,5,2517,우장산,2023-01,22,14217.863636363636,15183.5
seoul,5,2517,우장산,2023-02,20,15624.6,15602.5
seoul,5,2517,우장산,2023-03,23,16439.91304347826,16776.0
seoul,5,2517,우장산,2023-04,20,16724.25,16740.5
seoul,5,2517,우장산,2023-05,23,16143.608695652174,17057.0
seoul,5,2517,우장산,2023-06,22,16000.545454545454,16474.5
seoul,5,2517,우장산,2023-07,21,15848.904761904761,15821.0
seoul,5,2517,우장산,2023-08,23,14831.0,15497.0
seoul,5,2517,우장산,2023-09,21,15926.333333333334,16929.0
seoul,5,2517,우장산,2023-10,22,15576.545454545454,16639.0
seoul,5,2517,우장산,2023-11,22,16507.227272727272,16530.5
seoul,5,2517,우장산,2023-12,21,16014.47619047619,16420.0
seoul,5,2517,우장산,2024-01,23,15006.173913043478,15501.0
seoul,5,2517,우장산,2024-02,21,15058.0,15926.0
seoul,5,2517,우장산,2024-03,21,16722.571428571428,17091.0
seoul,5,2517,우장산,2024-04,22,16802.909090909092,17131.0
seoul,5,2517,우장산,2024-05,23,16333.434782608696,17215.0
seoul,5,2517,우장산,2024-06,20,16515.4,16869.0
seoul,5,2517,우장산,2024-07,23,15890.347826086956,15752.0
seoul,5,2517,우장산,2024-08,22,15090.454545454546,15288.5
seoul,5,2517,우장산,2024-09,21,15313.190476190477,16840.0
seoul,5,2517,우장산,2024-10,23,15908.173913043478,16876.0
seoul,5,2517,우장산,2024-11,21,16885.238095238095,16746.0
seoul,5,2517,우장산,2024-12,22,16286.5,16705.5
seoul,5,2518,화곡,2022-07,21,29785.380952380954,29886.0
seoul,5,2518,화곡,2022-08,23,27797.08695652174,28779.0
seoul,5,2518,화곡,2022-09,22,29460.68181818182,31170.5
seoul,5,2518,화곡,2022-10,21,30048.095238095237,31598.0
seoul,5,2518,화곡,2022-11,22,30949.454545454544,31099.0
seoul,5,2518,화곡,2022-12,22,30645.772727272728,30421.0
seoul,5,2518,화곡,2023-01,22,28466.954545454544,30402.0
seoul,5,2518,화곡,2023-02,20,31271.95,31220.0
seoul,5,2518,화곡,2023-03,23,31988.869565217392,32602.0
seoul,5,2518,화곡,2023-04,20,32483.55,32536.0
seoul,5,2518,화곡,2023-05,23,31049.391304347828,32924.0
seoul,5,2518,화곡,2023-06,22,31366.31818181818,32133.0
seoul,5,2518,화곡,2023-07,21,30686.333333333332,30808.0
seoul,5,2518,화곡,2023-08,23,28813.82608695652,29511.0
seoul,5,2518,화곡,2023-09,21,30254.47619047619,31992.0
seoul,5,2518,화곡,2023-10,22,30329.136363636364,32334.0
seoul,5,2518,화곡,2023-11,22,31813.454545454544,32052.0
seoul,5,2518,화곡,2023-12,21,30965.0,31690.0
seoul,5,2518,화곡,2024-01,23,29886.304347826088,30715.0
seoul,5,2518,화곡,2024-02,21,29616.47619047619,31263.0
seoul,5,2518,화곡,2024-03,21,31868.85714285714,32303.0
seoul,5,2518,화곡,2024-04,22,32120.545454545456,32620.0
seoul,5,2518,화곡,2024-05,23,31138.608695652172,32711.0
seoul,5,2518,화곡,2024-06,20,31358.15,31868.0
seoul,5,2518,화곡,2024-07,23,30499.565217391304,30674.0
seoul,5,2518,화곡,2024-08,22,28784.545454545456,29237.5
seoul,5,2518,화곡,2024-09,21,28524.666666666668,31493.0
seoul,5,2518,화곡,2024-10,23,30043.0,31493.0
seoul,5,2518,화곡,2024-11,21,31838.190476190477,31774.0
seoul,5,2518,화곡,2024-12,22,30890.727272727272,31593.5
seoul,5,2519,까치산,2022-07,21,30023.809523809523,30154.0
seoul,5,2519,까치산,2022-08,23,28016.739130434784,28825.0
seoul,5,2519,까치산,2022-09,22,29525.454545454544,31187.5
seoul,5,2519,까치산,2022-10,21,29972.571428571428,31598.0
seoul,5,2519,까치산,2022-11,22,30875.136363636364,31059.5
seoul,5,2519,까치산,2022-12,22,30520.727272727272,30439.5
seoul,5,2519,까치산,2023-01,22,28490.909090909092,30366.5
seoul,5,2519,까치산,2023-02,20,31022.05,31054.0
seoul,5,2519,까치산,2023-03,23,31343.869565217392,31884.0
seoul,5,2519,까치산,2023-04,20,31766.2,31890.5
seoul,5,2519,까치산,2023-05,23,30360.043478260868,31966.0
seoul,5,2519,까치산,2023-06,22,30622.727272727272,31475.5
seoul,5,2519,까치산,2023-07,21,30271.380952380954,30242.0
seoul,5,2519,까치산,2023-08,23,28509.043478260868,29166.0
seoul,5,2519,까치산,2023-09,21,29555.666666666668,31228.0
seoul,5,2519,까치산,2023-10,22,29552.772727272728,31399.5
seoul,5,2519,까치산,2023-11,22,30860.727272727272,30957.0
seoul,5,2519,까치산,2023-12,21,30056.14285714286,30623.0
seoul,5,2519,까치산,2024-01,23,29072.82608695652,29979.0
seoul,5,2519,까치산,2024-02,21,29006.809523809523,30636.0
seoul,5,2519,까치산,2024-03,21,30932.238095238095,31501.0
seoul,5,2519,까치산,2024-04,22,31182.409090909092,31767.5
seoul,5,2519,까치산,2024-05,23,30233.521739130436,31620.0
seoul,5,2519,까치산,2024-06,20,30325.5,30924.0
seoul,5,2519,까치산,2024-07,23,29587.347826086956,29569.0
seoul,5,2519,까치산,2024-08,22,28127.045454545456,28444.0
seoul,5,2519,까치산,2024-09,21,27730.47619047619,30357.0
seoul,5,2519,까치산,2024-10,23,29205.434782608696,30704.0
seoul,5,2519,까치산,2024-11,21,30738.85714285714,30764.0
seoul,5,2519,까치산,2024-12,22,29815.5,30372.5
seoul,5,2520,신정(은행정),2022-07,21,14623.0,14692.0
seoul,5,2520,신정(은행정),2022-08,23,13423.739130434782,13890.0
seoul,5,2520,신정(은행정),2022-09,22,14294.863636363636,15195.5
seoul,5,2520,신정(은행정),2022-10,21,14519.57142857143,15400.0
seoul,5,2520,신정(은행정),2022-11,22,14949.90909090909,14970.0
seoul,5,2520,신정(은행정),2022-12,22,14694.681818181818,14645.5
seoul,5,2520,신정(은행정),2023-01,22,13615.5,14542.5
seoul,5,2520,신정(은행정),2023-02,20,14707.15,14777.0
seoul,5,2520,신정(은행정),2023-03,23,14960.95652173913,15258.0
seoul,5,2520,신정(은행정),2023-04,20,15264.85,15295.5
seoul,5,2520,신정(은행정),2023-05,23,14557.652173913044,15524.0
seoul,5,2520,신정(은행정),2023-06,22,14704.727272727272,15168.0
seoul,5,2520,신정(은행정),2023-07,21,14612.714285714286,14613.0
seoul,5,2520,신정(은행정),2023-08,23,13671.347826086956,14026.0
seoul,5,2520,신정(은행정),2023-09,21,14254.904761904761,15145.0
seoul,5,2520,신정(은행정),2023-10,22,14210.318181818182,15291.5
seoul,5,2520,신정(은행정),2023-11,22,15125.136363636364,15175.0
seoul,5,2520,신정(은행정),2023-12,21,14615.904761904761,15082.0
seoul,5,2520,신정(은행정),2024-01,23,14137.608695652174,14629.0
seoul,5,2520,신정(은행정),2024-02,21,13832.42857142857,14664.0
seoul,5,2520,신정(은행정),2024-03,21,14957.714285714286,15237.0
seoul,5,2520,신정(은행정),2024-04,22,15044.363636363636,15339.5
seoul,5,2520,신정(은행정),2024-05,23,14516.304347826086,15449.0
seoul,5,2520,신정(은행정),2024-06,20,14779.4,15105.0
seoul,5,2520,신정(은행정),2024-07,23,14544.521739130434,14531.0
seoul,5,2520,신정(은행정),2024-08,22,13656.045454545454,13957.5
seoul,5,2520,신정(은행정),2024-09,21,13570.952380952382,15059.0
seoul,5,2520,신정(은행정),2024-10,23,14205.08695652174,15017.0
seoul,5,2520,신정(은행정),2024-11,21,15143.52380952381,15162.0
seoul,5,2520,신정(은행정),2024-12,22,14629.5,15007.0
seoul,5,2521,목동,2022-07,21,17636.761904761905,17786.0
seoul,5,2521,목동,2022-08,23,16324.08695652174,16954.0
seoul,5,2521,목동,2022-09,22,17512.272727272728,18717.0
seoul,5,2521,목동,2022-10,21,17824.904761904763,18928.0
seoul,5,2521,목동,2022-11,22,18165.454545454544,18288.0
seoul,5,2521,목동,2022-12,22,17702.68181818182,17573.5
seoul,5,2521,목동,2023-01,22,16450.0,17709.0
seoul,5,2521,목동,2023-02,20,18115.65,18071.5
seoul,5,2521,목동,2023-03,23,18455.347826086956,18858.0
seoul,5,2521,목동,2023-04,20,18752.8,18811.5
seoul,5,2521,목동,2023-05,23,17926.782608695652,19084.0
seoul,5,2521,목동,2023-06,22,18098.590909090908,18637.5
seoul,5,2521,목동,2023-07,21,17895.285714285714,17738.0
seoul,5,2521,목동,2023-08,23,16749.043478260868,17156.0
seoul,5,2521,목동,2023-09,21,17625.428571428572,18825.0
seoul,5,2521,목동,2023-10,22,17611.045454545456,18982.5
seoul,5,2521,목동,2023-11,22,18478.68181818182,18607.5
seoul,5,2521,목동,2023-12,21,17955.285714285714,18313.0
seoul,5,2521,목동,2024-01,23,17405.695652173912,18081.0
seoul,5,2521,목동,2024-02,21,17174.190476190477,18169.0
seoul,5,2521,목동,2024-03,21,18753.95238095238,19101.0
seoul,5,2521,목동,2024-04,22,18797.045454545456,19304.5
seoul,5,2521,목동,2024-05,23,18122.391304347828,19278.0
seoul,5,2521,목동,2024-06,20,18289.75,18758.0
seoul,5,2521,목동,2024-07,23,17951.478260869564,18146.0
seoul,5,2521,목동,2024-08,22,16916.0,17202.0
seoul,5,2521,목동,2024-09,21,16814.904761904763,18636.0
seoul,5,2521,목동,2024-10,23,17817.347826086956,18810.0
seoul,5,2521,목동,2024-11,21,18787.14285714286,18831.0
seoul,5,2521,목동,2024-12,22,18041.863636363636,18576.5
seoul,5,2522,오목교(목동운동장앞),2022-07,21,22836.04761904762,22985.0
seoul,5,2522,오목교(목동운동장앞),2022-08,23,21352.347826086956,21937.0
seoul,5,2522,오목교(목동운동장앞),2022-09,22,22168.636363636364,23228.0
seoul,5,2522,오목교(목동운동장앞),2022-10,21,22321.47619047619,23293.0
seoul,5,2522,오목교(목동운동장앞),2022-11,22,22788.090909090908,22911.5
seoul,5,2522,오목교(목동운동장앞),2022-12,22,23420.863636363636,23396.0
seoul,5,2522,오목교(목동운동장앞),2023-01,22,21617.363636363636,22928.5
seoul,5,2522,오목교(목동운동장앞),2023-02,20,23677.1,23738.0
seoul,5,2522,오목교(목동운동장앞),2023-03,23,23495.217391304348,23801.0
seoul,5,2522,오목교(목동운동장앞),2023-04,20,23465.25,23526.5
seoul,5,2522,오목교(목동운동장앞),2023-05,23,22541.652173913044,23675.0
seoul,5,2522,오목교(목동운동장앞),2023-06,22,22772.136363636364,23388.5
seoul,5,2522,오목교(목동운동장앞),2023-07,21,23146.904761904763,23065.0
seoul,5,2522,오목교(목동운동장앞),2023-08,23,21552.434782608696,21995.0
seoul,5,2522,오목교(목동운동장앞),2023-09,21,22225.95238095238,23254.0
seoul,5,2522,오목교(목동운동장앞),2023-10,22,22051.590909090908,23380.0
seoul,5,2522,오목교(목동운동장앞),2023-11,22,23100.272727272728,23186.5
seoul,5,2522,오목교(목동운동장앞),2023-12,21,23124.666666666668,23705.0
seoul,5,2522,오목교(목동운동장앞),2024-01,23,22412.521739130436,23221.0
seoul,5,2522,오목교(목동운동장앞),2024-02,21,22287.85714285714,23424.0
seoul,5,2522,오목교(목동운동장앞),2024-03,21,23388.095238095237,23726.0
seoul,5,2522,오목교(목동운동장앞),2024-04,22,23445.136363636364,23855.5
seoul,5,2522,오목교(목동운동장앞),2024-05,23,22861.652173913044,24018.0
seoul,5,2522,오목교(목동운동장앞),2024-06,20,22843.8,23314.5
seoul,5,2522,오목교(목동운동장앞),2024-07,23,22573.521739130436,22831.0
seoul,5,2522,오목교(목동운동장앞),2024-08,22,21254.954545454544,21485.0
seoul,5,2522,오목교(목동운동장앞),2024-09,21,20783.571428571428,22741.0
seoul,5,2522,오목교(목동운동장앞),2024-10,23,21717.739130434784,22766.0
seoul,5,2522,오목교(목동운동장앞),2024-11,21,23171.619047619046,23116.0
seoul,5,2522,오목교(목동운동장앞),2024-12,22,22963.5,23361.0
seoul,5,2523,양평,2022-07,21,7885.238095238095,7939.0
seoul,5,2523,양평,2022-08,23,7326.565217391304,7616.0
seoul,5,2523,양평,2022-09,22,7571.590909090909,8138.5
seoul,5,2523,양평,2022-10,21,7641.523809523809,8171.0
seoul,5,2523,양평,2022-11,22,8021.5,8019.0
seoul,5,2523,양평,2022-12,22,8016.090909090909,8084.5
seoul,5,2523,양평,2023-01,22,7571.318181818182,8194.5
seoul,5,2523,양평,2023-02,20,8439.15,8449.5
seoul,5,2523,양평,2023-03,23,8291.826086956522,8488.0
seoul,5,2523,양평,2023-04,20,8413.8,8402.5
seoul,5,2523,양평,2023-05,23,7797.782608695652,8442.0
seoul,5,2523,양평,2023-06,22,8070.636363636364,8374.0
seoul,5,2523,양평,2023-07,21,8286.952380952382,8332.0
seoul,5,2523,양평,2023-08,23,7741.173913043478,8107.0
seoul,5,2523,양평,2023-09,21,7988.238095238095,8571.0
seoul,5,2523,양평,2023-10,22,7871.681818181818,8621.5
seoul,5,2523,양평,2023-11,22,8637.363636363636,8624.5
seoul,5,2523,양평,2023-12,21,8346.52380952381,8660.0
seoul,5,2523,양평,2024-01,23,8345.869565217392,8632.0
seoul,5,2523,양평,2024-02,21,8175.476190476191,8847.0
seoul,5,2523,양평,2024-03,21,8800.047619047618,9003.0
seoul,5,2523,양평,2024-04,22,8764.727272727272,8995.0
seoul,5,2523,양평,2024-05,23,8343.391304347826,9038.0
seoul,5,2523,양평,2024-06,20,8567.35,8869.5
seoul,5,2523,양평,2024-07,23,8678.608695652174,8726.0
seoul,5,2523,양평,2024-08,22,8164.863636363636,8506.0
seoul,5,2523,양평,2024-09,21,7876.619047619048,8911.0
seoul,5,2523,양평,2024-10,23,8327.869565217392,8941.0
seoul,5,2523,양평,2024-11,21,9226.714285714286,9154.0
seoul,5,2523,양평,2024-12,22,8801.90909090909,9183.5
seoul,5,2524,영등포구청,2022-07,21,4202.714285714285,4212.0
seoul,5,2524,영등포구청,2022-08,23,4081.4347826086955,4225.0
seoul,5,2524,영등포구청,2022-09,22,4164.0,4488.0
seoul,5,2524,영등포구청,2022-10,21,4294.238095238095,4580.0
seoul,5,2524,영등포구청,2022-11,22,4600.318181818182,4519.0
seoul,5,2524,영등포구청,2022-12,22,4477.772727272727,4449.5
seoul,5,2524,영등포구청,2023-01,22,4467.409090909091,4819.5
seoul,5,2524,영등포구청,2023-02,20,5103.95,5094.0
seoul,5,2524,영등포구청,2023-03,23,5015.304347826087,5160.0
seoul,5,2524,영등포구청,2023-04,20,5082.5,5106.5
seoul,5,2524,영등포구청,2023-05,23,4841.95652173913,5244.0
seoul,5,2524,영등포구청,2023-06,22,5035.772727272727,5218.5
seoul,5,2524,영등포구청,2023-07,21,5104.809523809524,5150.0
seoul,5,2524,영등포구청,2023-08,23,4836.608695652174,5066.0
seoul,5,2524,영등포구청,2023-09,21,5051.333333333333,5412.0
seoul,5,2524,영등포구청,2023-10,22,5046.136363636364,5518.0
seoul,5,2524,영등포구청,2023-11,22,5473.227272727273,5457.5
seoul,5,2524,영등포구청,2023-12,21,5221.714285714285,5377.0
seoul,5,2524,영등포구청,2024-01,23,5175.391304347826,5387.0
seoul,5,2524,영등포구청,2024-02,21,5044.952380952381,5399.0
seoul,5,2524,영등포구청,2024-03,21,5401.428571428572,5557.0
seoul,5,2524,영등포구청,2024-04,22,5554.727272727273,5713.5
seoul,5,2524,영등포구청,2024-05,23,5282.04347826087,5677.0
seoul,5,2524,영등포구청,2024-06,20,5422.1,5582.0
seoul,5,2524,영등포구청,2024-07,23,5478.130434782609,5554.0
seoul,5,2524,영등포구청,2024-08,22,5164.409090909091,5297.0
seoul,5,2524,영등포구청,2024-09,21,4988.714285714285,5654.0
seoul,5,2524,영등포구청,2024-10,23,5309.086956521739,5655.0
seoul,5,2524,영등포구청,2024-11,21,5792.428571428572,5797.0
seoul,5,2524,영등포구청,2024-12,22,5597.227272727273,5780.5
seoul,5,2525,영등포시장,2022-07,21,10701.285714285714,10659.0
seoul,5,2525,영등포시장,2022-08,23,9969.391304347826,10257.0
seoul,5,2525,영등포시장,2022-09,22,10267.59090909091,10862.0
seoul,5,2525,영등포시장,2022-10,21,10594.52380952381,11201.0
seoul,5,2525,영등포시장,2022-11,22,11001.636363636364,10984.0
seoul,5,2525,영등포시장,2022-12,22,11194.227272727272,11243.5
seoul,5,2525,영등포시장,2023-01,22,10569.318181818182,11289.0
seoul,5,2525,영등포시장,2023-02,20,11639.45,11673.0
seoul,5,2525,영등포시장,2023-03,23,11656.347826086956,11831.0
seoul,5,2525,영등포시장,2023-04,20,11819.35,11788.0
seoul,5,2525,영등포시장,2023-05,23,11220.0,11818.0
seoul,5,2525,영등포시장,2023-06,22,11577.545454545454,11852.0
seoul,5,2525,영등포시장,2023-07,21,11629.142857142857,11769.0
seoul,5,2525,영등포시장,2023-08,23,10978.0,11155.0
seoul,5,2525,영등포시장,2023-09,21,11162.190476190477,11775.0
seoul,5,2525,영등포시장,2023-10,22,11330.954545454546,11948.5
seoul,5,2525,영등포시장,2023-11,22,11952.5,11939.5
seoul,5,2525,영등포시장,2023-12,21,11995.666666666666,12215.0
seoul,5,2525,영등포시장,2024-01,23,11808.217391304348,11959.0
seoul,5,2525,영등포시장,2024-02,21,11736.952380952382,12303.0
seoul,5,2525,영등포시장,2024-03,21,12534.285714285714,12612.0
seoul,5,2525,영등포시장,2024-04,22,12572.09090909091,12746.5
seoul,5,2525,영등포시장,2024-05,23,12201.91304347826,12831.0
seoul,5,2525,영등포시장,2024-06,20,12421.45,12582.0
seoul,5,2525,영등포시장,2024-07,23,12271.304347826086,12156.0
seoul,5,2525,영등포시장,2024-08,22,11732.454545454546,11792.0
seoul,5,2525,영등포시장,2024-09,21,11305.666666666666,12484.0
seoul,5,2525,영등포시장,2024-10,23,12071.04347826087,12667.0
seoul,5,2525,영등포시장,2024-11,21,12991.285714285714,12867.0
seoul,5,2525,영등포시장,2024-12,22,13041.727272727272,13167.0
seoul,5,2526,신길,2022-07,21,4520.238095238095,4523.0
seoul,5,2526,신길,2022-08,23,4214.521739130435,4306.0
seoul,5,2526,신길,2022-09,22,4305.5,4586.5
seoul,5,2526,신길,2022-10,21,4470.238095238095,4704.0
seoul,5,2526,신길,2022-11,22,4653.954545454545,4628.5
seoul,5,2526,신길,2022-12,22,4646.909090909091,4633.5
seoul,5,2526,신길,2023-01,22,4318.090909090909,4627.0
seoul,5,2526,신길,2023-02,20,4757.3,4754.0
seoul,5,2526,신길,2023-03,23,4888.913043478261,4996.0
seoul,5,2526,신길,2023-04,20,5170.95,5177.5
seoul,5,2526,신길,2023-05,23,4816.391304347826,5086.0
seoul,5,2526,신길,2023-06,22,4989.5,5132.5
seoul,5,2526,신길,2023-07,21,5031.761904761905,5075.0
seoul,5,2526,신길,2023-08,23,4818.782608695652,4938.0
seoul,5,2526,신길,2023-09,21,4854.428571428572,5119.0
seoul,5,2526,신길,2023-10,22,4846.045454545455,5183.5
seoul,5,2526,신길,2023-11,22,5252.818181818182,5229.5
seoul,5,2526,신길,2023-12,21,5107.190476190476,5204.0
seoul,5,2526,신길,2024-01,23,4982.652173913043,5115.0
seoul,5,2526,신길,2024-02,21,4951.571428571428,5212.0
seoul,5,2526,신길,2024-03,21,5444.952380952381,5486.0
seoul,5,2526,신길,2024-04,22,5598.409090909091,5703.5
seoul,5,2526,신길,2024-05,23,5232.478260869565,5539.0
seoul,5,2526,신길,2024-06,20,5374.45,5477.5
seoul,5,2526,신길,2024-07,23,5408.913043478261,5382.0
seoul,5,2526,신길,2024-08,22,5232.0,5323.5
seoul,5,2526,신길,2024-09,21,4945.428571428572,5451.0
seoul,5,2526,신길,2024-10,23,5383.04347826087,5666.0
seoul,5,2526,신길,2024-11,21,5711.285714285715,5692.0
seoul,5,2526,신길,2024-12,22,5473.727272727273,5549.0
seoul,5,2527,여의도,2022-07,21,30773.666666666668,30655.0
seoul,5,2527,여의도,2022-08,23,29454.304347826088,29993.0
seoul,5,2527,여의도,2022-09,22,28464.31818181818,30731.5
seoul,5,2527,여의도,2022-10,21,29252.52380952381,31224.0
seoul,5,2527,여의도,2022-11,22,32639.136363636364,32334.0
seoul,5,2527,여의도,2022-12,22,33890.954545454544,33349.5
seoul,5,2527,여의도,2023-01,22,30288.863636363636,32619.0
seoul,5,2527,여의도,2023-02,20,32955.75,33015.0
seoul,5,2527,여의도,2023-03,23,31515.130434782608,32370.0
seoul,5,2527,여의도,2023-04,20,32205.2,32132.0
seoul,5,2527,여의도,2023-05,23,29203.043478260868,31986.0
seoul,5,2527,여의도,2023-06,22,30890.909090909092,31937.5
seoul,5,2527,여의도,2023-07,21,32890.09523809524,32711.0
seoul,5,2527,여의도,2023-08,23,30964.17391304348,31817.0
seoul,5,2527,여의도,2023-09,21,29841.190476190477,32345.0
seoul,5,2527,여의도,2023-10,22,28935.727272727272,31872.5
seoul,5,2527,여의도,2023-11,22,33469.5,33463.5
seoul,5,2527,여의도,2023-12,21,32826.380952380954,33732.0
seoul,5,2527,여의도,2024-01,23,31961.695652173912,33068.0
seoul,5,2527,여의도,2024-02,21,31163.285714285714,33531.0
seoul,5,2527,여의도,2024-03,21,32333.85714285714,33339.0
seoul,5,2527,여의도,2024-04,22,32064.81818181818,32956.5
seoul,5,2527,여의도,2024-05,23,30258.217391304348,32894.0
seoul,5,2527,여의도,2024-06,20,32132.35,33243.5
seoul,5,2527,여의도,2024-07,23,33157.47826086957,33085.0
seoul,5,2527,여의도,2024-08,22,30980.454545454544,32166.0
seoul,5,2527,여의도,2024-09,21,28382.52380952381,32378.0
seoul,5,2527,여의도,2024-10,23,29815.08695652174,32226.0
seoul,5,2527,여의도,2024-11,21,34470.142857142855,34330.0
seoul,5,2527,여의도,2024-12,22,34174.63636363636,35163.5
seoul,5,2528,여의나루,2022-07,21,11986.190476190477,12369.0
seoul,5,2528,여의나루,2022-08,23,11514.608695652174,12437.0
seoul,5,2528,여의나루,2022-09,22,14202.045454545454,14414.0
seoul,5,2528,여의나루,2022-10,21,12932.857142857143,13177.0
seoul,5,2528,여의나루,2022-11,22,12872.0,12523.0
seoul,5,2528,여의나루,2022-12,22,11421.318181818182,11366.5
seoul,5,2528,여의나루,2023-01,22,9925.727272727272,10496.0
seoul,5,2528,여의나루,2023-02,20,11764.9,11568.0
seoul,5,2528,여의나루,2023-03,23,15229.434782608696,13392.0
seoul,5,2528,여의나루,2023-04,20,15304.65,13598.5
seoul,5,2528,여의나루,2023-05,23,15554.217391304348,15425.0
seoul,5,2528,여의나루,2023-06,22,14092.772727272728,14144.5
seoul,5,2528,여의나루,2023-07,21,12915.42857142857,12856.0
seoul,5,2528,여의나루,2023-08,23,12503.173913043478,12420.0
seoul,5,2528,여의나루,2023-09,21,14350.047619047618,14086.0
seoul,5,2528,여의나루,2023-10,22,15328.863636363636,14434.5
seoul,5,2528,여의나루,2023-11,22,12602.636363636364,12576.5
seoul,5,2528,여의나루,2023-12,21,11866.952380952382,11776.0
seoul,5,2528,여의나루,2024-01,23,11025.695652173914,11409.0
seoul,5,2528,여의나루,2024-02,21,11652.57142857143,11858.0
seoul,5,2528,여의나루,2024-03,21,12852.714285714286,12366.0
seoul,5,2528,여의나루,2024-04,22,20239.363636363636,18802.0
seoul,5,2528,여의나루,2024-05,23,16474.565217391304,16514.0
seoul,5,2528,여의나루,2024-06,20,15794.85,15371.0
seoul,5,2528,여의나루,2024-07,23,12888.391304347826,12977.0
seoul,5,2528,여의나루,2024-08,22,13169.59090909091,12991.5
seoul,5,2528,여의나루,2024-09,21,13299.380952380952,13540.0
seoul,5,2528,여의나루,2024-10,23,15678.304347826086,14801.0
seoul,5,2528,여의나루,2024-11,21,13509.809523809523,12999.0
seoul,5,2528,여의나루,2024-12,22,12489.954545454546,12009.0
seoul,5,2529,마포,2022-07,21,15212.380952380952,15284.0
seoul,5,2529,마포,2022-08,23,14101.478260869566,14673.0
seoul,5,2529,마포,2022-09,22,14422.59090909091,15595.5
seoul,5,2529,마포,2022-10,21,14867.142857142857,15979.0
seoul,5,2529,마포,2022-11,22,15721.454545454546,15659.5
seoul,5,2529,마포,2022-12,22,16329.636363636364,16153.5
seoul,5,2529,마포,2023-01,22,14655.727272727272,15943.0
seoul,5,2529,마포,2023-02,20,16353.2,16365.0
seoul,5,2529,마포,2023-03,23,16009.260869565218,16501.0
seoul,5,2529,마포,2023-04,20,16558.5,16535.5
seoul,5,2529,마포,2023-05,23,15290.04347826087,16486.0
seoul,5,2529,마포,2023-06,22,15904.545454545454,16416.0
seoul,5,2529,마포,2023-07,21,16180.809523809523,16147.0
seoul,5,2529,마포,2023-08,23,15168.173913043478,15736.0
seoul,5,2529,마포,2023-09,21,15477.0,16722.0
seoul,5,2529,마포,2023-10,22,15301.454545454546,16615.0
seoul,5,2529,마포,2023-11,22,16711.0,16671.5
seoul,5,2529,마포,2023-12,21,16698.666666666668,17151.0
seoul,5,2529,마포,2024-01,23,16104.217391304348,16653.0
seoul,5,2529,마포,2024-02,21,15893.809523809523,17073.0
seoul,5,2529,마포,2024-03,21,16976.095238095237,17393.0
seoul,5,2529,마포,2024-04,22,16794.68181818182,17220.5
seoul,5,2529,마포,2024-05,23,15913.391304347826,17129.0
seoul,5,2529,마포,2024-06,20,16367.55,16918.0
seoul,5,2529,마포,2024-07,23,16387.695652173912,16496.0
seoul,5,2529,마포,2024-08,22,15456.727272727272,15779.0
seoul,5,2529,마포,2024-09,21,14963.761904761905,16999.0
seoul,5,2529,마포,2024-10,23,15635.95652173913,16817.0
seoul,5,2529,마포,2024-11,21,17233.85714285714,17191.0
seoul,5,2529,마포,2024-12,22,16881.045454545456,17388.0
seoul,5,2530,공덕,2022-07,21,15344.095238095239,15421.0
seoul,5,2530,공덕,2022-08,23,13993.521739130434,14565.0
seoul,5,2530,공덕,2022-09,22,14504.5,15794.0
seoul,5,2530,공덕,2022-10,21,15020.095238095239,16093.0
seoul,5,2530,공덕,2022-11,22,15760.90909090909,15760.5
seoul,5,2530,공덕,2022-12,22,15935.40909090909,15908.5
seoul,5,2530,공덕,2023-01,22,14401.272727272728,15717.5
seoul,5,2530,공덕,2023-02,20,16306.1,16356.5
seoul,5,2530,공덕,2023-03,23,16259.347826086956,16765.0
seoul,5,2530,공덕,2023-04,20,16843.3,16919.5
seoul,5,2530,공덕,2023-05,23,15485.08695652174,16844.0
seoul,5,2530,공덕,2023-06,22,15936.0,16551.0
seoul,5,2530,공덕,2023-07,21,15946.333333333334,15994.0
seoul,5,2530,공덕,2023-08,23,14819.347826086956,15388.0
seoul,5,2530,공덕,2023-09,21,15339.238095238095,16563.0
seoul,5,2530,공덕,2023-10,22,15112.818181818182,16543.0
seoul,5,2530,공덕,2023-11,22,16568.909090909092,16596.5
seoul,5,2530,공덕,2023-12,21,16063.238095238095,16757.0
seoul,5,2530,공덕,2024-01,23,15486.304347826086,16149.0
seoul,5,2530,공덕,2024-02,21,15173.809523809523,16506.0
seoul,5,2530,공덕,2024-03,21,16628.14285714286,17108.0
seoul,5,2530,공덕,2024-04,22,16798.0,17199.5
seoul,5,2530,공덕,2024-05,23,15851.173913043478,17197.0
seoul,5,2530,공덕,2024-06,20,16305.8,16900.0
seoul,5,2530,공덕,2024-07,23,16267.91304347826,16312.0
seoul,5,2530,공덕,2024-08,22,15046.772727272728,15368.0
seoul,5,2530,공덕,2024-09,21,14747.142857142857,16819.0
seoul,5,2530,공덕,2024-10,23,15538.739130434782,16764.0
seoul,5,2530,공덕,2024-11,21,17003.190476190477,16998.0
seoul,5,2530,공덕,2024-12,22,16466.409090909092,17123.5
seoul,5,2531,애오개,2022-07,21,7188.9047619047615,7273.0
seoul,5,2531,애오개,2022-08,23,6615.086956521739,6901.0
seoul,5,2531,애오개,2022-09,22,6922.181818181818,7467.0
seoul,5,2531,애오개,2022-10,21,7031.238095238095,7479.0
seoul,5,2531,애오개,2022-11,22,7403.409090909091,7415.5
seoul,5,2531,애오개,2022-12,22,7361.136363636364,7335.0
seoul,5,2531,애오개,2023-01,22,6795.545454545455,7358.0
seoul,5,2531,애오개,2023-02,20,7538.9,7519.0
seoul,5,2531,애오개,2023-03,23,7603.608695652174,7855.0
seoul,5,2531,애오개,2023-04,20,7767.1,7840.0
seoul,5,2531,애오개,2023-05,23,7313.086956521739,7867.0
seoul,5,2531,애오개,2023-06,22,7532.272727272727,7739.0
seoul,5,2531,애오개,2023-07,21,7544.9047619047615,7574.0
seoul,5,2531,애오개,2023-08,23,6993.304347826087,7256.0
seoul,5,2531,애오개,2023-09,21,7257.047619047619,7786.0
seoul,5,2531,애오개,2023-10,22,7108.636363636364,7764.5
seoul,5,2531,애오개,2023-11,22,7659.727272727273,7687.5
seoul,5,2531,애오개,2023-12,21,7428.9047619047615,7673.0
seoul,5,2531,애오개,2024-01,23,7308.652173913043,7560.0
seoul,5,2531,애오개,2024-02,21,7159.0952380952385,7711.0
seoul,5,2531,애오개,2024-03,21,7924.523809523809,8047.0
seoul,5,2531,애오개,2024-04,22,7830.590909090909,8010.0
seoul,5,2531,애오개,2024-05,23,7515.217391304348,8070.0
seoul,5,2531,애오개,2024-06,20,7741.45,7998.5
seoul,5,2531,애오개,2024-07,23,7689.304347826087,7757.0
seoul,5,2531,애오개,2024-08,22,7165.681818181818,7345.5
seoul,5,2531,애오개,2024-09,21,6997.857142857143,7866.0
seoul,5,2531,애오개,2024-10,23,7262.130434782609,7820.0
seoul,5,2531,애오개,2024-11,21,7599.380952380952,7570.0
seoul,5,2531,애오개,2024-12,22,7142.045454545455,7379.0
seoul,5,2532,충정로(경기대입구),2022-07,21,4750.619047619048,4726.0
seoul,5,2532,충정로(경기대입구),2022-08,23,4581.521739130435,4758.0
seoul,5,2532,충정로(경기대입구),2022-09,22,4834.590909090909,5188.5
seoul,5,2532,충정로(경기대입구),2022-10,21,4853.9047619047615,5170.0
seoul,5,2532,충정로(경기대입구),2022-11,22,5110.272727272727,5079.0
seoul,5,2532,충정로(경기대입구),2022-12,22,5117.136363636364,5130.0
seoul,5,2532,충정로(경기대입구),2023-01,22,4627.590909090909,4993.5
seoul,5,2532,충정로(경기대입구),2023-02,20,5170.7,5174.0
seoul,5,2532,충정로(경기대입구),2023-03,23,5253.913043478261,5455.0
seoul,5,2532,충정로(경기대입구),2023-04,20,5427.55,5443.5
seoul,5,2532,충정로(경기대입구),2023-05,23,4958.260869565217,5391.0
seoul,5,2532,충정로(경기대입구),2023-06,22,4973.454545454545,5097.5
seoul,5,2532,충정로(경기대입구),2023-07,21,5036.809523809524,5062.0
seoul,5,2532,충정로(경기대입구),2023-08,23,4812.565217391304,5020.0
seoul,5,2532,충정로(경기대입구),2023-09,21,5042.619047619048,5416.0
seoul,5,2532,충정로(경기대입구),2023-10,22,4839.227272727273,5353.0
seoul,5,2532,충정로(경기대입구),2023-11,22,5365.681818181818,5401.5
seoul,5,2532,충정로(경기대입구),2023-12,21,5094.0952380952385,5362.0
seoul,5,2532,충정로(경기대입구),2024-01,23,5038.260869565217,5206.0
seoul,5,2532,충정로(경기대입구),2024-02,21,4919.285714285715,5325.0
seoul,5,2532,충정로(경기대입구),2024-03,21,5457.047619047619,5611.0
seoul,5,2532,충정로(경기대입구),2024-04,22,5433.090909090909,5608.5
seoul,5,2532,충정로(경기대입구),2024-05,23,5213.434782608696,5718.0
seoul,5,2532,충정로(경기대입구),2024-06,20,5324.85,5518.5
seoul,5,2532,충정로(경기대입구),2024-07,23,5350.217391304348,5335.0
seoul,5,2532,충정로(경기대입구),2024-08,22,4921.227272727273,5136.5
seoul,5,2532,충정로(경기대입구),2024-09,21,4780.619047619048,5457.0
seoul,5,2532,충정로(경기대입구),2024-10,23,4985.0,5406.0
seoul,5,2532,충정로(경기대입구),2024-11,21,5771.523809523809,5833.0
seoul,5,2532,충정로(경기대입구),2024-12,22,5666.909090909091,5880.5
seoul,5,2533,서대문,2022-07,21,20634.95238095238,20700.0
seoul,5,2533,서대문,2022-08,23,19069.652173913044,19806.0
seoul,5,2533,서대문,2022-09,22,20681.18181818182,22555.5
seoul,5,2533,서대문,2022-10,21,20985.238095238095,22659.0
seoul,5,2533,서대문,2022-11,22,22477.636363636364,22489.5
seoul,5,2533,서대문,2022-12,22,22364.590909090908,22647.5
seoul,5,2533,서대문,2023-01,22,19572.772727272728,21425.0
seoul,5,2533,서대문,2023-02,20,21934.55,21874.5
seoul,5,2533,서대문,2023-03,23,22704.08695652174,23331.0
seoul,5,2533,서대문,2023-04,20,23344.1,23449.5
seoul,5,2533,서대문,2023-05,23,21545.91304347826,23635.0
seoul,5,2533,서대문,2023-06,22,21971.227272727272,22785.0
seoul,5,2533,서대문,2023-07,21,22257.52380952381,22411.0
seoul,5,2533,서대문,2023-08,23,20548.17391304348,21327.0
seoul,5,2533,서대문,2023-09,21,22104.52380952381,23620.0
seoul,5,2533,서대문,2023-10,22,21348.545454545456,23614.0
seoul,5,2533,서대문,2023-11,22,23801.454545454544,23964.0
seoul,5,2533,서대문,2023-12,21,22556.238095238095,23447.0
seoul,5,2533,서대문,2024-01,23,21760.17391304348,22389.0
seoul,5,2533,서대문,2024-02,21,21023.95238095238,22935.0
seoul,5,2533,서대문,2024-03,21,23613.714285714286,24369.0
seoul,5,2533,서대문,2024-04,22,23346.81818181818,24069.0
seoul,5,2533,서대문,2024-05,23,22212.08695652174,24199.0
seoul,5,2533,서대문,2024-06,20,22623.9,23474.5
seoul,5,2533,서대문,2024-07,23,22785.782608695652,22939.0
seoul,5,2533,서대문,2024-08,22,20932.409090909092,21809.5
seoul,5,2533,서대문,2024-09,21,20970.14285714286,23749.0
seoul,5,2533,서대문,2024-10,23,21926.217391304348,23762.0
seoul,5,2533,서대문,2024-11,21,24110.571428571428,23905.0
seoul,5,2533,서대문,2024-12,22,23413.045454545456,24340.0
seoul,5,2534,광화문(세종문화회관),2022-07,21,32812.09523809524,32915.0
seoul,5,2534,광화문(세종문화회관),2022-08,23,32292.391304347828,32538.0
seoul,5,2534,광화문(세종문화회관),2022-09,22,32552.090909090908,34715.0
seoul,5,2534,광화문(세종문화회관),2022-10,21,34637.28571428572,35820.0
seoul,5,2534,광화문(세종문화회관),2022-11,22,35004.318181818184,34683.5
seoul,5,2534,광화문(세종문화회관),2022-12,22,37065.818181818184,37298.5
seoul,5,2534,광화문(세종문화회관),2023-01,22,32331.545454545456,34562.5
seoul,5,2534,광화문(세종문화회관),2023-02,20,35369.65,35332.5
seoul,5,2534,광화문(세종문화회관),2023-03,23,35312.82608695652,35617.0
seoul,5,2534,광화문(세종문화회관),2023-04,20,35922.9,35955.0
seoul,5,2534,광화문(세종문화회관),2023-05,23,34624.69565217391,36928.0
seoul,5,2534,광화문(세종문화회관),2023-06,22,34920.181818181816,35839.5
seoul,5,2534,광화문(세종문화회관),2023-07,21,35801.47619047619,35946.0
seoul,5,2534,광화문(세종문화회관),2023-08,23,34118.34782608696,35151.0
seoul,5,2534,광화문(세종문화회관),2023-09,21,34795.333333333336,36434.0
seoul,5,2534,광화문(세종문화회관),2023-10,22,34883.954545454544,36808.5
seoul,5,2534,광화문(세종문화회관),2023-11,22,37123.181818181816,36945.0
seoul,5,2534,광화문(세종문화회관),2023-12,21,39005.04761904762,38992.0
seoul,5,2534,광화문(세종문화회관),2024-01,23,35933.69565217391,36864.0
seoul,5,2534,광화문(세종문화회관),2024-02,21,34168.52380952381,36713.0
seoul,5,2534,광화문(세종문화회관),2024-03,21,36496.142857142855,37062.0
seoul,5,2534,광화문(세종문화회관),2024-04,22,35965.045454545456,36893.0
seoul,5,2534,광화문(세종문화회관),2024-05,23,35538.17391304348,38142.0
seoul,5,2534,광화문(세종문화회관),2024-06,20,36432.4,37163.5
seoul,5,2534,광화문(세종문화회관),2024-07,23,36100.086956521736,35951.0
seoul,5,2534,광화문(세종문화회관),2024-08,22,34474.5,35207.0
seoul,5,2534,광화문(세종문화회관),2024-09,21,33307.333333333336,36679.0
seoul,5,2534,광화문(세종문화회관),2024-10,23,37107.52173913043,37662.0
seoul,5,2534,광화문(세종문화회관),2024-11,21,38086.380952380954,37774.0
seoul,5,2534,광화문(세종문화회관),2024-12,22,40325.681818181816,39932.0
seoul,5,2535,종로3가,2022-07,21,13524.047619047618,13486.0
seoul,5,2535,종로3가,2022-08,23,12606.521739130434,12864.0
seoul,5,2535,종로3가,2022-09,22,13152.045454545454,13416.0
seoul,5,2535,종로3가,2022-10,21,14337.095238095239,14335.0
seoul,5,2535,종로3가,2022-11,22,14245.363636363636,14197.5
seoul,5,2535,종로3가,2022-12,22,15250.954545454546,15420.0
seoul,5,2535,종로3가,2023-01,22,13670.09090909091,14179.5
seoul,5,2535,종로3가,2023-02,20,15165.05,15091.5
seoul,5,2535,종로3가,2023-03,23,14766.347826086956,14604.0
seoul,5,2535,종로3가,2023-04,20,15165.25,15037.5
seoul,5,2535,종로3가,2023-05,23,15186.565217391304,15263.0
seoul,5,2535,종로3가,2023-06,22,15227.09090909091,15166.5
seoul,5,2535,종로3가,2023-07,21,15041.52380952381,15226.0
seoul,5,2535,종로3가,2023-08,23,14315.608695652174,14382.0
seoul,5,2535,종로3가,2023-09,21,14640.52380952381,14757.0
seoul,5,2535,종로3가,2023-10,22,15432.863636363636,15319.5
seoul,5,2535,종로3가,2023-11,22,15177.954545454546,14900.5
seoul,5,2535,종로3가,2023-12,21,15351.57142857143,15328.0
seoul,5,2535,종로3가,2024-01,23,14164.130434782608,14280.0
seoul,5,2535,종로3가,2024-02,21,14492.52380952381,14980.0
seoul,5,2535,종로3가,2024-03,21,15457.238095238095,15367.0
seoul,5,2535,종로3가,2024-04,22,16520.363636363636,16306.0
seoul,5,2535,종로3가,2024-05,23,16664.608695652172,16806.0
seoul,5,2535,종로3가,2024-06,20,16262.35,15993.0
seoul,5,2535,종로3가,2024-07,23,15370.95652173913,15033.0
seoul,5,2535,종로3가,2024-08,22,14774.454545454546,14746.5
seoul,5,2535,종로3가,2024-09,21,14565.0,14917.0
seoul,5,2535,종로3가,2024-10,23,16771.08695652174,17002.0
seoul,5,2535,종로3가,2024-11,21,16177.714285714286,15834.0
seoul,5,2535,종로3가,2024-12,22,16419.545454545456,16343.0
seoul,5,2536,을지로4가,2022-07,21,6470.523809523809,6484.0
seoul,5,2536,을지로4가,2022-08,23,5996.739130434783,6318.0
seoul,5,2536,을지로4가,2022-09,22,6343.727272727273,6841.5
seoul,5,2536,을지로4가,2022-10,21,6627.952380952381,7055.0
seoul,5,2536,을지로4가,2022-11,22,6973.318181818182,7012.0
seoul,5,2536,을지로4가,2022-12,22,7028.272727272727,7067.5
seoul,5,2536,을지로4가,2023-01,22,6375.0,6953.5
seoul,5,2536,을지로4가,2023-02,20,7180.95,7185.5
seoul,5,2536,을지로4가,2023-03,23,7178.260869565217,7336.0
seoul,5,2536,을지로4가,2023-04,20,7258.85,7301.0
seoul,5,2536,을지로4가,2023-05,23,6937.695652173913,7393.0
seoul,5,2536,을지로4가,2023-06,22,7140.136363636364,7309.0
seoul,5,2536,을지로4가,2023-07,21,7085.142857142857,7178.0
seoul,5,2536,을지로4가,2023-08,23,6611.391304347826,6836.0
seoul,5,2536,을지로4가,2023-09,21,6959.047619047619,7539.0
seoul,5,2536,을지로4가,2023-10,22,6987.045454545455,7543.5
seoul,5,2536,을지로4가,2023-11,22,7463.454545454545,7539.0
seoul,5,2536,을지로4가,2023-12,21,7110.285714285715,7386.0
seoul,5,2536,을지로4가,2024-01,23,6959.260869565217,7177.0
seoul,5,2536,을지로4가,2024-02,21,6727.523809523809,7261.0
seoul,5,2536,을지로4가,2024-03,21,7355.523809523809,7573.0
seoul,5,2536,을지로4가,2024-04,22,7464.318181818182,7638.0
seoul,5,2536,을지로4가,2024-05,23,7167.95652173913,7676.0
seoul,5,2536,을지로4가,2024-06,20,7255.6,7427.5
seoul,5,2536,을지로4가,2024-07,23,7162.95652173913,7203.0
seoul,5,2536,을지로4가,2024-08,22,6626.409090909091,6859.5
seoul,5,2536,을지로4가,2024-09,21,6584.476190476191,7539.0
seoul,5,2536,을지로4가,2024-10,23,7113.391304347826,7533.0
seoul,5,2536,을지로4가,2024-11,21,7445.714285714285,7448.0
seoul,5,2536,을지로4가,2024-12,22,7221.681818181818,7413.5
seoul,5,2537,동대문역사문화공원(DDP),2022-07,21,3243.904761904762,3258.0
seoul,5,2537,동대문역사문화공원(DDP),2022-08,23,3103.913043478261,3198.0
seoul,5,2537,동대문역사문화공원(DDP),2022-09,22,3064.8636363636365,3309.5
seoul,5,2537,동대문역사문화공원(DDP),2022-10,21,3190.1428571428573,3378.0
seoul,5,2537,동대문역사문화공원(DDP),2022-11,22,3419.318181818182,3438.0
seoul,5,2537,동대문역사문화공원(DDP),2022-12,22,3472.818181818182,3456.0
seoul,5,2537,동대문역사문화공원(DDP),2023-01,22,3279.9545454545455,3554.5
seoul,5,2537,동대문역사문화공원(DDP),2023-02,20,3651.55,3673.0
seoul,5,2537,동대문역사문화공원(DDP),2023-03,23,3577.217391304348,3686.0
seoul,5,2537,동대문역사문화공원(DDP),2023-04,20,3561.2,3570.0
seoul,5,2537,동대문역사문화공원(DDP),2023-05,23,3214.521739130435,3476.0
seoul,5,2537,동대문역사문화공원(DDP),2023-06,22,3397.5454545454545,3506.0
seoul,5,2537,동대문역사문화공원(DDP),2023-07,21,3522.0,3525.0
seoul,5,2537,동대문역사문화공원(DDP),2023-08,23,3452.8695652173915,3592.0
seoul,5,2537,동대문역사문화공원(DDP),2023-09,21,3344.8571428571427,3584.0
seoul,5,2537,동대문역사문화공원(DDP),2023-10,22,3218.3636363636365,3525.5
seoul,5,2537,동대문역사문화공원(DDP),2023-11,22,3596.909090909091,3629.0
seoul,5,2537,동대문역사문화공원(DDP),2023-12,21,3494.809523809524,3643.0
seoul,5,2537,동대문역사문화공원(DDP),2024-01,23,3465.5652173913045,3573.0
seoul,5,2537,동대문역사문화공원(DDP),2024-02,21,3371.904761904762,3593.0
seoul,5,2537,동대문역사문화공원(DDP),2024-03,21,3571.9523809523807,3711.0
seoul,5,2537,동대문역사문화공원(DDP),2024-04,22,3554.590909090909,3658.5
seoul,5,2537,동대문역사문화공원(DDP),2024-05,23,3370.217391304348,3648.0
seoul,5,2537,동대문역사문화공원(DDP),2024-06,20,3490.85,3630.0
seoul,5,2537,동대문역사문화공원(DDP),2024-07,23,3570.5652173913045,3584.0
seoul,5,2537,동대문역사문화공원(DDP),2024-08,22,3413.181818181818,3523.5
seoul,5,2537,동대문역사문화공원(DDP),2024-09,21,3278.2380952380954,3671.0
seoul,5,2537,동대문역사문화공원(DDP),2024-10,23,3388.5652173913045,3674.0
seoul,5,2537,동대문역사문화공원(DDP),2024-11,21,3698.904761904762,3749.0
seoul,5,2537,동대문역사문화공원(DDP),2024-12,22,3592.409090909091,3688.0
seoul,5,2538,청구,2022-07,21,4104.857142857143,4106.0
seoul,5,2538,청구,2022-08,23,3748.6521739130435,3879.0
seoul,5,2538,청구,2022-09,22,4038.0,4298.0
seoul,5,2538,청구,2022-10,21,4174.666666666667,4406.0
seoul,5,2538,청구,2022-11,22,4286.454545454545,4288.5
seoul,5,2538,청구,2022-12,22,4271.227272727273,4272.5
seoul,5,2538,청구,2023-01,22,3862.0454545454545,4137.0
seoul,5,2538,청구,2023-02,20,4277.5,4275.0
seoul,5,2538,청구,2023-03,23,4377.521739130435,4465.0
seoul,5,2538,청구,2023-04,20,4448.85,4443.5
seoul,5,2538,청구,2023-05,23,4231.565217391304,4474.0
seoul,5,2538,청구,2023-06,22,4255.681818181818,4347.5
seoul,5,2538,청구,2023-07,21,4251.9047619047615,4232.0
seoul,5,2538,청구,2023-08,23,3952.217391304348,4111.0
seoul,5,2538,청구,2023-09,21,4201.571428571428,4490.0
seoul,5,2538,청구,2023-10,22,4151.363636363636,4440.0
seoul,5,2538,청구,2023-11,22,4409.545454545455,4398.0
seoul,5,2538,청구,2023-12,21,4233.523809523809,4356.0
seoul,5,2538,청구,2024-01,23,4108.739130434783,4235.0
seoul,5,2538,청구,2024-02,21,4071.6190476190477,4338.0
seoul,5,2538,청구,2024-03,21,4484.142857142857,4557.0
seoul,5,2538,청구,2024-04,22,4459.136363636364,4542.5
seoul,5,2538,청구,2024-05,23,4352.434782608696,4570.0
seoul,5,2538,청구,2024-06,20,4387.6,4494.5
seoul,5,2538,청구,2024-07,23,4249.434782608696,4283.0
seoul,5,2538,청구,2024-08,22,3974.818181818182,4104.5
seoul,5,2538,청구,2024-09,21,4006.0476190476193,4442.0
seoul,5,2538,청구,2024-10,23,4193.695652173913,4450.0
seoul,5,2538,청구,2024-11,21,4445.190476190476,4440.0
seoul,5,2538,청구,2024-12,22,4175.045454545455,4305.0
seoul,5,2539,신금호,2022-07,21,6749.476190476191,6759.0
seoul,5,2539,신금호,2022-08,23,6144.608695652174,6315.0
seoul,5,2539,신금호,2022-09,22,6692.818181818182,7122.5
seoul,5,2539,신금호,2022-10,21,6778.285714285715,7162.0
seoul,5,2539,신금호,2022-11,22,6964.045454545455,7014.5
seoul,5,2539,신금호,2022-12,22,6937.590909090909,6864.5
seoul,5,2539,신금호,2023-01,22,6201.545454545455,6607.0
seoul,5,2539,신금호,2023-02,20,6805.45,6829.5
seoul,5,2539,신금호,2023-03,23,7154.130434782609,7330.0
seoul,5,2539,신금호,2023-04,20,7198.35,7225.0
seoul,5,2539,신금호,2023-05,23,6881.04347826087,7317.0
seoul,5,2539,신금호,2023-06,22,6983.318181818182,7189.0
seoul,5,2539,신금호,2023-07,21,6921.285714285715,6925.0
seoul,5,2539,신금호,2023-08,23,6431.086956521739,6763.0
seoul,5,2539,신금호,2023-09,21,6848.714285714285,7287.0
seoul,5,2539,신금호,2023-10,22,6807.681818181818,7345.5
seoul,5,2539,신금호,2023-11,22,7262.0,7277.5
seoul,5,2539,신금호,2023-12,21,6992.809523809524,7239.0
seoul,5,2539,신금호,2024-01,23,6594.434782608696,6828.0
seoul,5,2539,신금호,2024-02,21,6552.285714285715,6929.0
seoul,5,2539,신금호,2024-03,21,7371.476190476191,7544.0
seoul,5,2539,신금호,2024-04,22,7353.181818181818,7521.5
seoul,5,2539,신금호,2024-05,23,7135.130434782609,7543.0
seoul,5,2539,신금호,2024-06,20,7221.05,7433.0
seoul,5,2539,신금호,2024-07,23,7071.173913043478,7071.0
seoul,5,2539,신금호,2024-08,22,6571.636363636364,6719.0
seoul,5,2539,신금호,2024-09,21,6678.619047619048,7332.0
seoul,5,2539,신금호,2024-10,23,6932.217391304348,7407.0
seoul,5,2539,신금호,2024-11,21,7406.0,7413.0
seoul,5,2539,신금호,2024-12,22,7024.227272727273,7233.0
seoul,5,2540,행당,2022-07,21,8576.904761904761,8652.0
seoul,5,2540,행당,2022-08,23,7964.086956521739,8205.0
seoul,5,2540,행당,2022-09,22,8405.318181818182,8927.5
seoul,5,2540,행당,2022-10,21,8582.619047619048,9067.0
seoul,5,2540,행당,2022-11,22,8852.454545454546,8862.5
seoul,5,2540,행당,2022-12,22,8864.59090909091,8802.5
seoul,5,2540,행당,2023-01,22,8067.636363636364,8616.0
seoul,5,2540,행당,2023-02,20,8821.45,8846.5
seoul,5,2540,행당,2023-03,23,9015.478260869566,9220.0
seoul,5,2540,행당,2023-04,20,9198.1,9243.0
seoul,5,2540,행당,2023-05,23,8742.173913043478,9309.0
seoul,5,2540,행당,2023-06,22,8906.90909090909,9196.5
seoul,5,2540,행당,2023-07,21,8844.142857142857,8782.0
seoul,5,2540,행당,2023-08,23,8300.217391304348,8604.0
seoul,5,2540,행당,2023-09,21,8695.285714285714,9263.0
seoul,5,2540,행당,2023-10,22,8660.863636363636,9219.5
seoul,5,2540,행당,2023-11,22,9171.681818181818,9210.5
seoul,5,2540,행당,2023-12,21,8864.619047619048,9148.0
seoul,5,2540,행당,2024-01,23,8553.08695652174,8838.0
seoul,5,2540,행당,2024-02,21,8465.809523809523,9031.0
seoul,5,2540,행당,2024-03,21,9131.285714285714,9319.0
seoul,5,2540,행당,2024-04,22,9086.0,9263.0
seoul,5,2540,행당,2024-05,23,8859.0,9392.0
seoul,5,2540,행당,2024-06,20,8943.55,9158.0
seoul,5,2540,행당,2024-07,23,8804.95652173913,8843.0
seoul,5,2540,행당,2024-08,22,8281.636363636364,8455.5
seoul,5,2540,행당,2024-09,21,8284.285714285714,9150.0
seoul,5,2540,행당,2024-10,23,8679.565217391304,9167.0
seoul,5,2540,행당,2024-11,21,9251.666666666666,9237.0
seoul,5,2540,행당,2024-12,22,8894.818181818182,9142.0
seoul,5,2541,왕십리(성동구청),2022-07,21,4692.428571428572,4652.0
seoul,5,2541,왕십리(성동구청),2022-08,23,4329.826086956522,4413.0
seoul,5,2541,왕십리(성동구청),2022-09,22,4548.136363636364,4774.0
seoul,5,2541,왕십리(성동구청),2022-10,21,4604.380952380952,4811.0
seoul,5,2541,왕십리(성동구청),2022-11,22,4740.590909090909,4768.5
seoul,5,2541,왕십리(성동구청),2022-12,22,4919.272727272727,4891.5
seoul,5,2541,왕십리(성동구청),2023-01,22,4501.5,4764.5
seoul,5,2541,왕십리(성동구청),2023-02,20,4974.35,5016.0
seoul,5,2541,왕십리(성동구청),2023-03,23,4954.739130434783,5026.0
seoul,5,2541,왕십리(성동구청),2023-04,20,4994.0,4970.5
seoul,5,2541,왕십리(성동구청),2023-05,23,4756.826086956522,5007.0
seoul,5,2541,왕십리(성동구청),2023-06,22,4817.181818181818,4936.5
seoul,5,2541,왕십리(성동구청),2023-07,21,4920.761904761905,4878.0
seoul,5,2541,왕십리(성동구청),2023-08,23,4694.95652173913,4771.0
seoul,5,2541,왕십리(성동구청),2023-09,21,4774.571428571428,5060.0
seoul,5,2541,왕십리(성동구청),2023-10,22,4778.772727272727,5011.0
seoul,5,2541,왕십리(성동구청),2023-11,22,5060.272727272727,5024.0
seoul,5,2541,왕십리(성동구청),2023-12,21,5031.428571428572,5130.0
seoul,5,2541,왕십리(성동구청),2024-01,23,4799.173913043478,4909.0
seoul,5,2541,왕십리(성동구청),2024-02,21,4858.0,5137.0
seoul,5,2541,왕십리(성동구청),2024-03,21,5112.523809523809,5168.0
seoul,5,2541,왕십리(성동구청),2024-04,22,5093.727272727273,5164.0
seoul,5,2541,왕십리(성동구청),2024-05,23,4995.565217391304,5221.0
seoul,5,2541,왕십리(성동구청),2024-06,20,5009.0,5103.5
seoul,5,2541,왕십리(성동구청),2024-07,23,4990.434782608696,5048.0
seoul,5,2541,왕십리(성동구청),2024-08,22,4747.636363636364,4833.5
seoul,5,2541,왕십리(성동구청),2024-09,21,4710.190476190476,5133.0
seoul,5,2541,왕십리(성동구청),2024-10,23,4936.95652173913,5115.0
seoul,5,2541,왕십리(성동구청),2024-11,21,5228.047619047619,5174.0
seoul,5,2541,왕십리(성동구청),2024-12,22,5250.863636363636,5402.5
seoul,5,2542,마장,2022-07,21,5811.190476190476,5861.0
seoul,5,2542,마장,2022-08,23,5449.086956521739,5552.0
seoul,5,2542,마장,2022-09,22,6091.136363636364,6395.5
seoul,5,2542,마장,2022-10,21,6184.714285714285,6532.0
seoul,5,2542,마장,2022-11,22,6387.5,6401.5
seoul,5,2542,마장,2022-12,22,6478.863636363636,6461.5
seoul,5,2542,마장,2023-01,22,5905.954545454545,6314.5
seoul,5,2542,마장,2023-02,20,6305.3,6348.0
seoul,5,2542,마장,2023-03,23,6640.173913043478,6782.0
seoul,5,2542,마장,2023-04,20,6808.15,6810.0
seoul,5,2542,마장,2023-05,23,6367.04347826087,6777.0
seoul,5,2542,마장,2023-06,22,6308.727272727273,6478.0
seoul,5,2542,마장,2023-07,21,6283.857142857143,6265.0
seoul,5,2542,마장,2023-08,23,5881.347826086957,6043.0
seoul,5,2542,마장,2023-09,21,6510.0,6874.0
seoul,5,2542,마장,2023-10,22,6299.363636363636,6753.5
seoul,5,2542,마장,2023-11,22,6703.409090909091,6739.5
seoul,5,2542,마장,2023-12,21,6509.238095238095,6643.0
seoul,5,2542,마장,2024-01,23,6154.782608695652,6410.0
seoul,5,2542,마장,2024-02,21,6140.0,6434.0
seoul,5,2542,마장,2024-03,21,6846.952380952381,6950.0
seoul,5,2542,마장,2024-04,22,6814.0,6937.0
seoul,5,2542,마장,2024-05,23,6580.391304347826,6955.0
seoul,5,2542,마장,2024-06,20,6575.6,6698.5
seoul,5,2542,마장,2024-07,23,6308.913043478261,6310.0
seoul,5,2542,마장,2024-08,22,5982.0,6095.0
seoul,5,2542,마장,2024-09,21,6221.190476190476,6866.0
seoul,5,2542,마장,2024-10,23,6471.173913043478,6789.0
seoul,5,2542,마장,2024-11,21,6880.142857142857,6888.0
seoul,5,2542,마장,2024-12,22,6684.636363636364,6823.0
seoul,5,2543,답십리,2022-07,21,16713.85714285714,16805.0
seoul,5,2543,답십리,2022-08,23,15792.08695652174,16463.0
seoul,5,2543,답십리,2022-09,22,16449.590909090908,17549.0
seoul,5,2543,답십리,2022-10,21,16608.666666666668,17521.0
seoul,5,2543,답십리,2022-11,22,17059.454545454544,17164.0
seoul,5,2543,답십리,2022-12,22,17302.68181818182,17216.0
seoul,5,2543,답십리,2023-01,22,16670.272727272728,17855.0
seoul,5,2543,답십리,2023-02,20,18338.85,18415.5
seoul,5,2543,답십리,2023-03,23,18390.695652173912,18847.0
seoul,5,2543,답십리,2023-04,20,18620.0,18643.0
seoul,5,2543,답십리,2023-05,23,17340.652173913044,18557.0
seoul,5,2543,답십리,2023-06,22,17616.590909090908,18179.0
seoul,5,2543,답십리,2023-07,21,17588.809523809523,17558.0
seoul,5,2543,답십리,2023-08,23,16699.217391304348,17251.0
seoul,5,2543,답십리,2023-09,21,17360.666666666668,18565.0
seoul,5,2543,답십리,2023-10,22,17475.31818181818,18877.0
seoul,5,2543,답십리,2023-11,22,18645.31818181818,18777.5
seoul,5,2543,답십리,2023-12,21,18282.666666666668,18801.0
seoul,5,2543,답십리,2024-01,23,17715.08695652174,18243.0
seoul,5,2543,답십리,2024-02,21,17374.761904761905,18604.0
seoul,5,2543,답십리,2024-03,21,18922.904761904763,19334.0
seoul,5,2543,답십리,2024-04,22,18768.454545454544,19141.0
seoul,5,2543,답십리,2024-05,23,18090.91304347826,19238.0
seoul,5,2543,답십리,2024-06,20,18455.9,18924.5
seoul,5,2543,답십리,2024-07,23,18170.956521739132,18231.0
seoul,5,2543,답십리,2024-08,22,17050.31818181818,17309.0
seoul,5,2543,답십리,2024-09,21,16871.761904761905,18770.0
seoul,5,2543,답십리,2024-10,23,17862.521739130436,18950.0
seoul,5,2543,답십리,2024-11,21,19110.380952380954,19182.0
seoul,5,2543,답십리,2024-12,22,18431.863636363636,19047.0
seoul,5,2544,장한평,2022-07,21,19529.761904761905,19588.0
seoul,5,2544,장한평,2022-08,23,18018.260869565216,18417.0
seoul,5,2544,장한평,2022-09,22,18963.090909090908,20329.5
seoul,5,2544,장한평,2022-10,21,19412.380952380954,20716.0
seoul,5,2544,장한평,2022-11,22,20141.090909090908,20201.0
seoul,5,2544,장한평,2022-12,22,20250.31818181818,20254.5
seoul,5,2544,장한평,2023-01,22,18845.18181818182,20170.0
seoul,5,2544,장한평,2023-02,20,21169.8,21234.5
seoul,5,2544,장한평,2023-03,23,21150.652173913044,21698.0
seoul,5,2544,장한평,2023-04,20,21567.3,21600.0
seoul,5,2544,장한평,2023-05,23,20378.0,21668.0
seoul,5,2544,장한평,2023-06,22,20864.863636363636,21599.5
seoul,5,2544,장한평,2023-07,21,20923.14285714286,20896.0
seoul,5,2544,장한평,2023-08,23,19724.304347826088,20127.0
seoul,5,2544,장한평,2023-09,21,20213.619047619046,21739.0
seoul,5,2544,장한평,2023-10,22,20182.409090909092,21734.5
seoul,5,2544,장한평,2023-11,22,21698.0,21759.0
seoul,5,2544,장한평,2023-12,21,21040.190476190477,21619.0
seoul,5,2544,장한평,2024-01,23,20666.130434782608,21586.0
seoul,5,2544,장한평,2024-02,21,20223.14285714286,21613.0
seoul,5,2544,장한평,2024-03,21,22027.380952380954,22651.0
seoul,5,2544,장한평,2024-04,22,21775.909090909092,22394.5
seoul,5,2544,장한평,2024-05,23,21247.434782608696,22786.0
seoul,5,2544,장한평,2024-06,20,21670.4,22305.5
seoul,5,2544,장한평,2024-07,23,21516.91304347826,21659.0
seoul,5,2544,장한평,2024-08,22,20443.954545454544,20785.0
seoul,5,2544,장한평,2024-09,21,20061.47619047619,22355.0
seoul,5,2544,장한평,2024-10,23,21264.217391304348,22607.0
seoul,5,2544,장한평,2024-11,21,22714.285714285714,22824.0
seoul,5,2544,장한평,2024-12,22,22022.68181818182,22504.0
seoul,5,2545,군자(능동),2022-07,21,11531.047619047618,11534.0
seoul,5,2545,군자(능동),2022-08,23,10747.95652173913,11055.0
seoul,5,2545,군자(능동),2022-09,22,11428.272727272728,12141.0
seoul,5,2545,군자(능동),2022-10,21,11739.142857142857,12256.0
seoul,5,2545,군자(능동),2022-11,22,12047.863636363636,12105.5
seoul,5,2545,군자(능동),2022-12,22,12362.772727272728,12284.5
seoul,5,2545,군자(능동),2023-01,22,11324.545454545454,12060.5
seoul,5,2545,군자(능동),2023-02,20,12525.75,12576.0
seoul,5,2545,군자(능동),2023-03,23,12844.08695652174,13057.0
seoul,5,2545,군자(능동),2023-04,20,12939.5,12910.0
seoul,5,2545,군자(능동),2023-05,23,12459.173913043478,13067.0
seoul,5,2545,군자(능동),2023-06,22,12472.59090909091,12773.0
seoul,5,2545,군자(능동),2023-07,21,12181.57142857143,12186.0
seoul,5,2545,군자(능동),2023-08,23,11596.08695652174,11751.0
seoul,5,2545,군자(능동),2023-09,21,12111.52380952381,12806.0
seoul,5,2545,군자(능동),2023-10,22,12210.954545454546,12950.5
seoul,5,2545,군자(능동),2023-11,22,12856.818181818182,12956.0
seoul,5,2545,군자(능동),2023-12,21,12645.285714285714,12949.0
seoul,5,2545,군자(능동),2024-01,23,11997.130434782608,12359.0
seoul,5,2545,군자(능동),2024-02,21,11918.809523809523,12487.0
seoul,5,2545,군자(능동),2024-03,21,13115.904761904761,13303.0
seoul,5,2545,군자(능동),2024-04,22,13067.772727272728,13295.5
seoul,5,2545,군자(능동),2024-05,23,12814.260869565218,13294.0
seoul,5,2545,군자(능동),2024-06,20,12561.65,12805.5
seoul,5,2545,군자(능동),2024-07,23,12123.130434782608,12058.0
seoul,5,2545,군자(능동),2024-08,22,11573.09090909091,11676.5
seoul,5,2545,군자(능동),2024-09,21,11787.047619047618,12943.0
seoul,5,2545,군자(능동),2024-10,23,12565.95652173913,13015.0
seoul,5,2545,군자(능동),2024-11,21,13351.809523809523,13317.0
seoul,5,2545,군자(능동),2024-12,22,13044.727272727272,13257.5
seoul,5,2546,아차산(어린이대공원후문),2022-07,21,14771.666666666666,14565.0
seoul,5,2546,아차산(어린이대공원후문),2022-08,23,13695.565217391304,14204.0
seoul,5,2546,아차산(어린이대공원후문),2022-09,22,15233.5,16087.5
seoul,5,2546,아차산(어린이대공원후문),2022-10,21,15573.952380952382,16250.0
seoul,5,2546,아차산(어린이대공원후문),2022-11,22,15403.863636363636,15384.0
seoul,5,2546,아차산(어린이대공원후문),2022-12,22,15254.318181818182,15397.0
seoul,5,2546,아차산(어린이대공원후문),2023-01,22,13748.90909090909,14487.0
seoul,5,2546,아차산(어린이대공원후문),2023-02,20,15337.8,15405.0
seoul,5,2546,아차산(어린이대공원후문),2023-03,23,16198.95652173913,16304.0
seoul,5,2546,아차산(어린이대공원후문),2023-04,20,16220.2,16284.0
seoul,5,2546,아차산(어린이대공원후문),2023-05,23,16048.739130434782,16463.0
seoul,5,2546,아차산(어린이대공원후문),2023-06,22,15691.40909090909,15951.5
seoul,5,2546,아차산(어린이대공원후문),2023-07,21,14969.0,14894.0
seoul,5,2546,아차산(어린이대공원후문),2023-08,23,14197.565217391304,14336.0
seoul,5,2546,아차산(어린이대공원후문),2023-09,21,15191.714285714286,15962.0
seoul,5,2546,아차산(어린이대공원후문),2023-10,22,15643.681818181818,16142.5
seoul,5,2546,아차산(어린이대공원후문),2023-11,22,15742.363636363636,15806.5
seoul,5,2546,아차산(어린이대공원후문),2023-12,21,15322.42857142857,15683.0
seoul,5,2546,아차산(어린이대공원후문),2024-01,23,14429.869565217392,14624.0
seoul,5,2546,아차산(어린이대공원후문),2024-02,21,14544.857142857143,15201.0
seoul,5,2546,아차산(어린이대공원후문),2024-03,21,16350.0,16526.0
seoul,5,2546,아차산(어린이대공원후문),2024-04,22,17040.0,17149.5
seoul,5,2546,아차산(어린이대공원후문),2024-05,23,16884.347826086956,17386.0
seoul,5,2546,아차산(어린이대공원후문),2024-06,20,16232.35,16268.5
seoul,5,2546,아차산(어린이대공원후문),2024-07,23,15130.08695652174,15177.0
seoul,5,2546,아차산(어린이대공원후문),2024-08,22,14455.363636363636,14579.0
seoul,5,2546,아차산(어린이대공원후문),2024-09,21,14883.57142857143,16179.0
seoul,5,2546,아차산(어린이대공원후문),2024-10,23,16328.304347826086,16541.0
seoul,5,2546,아차산(어린이대공원후문),2024-11,21,16298.0,16199.0
seoul,5,2546,아차산(어린이대공원후문),2024-12,22,15742.681818181818,16025.0
seoul,5,2547,광나루(장신대),2022-07,21,13712.42857142857,13644.0
seoul,5,2547,광나루(장신대),2022-08,23,12883.434782608696,13213.0
seoul,5,2547,광나루(장신대),2022-09,22,14045.227272727272,14771.0
seoul,5,2547,광나루(장신대),2022-10,21,14560.47619047619,15312.0
seoul,5,2547,광나루(장신대),2022-11,22,14847.818181818182,14949.0
seoul,5,2547,광나루(장신대),2022-12,22,14689.545454545454,14804.5
seoul,5,2547,광나루(장신대),2023-01,22,13130.863636363636,14011.5
seoul,5,2547,광나루(장신대),2023-02,20,14750.35,14754.0
seoul,5,2547,광나루(장신대),2023-03,23,15380.217391304348,15546.0
seoul,5,2547,광나루(장신대),2023-04,20,15482.5,15522.0
seoul,5,2547,광나루(장신대),2023-05,23,15048.217391304348,15609.0
seoul,5,2547,광나루(장신대),2023-06,22,14538.045454545454,14901.0
seoul,5,2547,광나루(장신대),2023-07,21,14155.095238095239,13953.0
seoul,5,2547,광나루(장신대),2023-08,23,13419.95652173913,13812.0
seoul,5,2547,광나루(장신대),2023-09,21,14473.761904761905,15261.0
seoul,5,2547,광나루(장신대),2023-10,22,14884.727272727272,15704.5
seoul,5,2547,광나루(장신대),2023-11,22,15536.90909090909,15608.5
seoul,5,2547,광나루(장신대),2023-12,21,14736.285714285714,15272.0
seoul,5,2547,광나루(장신대),2024-01,23,13857.130434782608,14326.0
seoul,5,2547,광나루(장신대),2024-02,21,13786.714285714286,14373.0
seoul,5,2547,광나루(장신대),2024-03,21,15346.190476190477,15508.0
seoul,5,2547,광나루(장신대),2024-04,22,15529.90909090909,15648.0
seoul,5,2547,광나루(장신대),2024-05,23,15259.869565217392,15863.0
seoul,5,2547,광나루(장신대),2024-06,20,14809.95,15016.0
seoul,5,2547,광나루(장신대),2024-07,23,14176.0,14082.0
seoul,5,2547,광나루(장신대),2024-08,22,12004.772727272728,12055.5
seoul,5,2547,광나루(장신대),2024-09,21,11455.904761904761,12489.0
seoul,5,2547,광나루(장신대),2024-10,23,12422.304347826086,12771.0
seoul,5,2547,광나루(장신대),2024-11,21,13168.52380952381,13175.0
seoul,5,2547,광나루(장신대),2024-12,22,12413.636363636364,12786.0
seoul,5,2548,천호(풍납토성),2022-07,21,18934.428571428572,18754.0
seoul,5,2548,천호(풍납토성),2022-08,23,17692.521739130436,17911.0
seoul,5,2548,천호(풍납토성),2022-09,22,18434.363636363636,19120.0
seoul,5,2548,천호(풍납토성),2022-10,21,18693.95238095238,19277.0
seoul,5,2548,천호(풍납토성),2022-11,22,18753.18181818182,18786.0
seoul,5,2548,천호(풍납토성),2022-12,22,19455.363636363636,19535.5
seoul,5,2548,천호(풍납토성),2023-01,22,18221.863636363636,19090.5
seoul,5,2548,천호(풍납토성),2023-02,20,19957.8,19818.0
seoul,5,2548,천호(풍납토성),2023-03,23,19733.391304347828,19689.0
seoul,5,2548,천호(풍납토성),2023-04,20,19829.25,19740.5
seoul,5,2548,천호(풍납토성),2023-05,23,19507.391304347828,19973.0
seoul,5,2548,천호(풍납토성),2023-06,22,19551.909090909092,19697.5
seoul,5,2548,천호(풍납토성),2023-07,21,19707.666666666668,19924.0
seoul,5,2548,천호(풍납토성),2023-08,23,18793.695652173912,19179.0
seoul,5,2548,천호(풍납토성),2023-09,21,19052.238095238095,20073.0
seoul,5,2548,천호(풍납토성),2023-10,22,19422.31818181818,20111.0
seoul,5,2548,천호(풍납토성),2023-11,22,20103.0,20030.5
seoul,5,2548,천호(풍납토성),2023-12,21,20480.666666666668,20643.0
seoul,5,2548,천호(풍납토성),2024-01,23,19688.347826086956,20086.0
seoul,5,2548,천호(풍납토성),2024-02,21,19723.761904761905,20454.0
seoul,5,2548,천호(풍납토성),2024-03,21,20542.428571428572,20721.0
seoul,5,2548,천호(풍납토성),2024-04,22,20483.18181818182,20432.0
seoul,5,2548,천호(풍납토성),2024-05,23,20702.869565217392,21213.0
seoul,5,2548,천호(풍납토성),2024-06,20,20759.85,20901.5
seoul,5,2548,천호(풍납토성),2024-07,23,20287.304347826088,20419.0
seoul,5,2548,천호(풍납토성),2024-08,22,19557.31818181818,19615.5
seoul,5,2548,천호(풍납토성),2024-09,21,18757.52380952381,20381.0
seoul,5,2548,천호(풍납토성),2024-10,23,19989.130434782608,20631.0
seoul,5,2548,천호(풍납토성),2024-11,21,21098.52380952381,21000.0
seoul,5,2548,천호(풍납토성),2024-12,22,21347.045454545456,21462.0
seoul,5,2549,강동,2022-07,21,19413.333333333332,19436.0
seoul,5,2549,강동,2022-08,23,18072.782608695652,18699.0
seoul,5,2549,강동,2022-09,22,18718.954545454544,19858.0
seoul,5,2549,강동,2022-10,21,19273.0,20261.0
seoul,5,2549,강동,2022-11,22,19722.909090909092,19741.5
seoul,5,2549,강동,2022-12,22,19775.31818181818,19856.0
seoul,5,2549,강동,2023-01,22,18470.636363636364,19849.5
seoul,5,2549,강동,2023-02,20,20250.85,20317.0
seoul,5,2549,강동,2023-03,23,20159.260869565216,20577.0
seoul,5,2549,강동,2023-04,20,20434.3,20426.0
seoul,5,2549,강동,2023-05,23,19337.82608695652,20596.0
seoul,5,2549,강동,2023-06,22,19601.31818181818,20182.0
seoul,5,2549,강동,2023-07,21,19715.714285714286,19684.0
seoul,5,2549,강동,2023-08,23,18638.347826086956,19239.0
seoul,5,2549,강동,2023-09,21,18991.95238095238,20301.0
seoul,5,2549,강동,2023-10,22,18890.272727272728,20252.0
seoul,5,2549,강동,2023-11,22,20183.136363636364,20298.5
seoul,5,2549,강동,2023-12,21,19840.571428571428,20392.0
seoul,5,2549,강동,2024-01,23,19382.0,20038.0
seoul,5,2549,강동,2024-02,21,18931.95238095238,20199.0
seoul,5,2549,강동,2024-03,21,20243.238095238095,20659.0
seoul,5,2549,강동,2024-04,22,20172.954545454544,20601.5
seoul,5,2549,강동,2024-05,23,19603.869565217392,20798.0
seoul,5,2549,강동,2024-06,20,19970.45,20477.0
seoul,5,2549,강동,2024-07,23,19993.217391304348,20047.0
seoul,5,2549,강동,2024-08,22,19483.5,19999.0
seoul,5,2549,강동,2024-09,21,19125.095238095237,21216.0
seoul,5,2549,강동,2024-10,23,20048.260869565216,21242.0
seoul,5,2549,강동,2024-11,21,21319.238095238095,21285.0
seoul,5,2549,강동,2024-12,22,20584.590909090908,21200.0
seoul,5,2550,길동,2022-07,21,8394.57142857143,8349.0
seoul,5,2550,길동,2022-08,23,7817.086956521739,8038.0
seoul,5,2550,길동,2022-09,22,8147.590909090909,8499.5
seoul,5,2550,길동,2022-10,21,8216.238095238095,8550.0
seoul,5,2550,길동,2022-11,22,8262.681818181818,8287.5
seoul,5,2550,길동,2022-12,22,8520.40909090909,8471.5
seoul,5,2550,길동,2023-01,22,8005.0,8553.5
seoul,5,2550,길동,2023-02,20,8764.0,8734.0
seoul,5,2550,길동,2023-03,23,8712.739130434782,8801.0
seoul,5,2550,길동,2023-04,20,8878.3,8828.0
seoul,5,2550,길동,2023-05,23,8643.521739130434,9036.0
seoul,5,2550,길동,2023-06,22,8715.90909090909,8829.5
seoul,5,2550,길동,2023-07,21,8739.714285714286,8776.0
seoul,5,2550,길동,2023-08,23,8278.782608695652,8403.0
seoul,5,2550,길동,2023-09,21,8511.714285714286,8996.0
seoul,5,2550,길동,2023-10,22,8418.09090909091,8898.0
seoul,5,2550,길동,2023-11,22,8768.772727272728,8744.0
seoul,5,2550,길동,2023-12,21,8792.52380952381,8962.0
seoul,5,2550,길동,2024-01,23,8640.391304347826,8870.0
seoul,5,2550,길동,2024-02,21,8664.285714285714,9065.0
seoul,5,2550,길동,2024-03,21,9213.952380952382,9252.0
seoul,5,2550,길동,2024-04,22,9152.863636363636,9293.5
seoul,5,2550,길동,2024-05,23,9104.260869565218,9454.0
seoul,5,2550,길동,2024-06,20,9107.1,9217.0
seoul,5,2550,길동,2024-07,23,8974.91304347826,9016.0
seoul,5,2550,길동,2024-08,22,8696.772727272728,8824.5
seoul,5,2550,길동,2024-09,21,8570.904761904761,9371.0
seoul,5,2550,길동,2024-10,23,9099.869565217392,9521.0
seoul,5,2550,길동,2024-11,21,9654.714285714286,9639.0
seoul,5,2550,길동,2024-12,22,9492.045454545454,9617.5
seoul,5,2551,굽은다리(강동구민회관앞),2022-07,21,10193.666666666666,10196.0
seoul,5,2551,굽은다리(강동구민회관앞),2022-08,23,9305.478260869566,9595.0
seoul,5,2551,굽은다리(강동구민회관앞),2022-09,22,9773.636363636364,10264.5
seoul,5,2551,굽은다리(강동구민회관앞),2022-10,21,9809.57142857143,10300.0
seoul,5,2551,굽은다리(강동구민회관앞),2022-11,22,9920.454545454546,9945.5
seoul,5,2551,굽은다리(강동구민회관앞),2022-12,22,10367.363636363636,10328.0
seoul,5,2551,굽은다리(강동구민회관앞),2023-01,22,9497.40909090909,10021.0
seoul,5,2551,굽은다리(강동구민회관앞),2023-02,20,10340.35,10358.0
seoul,5,2551,굽은다리(강동구민회관앞),2023-03,23,10469.04347826087,10671.0
seoul,5,2551,굽은다리(강동구민회관앞),2023-04,20,10563.45,10586.0
seoul,5,2551,굽은다리(강동구민회관앞),2023-05,23,10067.478260869566,10535.0
seoul,5,2551,굽은다리(강동구민회관앞),2023-06,22,10282.09090909091,10466.5
seoul,5,2551,굽은다리(강동구민회관앞),2023-07,21,10288.761904761905,10228.0
seoul,5,2551,굽은다리(강동구민회관앞),2023-08,23,9834.91304347826,9961.0
seoul,5,2551,굽은다리(강동구민회관앞),2023-09,21,10114.952380952382,10745.0
seoul,5,2551,굽은다리(강동구민회관앞),2023-10,22,9944.181818181818,10497.5
seoul,5,2551,굽은다리(강동구민회관앞),2023-11,22,10456.5,10388.0
seoul,5,2551,굽은다리(강동구민회관앞),2023-12,21,10759.190476190477,10954.0
seoul,5,2551,굽은다리(강동구민회관앞),2024-01,23,10175.217391304348,10371.0
seoul,5,2551,굽은다리(강동구민회관앞),2024-02,21,10194.904761904761,10626.0
seoul,5,2551,굽은다리(강동구민회관앞),2024-03,21,10869.380952380952,10925.0
seoul,5,2551,굽은다리(강동구민회관앞),2024-04,22,10630.5,10733.0
seoul,5,2551,굽은다리(강동구민회관앞),2024-05,23,10633.304347826086,10993.0
seoul,5,2551,굽은다리(강동구민회관앞),2024-06,20,10711.45,10896.5
seoul,5,2551,굽은다리(강동구민회관앞),2024-07,23,10636.347826086956,10583.0
seoul,5,2551,굽은다리(강동구민회관앞),2024-08,22,10154.318181818182,10244.0
seoul,5,2551,굽은다리(강동구민회관앞),2024-09,21,9999.904761904761,10834.0
seoul,5,2551,굽은다리(강동구민회관앞),2024-10,23,10489.478260869566,10884.0
seoul,5,2551,굽은다리(강동구민회관앞),2024-11,21,10984.190476190477,10877.0
seoul,5,2551,굽은다리(강동구민회관앞),2024-12,22,11058.136363636364,11208.5
seoul,5,2552,명일,2022-07,21,9085.142857142857,9127.0
seoul,5,2552,명일,2022-08,23,8254.782608695652,8621.0
seoul,5,2552,명일,2022-09,22,8905.045454545454,9532.5
seoul,5,2552,명일,2022-10,21,9086.190476190477,9543.0
seoul,5,2552,명일,2022-11,22,9300.818181818182,9321.5
seoul,5,2552,명일,2022-12,22,9282.318181818182,9227.0
seoul,5,2552,명일,2023-01,22,8579.272727272728,9127.0
seoul,5,2552,명일,2023-02,20,9568.75,9568.0
seoul,5,2552,명일,2023-03,23,9883.782608695652,10039.0
seoul,5,2552,명일,2023-04,20,10010.0,10008.0
seoul,5,2552,명일,2023-05,23,9530.08695652174,10042.0
seoul,5,2552,명일,2023-06,22,9609.0,9930.0
seoul,5,2552,명일,2023-07,21,9425.42857142857,9337.0
seoul,5,2552,명일,2023-08,23,8828.478260869566,9132.0
seoul,5,2552,명일,2023-09,21,9467.619047619048,10104.0
seoul,5,2552,명일,2023-10,22,9428.136363636364,10024.0
seoul,5,2552,명일,2023-11,22,9933.363636363636,10006.5
seoul,5,2552,명일,2023-12,21,9769.047619047618,9946.0
seoul,5,2552,명일,2024-01,23,9293.130434782608,9558.0
seoul,5,2552,명일,2024-02,21,9276.285714285714,9803.0
seoul,5,2552,명일,2024-03,21,10131.142857142857,10314.0
seoul,5,2552,명일,2024-04,22,10070.90909090909,10245.5
seoul,5,2552,명일,2024-05,23,9876.304347826086,10409.0
seoul,5,2552,명일,2024-06,20,9830.15,10002.0
seoul,5,2552,명일,2024-07,23,9481.652173913044,9507.0
seoul,5,2552,명일,2024-08,22,8469.954545454546,8595.5
seoul,5,2552,명일,2024-09,21,8356.047619047618,9229.0
seoul,5,2552,명일,2024-10,23,8867.91304347826,9369.0
seoul,5,2552,명일,2024-11,21,9439.047619047618,9478.0
seoul,5,2552,명일,2024-12,22,9111.772727272728,9203.5
seoul,5,2553,고덕,2022-07,21,10324.095238095239,10389.0
seoul,5,2553,고덕,2022-08,23,9440.0,9817.0
seoul,5,2553,고덕,2022-09,22,10089.727272727272,10681.0
seoul,5,2553,고덕,2022-10,21,10360.0,10890.0
seoul,5,2553,고덕,2022-11,22,10569.181818181818,10649.5
seoul,5,2553,고덕,2022-12,22,10705.772727272728,10715.0
seoul,5,2553,고덕,2023-01,22,9520.863636363636,10242.0
seoul,5,2553,고덕,2023-02,20,10802.05,10780.0
seoul,5,2553,고덕,2023-03,23,11225.521739130434,11479.0
seoul,5,2553,고덕,2023-04,20,11350.9,11307.0
seoul,5,2553,고덕,2023-05,23,10872.782608695652,11473.0
seoul,5,2553,고덕,2023-06,22,10996.181818181818,11328.0
seoul,5,2553,고덕,2023-07,21,11002.190476190477,10926.0
seoul,5,2553,고덕,2023-08,23,10233.130434782608,10442.0
seoul,5,2553,고덕,2023-09,21,11009.857142857143,11773.0
seoul,5,2553,고덕,2023-10,22,11089.272727272728,11887.5
seoul,5,2553,고덕,2023-11,22,11824.181818181818,11865.5
seoul,5,2553,고덕,2023-12,21,11657.952380952382,11874.0
seoul,5,2553,고덕,2024-01,23,11085.782608695652,11388.0
seoul,5,2553,고덕,2024-02,21,11095.857142857143,11844.0
seoul,5,2553,고덕,2024-03,21,12130.047619047618,12373.0
seoul,5,2553,고덕,2024-04,22,12217.272727272728,12453.5
seoul,5,2553,고덕,2024-05,23,12078.739130434782,12774.0
seoul,5,2553,고덕,2024-06,20,12075.85,12323.0
seoul,5,2553,고덕,2024-07,23,12004.434782608696,11762.0
seoul,5,2553,고덕,2024-08,22,10889.0,10978.5
seoul,5,2553,고덕,2024-09,21,10819.095238095239,12047.0
seoul,5,2553,고덕,2024-10,23,11457.08695652174,12087.0
seoul,5,2553,고덕,2024-11,21,12246.761904761905,12142.0
seoul,5,2553,고덕,2024-12,22,11927.09090909091,12258.0
seoul,5,2554,상일동,2022-07,21,15803.190476190477,15940.0
seoul,5,2554,상일동,2022-08,23,14500.260869565218,14988.0
seoul,5,2554,상일동,2022-09,22,15306.954545454546,16329.5
seoul,5,2554,상일동,2022-10,21,15416.857142857143,16325.0
seoul,5,2554,상일동,2022-11,22,15659.363636363636,15778.5
seoul,5,2554,상일동,2022-12,22,15847.59090909091,15793.5
seoul,5,2554,상일동,2023-01,22,14623.227272727272,15701.0
seoul,5,2554,상일동,2023-02,20,16154.95,16188.0
seoul,5,2554,상일동,2023-03,23,16251.565217391304,16587.0
seoul,5,2554,상일동,2023-04,20,16543.0,16556.5
seoul,5,2554,상일동,2023-05,23,15774.173913043478,16790.0
seoul,5,2554,상일동,2023-06,22,16016.818181818182,16571.5
seoul,5,2554,상일동,2023-07,21,15954.904761904761,15918.0
seoul,5,2554,상일동,2023-08,23,14802.347826086956,15387.0
seoul,5,2554,상일동,2023-09,21,15518.761904761905,16551.0
seoul,5,2554,상일동,2023-10,22,15363.40909090909,16560.0
seoul,5,2554,상일동,2023-11,22,16412.863636363636,16450.0
seoul,5,2554,상일동,2023-12,21,16141.047619047618,16395.0
seoul,5,2554,상일동,2024-01,23,15633.173913043478,16223.0
seoul,5,2554,상일동,2024-02,21,15455.904761904761,16488.0
seoul,5,2554,상일동,2024-03,21,16759.04761904762,17069.0
seoul,5,2554,상일동,2024-04,22,16853.636363636364,17154.5
seoul,5,2554,상일동,2024-05,23,16428.08695652174,17395.0
seoul,5,2554,상일동,2024-06,20,16526.65,16993.0
seoul,5,2554,상일동,2024-07,23,16429.391304347828,16414.0
seoul,5,2554,상일동,2024-08,22,15143.863636363636,15473.5
seoul,5,2554,상일동,2024-09,21,15082.57142857143,16827.0
seoul,5,2554,상일동,2024-10,23,15922.739130434782,16989.0
seoul,5,2554,상일동,2024-11,21,17204.238095238095,17041.0
seoul,5,2554,상일동,2024-12,22,16522.545454545456,17096.5
seoul,5,2555,둔촌동,2022-07,21,8437.285714285714,8477.0
seoul,5,2555,둔촌동,2022-08,23,7855.130434782609,8126.0
seoul,5,2555,둔촌동,2022-09,22,8383.59090909091,8907.5
seoul,5,2555,둔촌동,2022-10,21,8614.142857142857,9028.0
seoul,5,2555,둔촌동,2022-11,22,8986.09090909091,9028.5
seoul,5,2555,둔촌동,2022-12,22,9206.181818181818,9111.5
seoul,5,2555,둔촌동,2023-01,22,8406.227272727272,9077.0
seoul,5,2555,둔촌동,2023-02,20,9373.3,9338.0
seoul,5,2555,둔촌동,2023-03,23,9725.304347826086,9864.0
seoul,5,2555,둔촌동,2023-04,20,9832.35,9800.0
seoul,5,2555,둔촌동,2023-05,23,9327.217391304348,9780.0
seoul,5,2555,둔촌동,2023-06,22,9395.363636363636,9606.0
seoul,5,2555,둔촌동,2023-07,21,9347.666666666666,9350.0
seoul,5,2555,둔촌동,2023-08,23,8777.0,8946.0
seoul,5,2555,둔촌동,2023-09,21,9148.47619047619,9709.0
seoul,5,2555,둔촌동,2023-10,22,9178.59090909091,9728.5
seoul,5,2555,둔촌동,2023-11,22,9683.40909090909,9720.5
seoul,5,2555,둔촌동,2023-12,21,9584.0,9805.0
seoul,5,2555,둔촌동,2024-01,23,9117.434782608696,9355.0
seoul,5,2555,둔촌동,2024-02,21,9091.666666666666,9678.0
seoul,5,2555,둔촌동,2024-03,21,9965.42857142857,10167.0
seoul,5,2555,둔촌동,2024-04,22,9976.09090909091,10071.5
seoul,5,2555,둔촌동,2024-05,23,9776.478260869566,10280.0
seoul,5,2555,둔촌동,2024-06,20,9848.1,10074.5
seoul,5,2555,둔촌동,2024-07,23,9611.434782608696,9601.0
seoul,5,2555,둔촌동,2024-08,22,8983.0,9068.0
seoul,5,2555,둔촌동,2024-09,21,8922.904761904761,9872.0
seoul,5,2555,둔촌동,2024-10,23,9600.782608695652,9892.0
seoul,5,2555,둔촌동,2024-11,21,10273.047619047618,10089.0
seoul,5,2555,둔촌동,2024-12,22,10845.272727272728,11053.0
seoul,5,2556,올림픽공원(한국체대),2022-07,21,4468.0,4435.0
seoul,5,2556,올림픽공원(한국체대),2022-08,23,4335.652173913043,4330.0
seoul,5,2556,올림픽공원(한국체대),2022-09,22,5136.545454545455,5137.0
seoul,5,2556,올림픽공원(한국체대),2022-10,21,5048.666666666667,5229.0
seoul,5,2556,올림픽공원(한국체대),2022-11,22,5019.954545454545,5043.0
seoul,5,2556,올림픽공원(한국체대),2022-12,22,4980.545454545455,4826.5
seoul,5,2556,올림픽공원(한국체대),2023-01,22,4158.818181818182,4361.0
seoul,5,2556,올림픽공원(한국체대),2023-02,20,4707.1,4631.5
seoul,5,2556,올림픽공원(한국체대),2023-03,23,5527.95652173913,5346.0
seoul,5,2556,올림픽공원(한국체대),2023-04,20,5326.5,5371.5
seoul,5,2556,올림픽공원(한국체대),2023-05,23,5383.95652173913,5406.0
seoul,5,2556,올림픽공원(한국체대),2023-06,22,5308.772727272727,5226.5
seoul,5,2556,올림픽공원(한국체대),2023-07,21,4891.809523809524,4807.0
seoul,5,2556,올림픽공원(한국체대),2023-08,23,4804.521739130435,4575.0
seoul,5,2556,올림픽공원(한국체대),2023-09,21,5026.285714285715,5325.0
seoul,5,2556,올림픽공원(한국체대),2023-10,22,5876.136363636364,5570.0
seoul,5,2556,올림픽공원(한국체대),2023-11,22,5644.045454545455,5289.5
seoul,5,2556,올림픽공원(한국체대),2023-12,21,5286.142857142857,5038.0
seoul,5,2556,올림픽공원(한국체대),2024-01,23,4532.608695652174,4625.0
seoul,5,2556,올림픽공원(한국체대),2024-02,21,4482.857142857143,4572.0
seoul,5,2556,올림픽공원(한국체대),2024-03,21,5435.190476190476,5386.0
seoul,5,2556,올림픽공원(한국체대),2024-04,22,5485.363636363636,5541.0
seoul,5,2556,올림픽공원(한국체대),2024-05,23,6632.608695652174,6709.0
seoul,5,2556,올림픽공원(한국체대),2024-06,20,6431.85,6509.0
seoul,5,2556,올림픽공원(한국체대),2024-07,23,6146.826086956522,5783.0
seoul,5,2556,올림픽공원(한국체대),2024-08,22,5114.454545454545,5004.0
seoul,5,2556,올림픽공원(한국체대),2024-09,21,5422.142857142857,5700.0
seoul,5,2556,올림픽공원(한국체대),2024-10,23,5453.0,5547.0
seoul,5,2556,올림픽공원(한국체대),2024-11,21,5824.238095238095,5502.0
seoul,5,2556,올림픽공원(한국체대),2024-12,22,5361.681818181818,5242.0
seoul,5,2557,방이,2022-07,21,7387.333333333333,7429.0
seoul,5,2557,방이,2022-08,23,6872.913043478261,7071.0
seoul,5,2557,방이,2022-09,22,7291.272727272727,7737.5
seoul,5,2557,방이,2022-10,21,7373.428571428572,7754.0
seoul,5,2557,방이,2022-11,22,7454.909090909091,7521.5
seoul,5,2557,방이,2022-12,22,7703.454545454545,7711.5
seoul,5,2557,방이,2023-01,22,7259.363636363636,7743.5
seoul,5,2557,방이,2023-02,20,7960.3,7970.5
seoul,5,2557,방이,2023-03,23,7904.217391304348,8055.0
seoul,5,2557,방이,2023-04,20,8012.25,8019.0
seoul,5,2557,방이,2023-05,23,7530.565217391304,7941.0
seoul,5,2557,방이,2023-06,22,7670.636363636364,7877.0
seoul,5,2557,방이,2023-07,21,7790.857142857143,7842.0
seoul,5,2557,방이,2023-08,23,7327.04347826087,7556.0
seoul,5,2557,방이,2023-09,21,7529.619047619048,8095.0
seoul,5,2557,방이,2023-10,22,7518.590909090909,7967.0
seoul,5,2557,방이,2023-11,22,8064.409090909091,8026.0
seoul,5,2557,방이,2023-12,21,7951.761904761905,8196.0
seoul,5,2557,방이,2024-01,23,7905.434782608696,8223.0
seoul,5,2557,방이,2024-02,21,7634.9047619047615,8140.0
seoul,5,2557,방이,2024-03,21,8255.52380952381,8408.0
seoul,5,2557,방이,2024-04,22,8111.5,8275.5
seoul,5,2557,방이,2024-05,23,7870.608695652174,8265.0
seoul,5,2557,방이,2024-06,20,7957.75,8156.0
seoul,5,2557,방이,2024-07,23,7869.739130434783,7890.0
seoul,5,2557,방이,2024-08,22,7413.363636363636,7541.5
seoul,5,2557,방이,2024-09,21,7337.476190476191,8092.0
seoul,5,2557,방이,2024-10,23,7709.304347826087,8121.0
seoul,5,2557,방이,2024-11,21,8364.095238095239,8312.0
seoul,5,2557,방이,2024-12,22,7983.363636363636,8232.0
seoul,5,2558,오금,2022-07,21,3907.5714285714284,3944.0
seoul,5,2558,오금,2022-08,23,3582.0,3735.0
seoul,5,2558,오금,2022-09,22,3855.3636363636365,4163.0
seoul,5,2558,오금,2022-10,21,3892.095238095238,4138.0
seoul,5,2558,오금,2022-11,22,4021.5,4020.0
seoul,5,2558,오금,2022-12,22,4023.181818181818,4016.5
seoul,5,2558,오금,2023-01,22,3502.6363636363635,3755.0
seoul,5,2558,오금,2023-02,20,3925.25,3934.5
seoul,5,2558,오금,2023-03,23,4115.95652173913,4218.0
seoul,5,2558,오금,2023-04,20,4193.05,4196.5
seoul,5,2558,오금,2023-05,23,3986.304347826087,4291.0
seoul,5,2558,오금,2023-06,22,4079.090909090909,4239.0
seoul,5,2558,오금,2023-07,21,3996.7619047619046,4034.0
seoul,5,2558,오금,2023-08,23,3752.7391304347825,3948.0
seoul,5,2558,오금,2023-09,21,3949.5714285714284,4259.0
seoul,5,2558,오금,2023-10,22,3922.681818181818,4265.5
seoul,5,2558,오금,2023-11,22,4262.636363636364,4241.5
seoul,5,2558,오금,2023-12,21,4084.5238095238096,4222.0
seoul,5,2558,오금,2024-01,23,3880.695652173913,4014.0
seoul,5,2558,오금,2024-02,21,3738.7619047619046,4016.0
seoul,5,2558,오금,2024-03,21,4300.190476190476,4376.0
seoul,5,2558,오금,2024-04,22,4274.5,4378.5
seoul,5,2558,오금,2024-05,23,4064.8695652173915,4350.0
seoul,5,2558,오금,2024-06,20,4146.8,4290.5
seoul,5,2558,오금,2024-07,23,4063.9565217391305,4093.0
seoul,5,2558,오금,2024-08,22,3789.7272727272725,3798.0
seoul,5,2558,오금,2024-09,21,3819.5714285714284,4281.0
seoul,5,2558,오금,2024-10,23,4045.3478260869565,4353.0
seoul,5,2558,오금,2024-11,21,4388.190476190476,4382.0
seoul,5,2558,오금,2024-12,22,4157.772727272727,4274.0
seoul,5,2559,개롱,2022-07,21,6906.0952380952385,6957.0
seoul,5,2559,개롱,2022-08,23,6258.695652173913,6398.0
seoul,5,2559,개롱,2022-09,22,6698.818181818182,7199.0
seoul,5,2559,개롱,2022-10,21,6794.714285714285,7224.0
seoul,5,2559,개롱,2022-11,22,6920.636363636364,6922.5
seoul,5,2559,개롱,2022-12,22,6909.090909090909,6868.5
seoul,5,2559,개롱,2023-01,22,6193.090909090909,6648.5
seoul,5,2559,개롱,2023-02,20,7049.85,7061.0
seoul,5,2559,개롱,2023-03,23,7313.0,7458.0
seoul,5,2559,개롱,2023-04,20,7450.25,7457.5
seoul,5,2559,개롱,2023-05,23,7018.95652173913,7420.0
seoul,5,2559,개롱,2023-06,22,7123.181818181818,7320.0
seoul,5,2559,개롱,2023-07,21,7123.0,7186.0
seoul,5,2559,개롱,2023-08,23,6593.826086956522,6791.0
seoul,5,2559,개롱,2023-09,21,6980.380952380952,7399.0
seoul,5,2559,개롱,2023-10,22,6955.136363636364,7459.5
seoul,5,2559,개롱,2023-11,22,7406.727272727273,7382.0
seoul,5,2559,개롱,2023-12,21,7221.238095238095,7466.0
seoul,5,2559,개롱,2024-01,23,6742.434782608696,7011.0
seoul,5,2559,개롱,2024-02,21,6717.190476190476,7188.0
seoul,5,2559,개롱,2024-03,21,7559.9047619047615,7630.0
seoul,5,2559,개롱,2024-04,22,7473.954545454545,7643.5
seoul,5,2559,개롱,2024-05,23,7243.782608695652,7727.0
seoul,5,2559,개롱,2024-06,20,7326.1,7496.5
seoul,5,2559,개롱,2024-07,23,7234.304347826087,7318.0
seoul,5,2559,개롱,2024-08,22,6756.636363636364,6884.5
seoul,5,2559,개롱,2024-09,21,6730.714285714285,7460.0
seoul,5,2559,개롱,2024-10,23,7098.130434782609,7508.0
seoul,5,2559,개롱,2024-11,21,7750.9047619047615,7672.0
seoul,5,2559,개롱,2024-12,22,7405.136363636364,7614.5
seoul,5,2560,거여,2022-07,21,10700.047619047618,10881.0
seoul,5,2560,거여,2022-08,23,9782.0,10206.0
seoul,5,2560,거여,2022-09,22,10592.318181818182,11358.0
seoul,5,2560,거여,2022-10,21,10628.380952380952,11355.0
seoul,5,2560,거여,2022-11,22,10796.727272727272,10993.0
seoul,5,2560,거여,2022-12,22,11000.454545454546,10976.5
seoul,5,2560,거여,2023-01,22,10006.59090909091,10784.0
seoul,5,2560,거여,2023-02,20,11052.0,11037.5
seoul,5,2560,거여,2023-03,23,11541.130434782608,11809.0
seoul,5,2560,거여,2023-04,20,11786.35,11749.5
seoul,5,2560,거여,2023-05,23,11113.95652173913,11898.0
seoul,5,2560,거여,2023-06,22,11190.09090909091,11533.0
seoul,5,2560,거여,2023-07,21,10988.714285714286,11047.0
seoul,5,2560,거여,2023-08,23,10269.565217391304,10635.0
seoul,5,2560,거여,2023-09,21,10930.047619047618,11719.0
seoul,5,2560,거여,2023-10,22,10831.772727272728,11739.5
seoul,5,2560,거여,2023-11,22,11502.272727272728,11542.0
seoul,5,2560,거여,2023-12,21,11143.952380952382,11564.0
seoul,5,2560,거여,2024-01,23,10604.478260869566,11054.0
seoul,5,2560,거여,2024-02,21,10378.619047619048,11114.0
seoul,5,2560,거여,2024-03,21,11631.0,11873.0
seoul,5,2560,거여,2024-04,22,11563.0,11861.5
seoul,5,2560,거여,2024-05,23,11275.130434782608,11932.0
seoul,5,2560,거여,2024-06,20,11360.65,11613.0
seoul,5,2560,거여,2024-07,23,11023.826086956522,11055.0
seoul,5,2560,거여,2024-08,22,10360.954545454546,10616.0
seoul,5,2560,거여,2024-09,21,10489.809523809523,11626.0
seoul,5,2560,거여,2024-10,23,10948.434782608696,11750.0
seoul,5,2560,거여,2024-11,21,11833.42857142857,11741.0
seoul,5,2560,거여,2024-12,22,11311.318181818182,11731.0
seoul,5,2561,마천,2022-07,21,7622.428571428572,7695.0
seoul,5,2561,마천,2022-08,23,6971.913043478261,7220.0
seoul,5,2561,마천,2022-09,22,7592.0,8109.5
seoul,5,2561,마천,2022-10,21,7803.523809523809,8283.0
seoul,5,2561,마천,2022-11,22,7999.318181818182,8027.0
seoul,5,2561,마천,2022-12,22,7936.363636363636,7978.0
seoul,5,2561,마천,2023-01,22,7270.909090909091,7770.0
seoul,5,2561,마천,2023-02,20,8135.5,8153.0
seoul,5,2561,마천,2023-03,23,8572.0,8784.0
seoul,5,2561,마천,2023-04,20,8709.25,8782.0
seoul,5,2561,마천,2023-05,23,8202.739130434782,8711.0
seoul,5,2561,마천,2023-06,22,8291.5,8605.5
seoul,5,2561,마천,2023-07,21,8028.380952380952,8127.0
seoul,5,2561,마천,2023-08,23,7469.739130434783,7838.0
seoul,5,2561,마천,2023-09,21,8060.857142857143,8575.0
seoul,5,2561,마천,2023-10,22,8163.909090909091,8790.5
seoul,5,2561,마천,2023-11,22,8575.954545454546,8598.0
seoul,5,2561,마천,2023-12,21,8246.761904761905,8614.0
seoul,5,2561,마천,2024-01,23,7826.434782608696,8115.0
seoul,5,2561,마천,2024-02,21,7615.809523809524,8106.0
seoul,5,2561,마천,2024-03,21,8586.47619047619,8704.0
seoul,5,2561,마천,2024-04,22,8642.40909090909,8821.0
seoul,5,2561,마천,2024-05,23,8386.782608695652,8879.0
seoul,5,2561,마천,2024-06,20,8426.75,8623.0
seoul,5,2561,마천,2024-07,23,8168.434782608696,8108.0
seoul,5,2561,마천,2024-08,22,7561.545454545455,7739.0
seoul,5,2561,마천,2024-09,21,7738.952380952381,8609.0
seoul,5,2561,마천,2024-10,23,8116.04347826087,8645.0
seoul,5,2561,마천,2024-11,21,8620.238095238095,8605.0
seoul,5,2561,마천,2024-12,22,8062.136363636364,8372.0
seoul,5,2562,강일,2022-07,21,4671.380952380952,4682.0
seoul,5,2562,강일,2022-08,23,4394.521739130435,4576.0
seoul,5,2562,강일,2022-09,22,4995.272727272727,5280.0
seoul,5,2562,강일,2022-10,21,5285.428571428572,5535.0
seoul,5,2562,강일,2022-11,22,5406.545454545455,5464.0
seoul,5,2562,강일,2022-12,22,5535.136363636364,5535.0
seoul,5,2562,강일,2023-01,22,5170.954545454545,5558.5
seoul,5,2562,강일,2023-02,20,5822.65,5779.5
seoul,5,2562,강일,2023-03,23,6046.521739130435,6158.0
seoul,5,2562,강일,2023-04,20,6191.0,6211.5
seoul,5,2562,강일,2023-05,23,5991.869565217391,6332.0
seoul,5,2562,강일,2023-06,22,5959.5,6157.5
seoul,5,2562,강일,2023-07,21,5911.857142857143,5918.0
seoul,5,2562,강일,2023-08,23,5641.304347826087,5814.0
seoul,5,2562,강일,2023-09,21,6101.0952380952385,6477.0
seoul,5,2562,강일,2023-10,22,6263.227272727273,6653.0
seoul,5,2562,강일,2023-11,22,6436.136363636364,6462.5
seoul,5,2562,강일,2023-12,21,6282.666666666667,6379.0
seoul,5,2562,강일,2024-01,23,5960.217391304348,6165.0
seoul,5,2562,강일,2024-02,21,5965.190476190476,6284.0
seoul,5,2562,강일,2024-03,21,6728.666666666667,6807.0
seoul,5,2562,강일,2024-04,22,6932.0,7081.5
seoul,5,2562,강일,2024-05,23,6861.869565217391,7244.0
seoul,5,2562,강일,2024-06,20,6810.2,6937.0
seoul,5,2562,강일,2024-07,23,6563.217391304348,6540.0
seoul,5,2562,강일,2024-08,22,6047.363636363636,6116.0
seoul,5,2562,강일,2024-09,21,6186.571428571428,6791.0
seoul,5,2562,강일,2024-10,23,6681.260869565217,7022.0
seoul,5,2562,강일,2024-11,21,7141.190476190476,7147.0
seoul,5,2562,강일,2024-12,22,6806.863636363636,6943.0
seoul,5,2563,미사,2022-07,21,17062.238095238095,17137.0
seoul,5,2563,미사,2022-08,23,15918.478260869566,16247.0
seoul,5,2563,미사,2022-09,22,16974.363636363636,17991.0
seoul,5,2563,미사,2022-10,21,17468.714285714286,18352.0
seoul,5,2563,미사,2022-11,22,17572.863636363636,17576.0
seoul,5,2563,미사,2022-12,22,17783.0,17637.0
seoul,5,2563,미사,2023-01,22,16928.545454545456,17920.0
seoul,5,2563,미사,2023-02,20,18709.45,18811.5
seoul,5,2563,미사,2023-03,23,18710.434782608696,19111.0
seoul,5,2563,미사,2023-04,20,18933.0,18926.5
seoul,5,2563,미사,2023-05,23,18219.304347826088,19010.0
seoul,5,2563,미사,2023-06,22,18469.863636363636,19087.5
seoul,5,2563,미사,2023-07,21,18307.761904761905,18182.0
seoul,5,2563,미사,2023-08,23,17261.91304347826,17417.0
seoul,5,2563,미사,2023-09,21,17977.85714285714,18896.0
seoul,5,2563,미사,2023-10,22,18443.31818181818,19299.5
seoul,5,2563,미사,2023-11,22,19127.954545454544,19107.0
seoul,5,2563,미사,2023-12,21,18932.95238095238,19272.0
seoul,5,2563,미사,2024-01,23,18374.260869565216,18744.0
seoul,5,2563,미사,2024-02,21,18463.619047619046,19257.0
seoul,5,2563,미사,2024-03,21,19391.095238095237,19847.0
seoul,5,2563,미사,2024-04,22,19679.545454545456,19937.5
seoul,5,2563,미사,2024-05,23,19495.956521739132,20199.0
seoul,5,2563,미사,2024-06,20,19480.9,19797.0
seoul,5,2563,미사,2024-07,23,19144.08695652174,19000.0
seoul,5,2563,미사,2024-08,22,18157.18181818182,18388.5
seoul,5,2563,미사,2024-09,21,17823.571428571428,19495.0
seoul,5,2563,미사,2024-10,23,19282.08695652174,20055.0
seoul,5,2563,미사,2024-11,21,20298.0,20298.0
seoul,5,2563,미사,2024-12,22,19958.81818181818,20188.0
seoul,5,2564,하남풍산,2022-07,21,4456.190476190476,4532.0
seoul,5,2564,하남풍산,2022-08,23,4083.3478260869565,4202.0
seoul,5,2564,하남풍산,2022-09,22,4366.5,4624.5
seoul,5,2564,하남풍산,2022-10,21,4381.571428571428,4609.0
seoul,5,2564,하남풍산,2022-11,22,4464.0,4466.5
seoul,5,2564,하남풍산,2022-12,22,4586.954545454545,4527.0
seoul,5,2564,하남풍산,2023-01,22,4309.272727272727,4570.5
seoul,5,2564,하남풍산,2023-02,20,4755.35,4749.5
seoul,5,2564,하남풍산,2023-03,23,4837.913043478261,4917.0
seoul,5,2564,하남풍산,2023-04,20,4907.35,4884.5
seoul,5,2564,하남풍산,2023-05,23,4664.652173913043,4948.0
seoul,5,2564,하남풍산,2023-06,22,4735.318181818182,4874.5
seoul,5,2564,하남풍산,2023-07,21,4675.714285714285,4676.0
seoul,5,2564,하남풍산,2023-08,23,4399.478260869565,4464.0
seoul,5,2564,하남풍산,2023-09,21,4688.619047619048,5018.0
seoul,5,2564,하남풍산,2023-10,22,4742.136363636364,5029.5
seoul,5,2564,하남풍산,2023-11,22,4926.590909090909,4924.5
seoul,5,2564,하남풍산,2023-12,21,4922.476190476191,5018.0
seoul,5,2564,하남풍산,2024-01,23,4696.04347826087,4842.0
seoul,5,2564,하남풍산,2024-02,21,4673.523809523809,4969.0
seoul,5,2564,하남풍산,2024-03,21,4980.190476190476,5086.0
seoul,5,2564,하남풍산,2024-04,22,5019.818181818182,5123.0
seoul,5,2564,하남풍산,2024-05,23,4914.521739130435,5165.0
seoul,5,2564,하남풍산,2024-06,20,4986.7,5085.0
seoul,5,2564,하남풍산,2024-07,23,4873.173913043478,4833.0
seoul,5,2564,하남풍산,2024-08,22,4592.727272727273,4656.5
seoul,5,2564,하남풍산,2024-09,21,4571.952380952381,5039.0
seoul,5,2564,하남풍산,2024-10,23,4807.869565217391,5051.0
seoul,5,2564,하남풍산,2024-11,21,5219.142857142857,5217.0
seoul,5,2564,하남풍산,2024-12,22,5104.818181818182,5220.5
seoul,5,2565,하남시청(덕풍·신장),2022-07,21,7331.0952380952385,7374.0
seoul,5,2565,하남시청(덕풍·신장),2022-08,23,6730.086956521739,6862.0
seoul,5,2565,하남시청(덕풍·신장),2022-09,22,7467.0,7889.0
seoul,5,2565,하남시청(덕풍·신장),2022-10,21,7648.238095238095,7937.0
seoul,5,2565,하남시청(덕풍·신장),2022-11,22,7715.272727272727,7748.0
seoul,5,2565,하남시청(덕풍·신장),2022-12,22,7747.5,7733.0
seoul,5,2565,하남시청(덕풍·신장),2023-01,22,7303.318181818182,7756.5
seoul,5,2565,하남시청(덕풍·신장),2023-02,20,8206.9,8164.0
seoul,5,2565,하남시청(덕풍·신장),2023-03,23,8567.869565217392,8640.0
seoul,5,2565,하남시청(덕풍·신장),2023-04,20,8640.45,8643.5
seoul,5,2565,하남시청(덕풍·신장),2023-05,23,8458.434782608696,8760.0
seoul,5,2565,하남시청(덕풍·신장),2023-06,22,8372.772727272728,8601.0
seoul,5,2565,하남시청(덕풍·신장),2023-07,21,8122.9047619047615,8118.0
seoul,5,2565,하남시청(덕풍·신장),2023-08,23,7679.260869565217,7892.0
seoul,5,2565,하남시청(덕풍·신장),2023-09,21,8242.42857142857,8687.0
seoul,5,2565,하남시청(덕풍·신장),2023-10,22,8549.727272727272,9005.5
seoul,5,2565,하남시청(덕풍·신장),2023-11,22,8602.954545454546,8798.0
seoul,5,2565,하남시청(덕풍·신장),2023-12,21,8670.333333333334,8845.0
seoul,5,2565,하남시청(덕풍·신장),2024-01,23,8330.91304347826,8522.0
seoul,5,2565,하남시청(덕풍·신장),2024-02,21,8364.333333333334,8714.0
seoul,5,2565,하남시청(덕풍·신장),2024-03,21,9123.57142857143,9309.0
seoul,5,2565,하남시청(덕풍·신장),2024-04,22,9276.5,9406.5
seoul,5,2565,하남시청(덕풍·신장),2024-05,23,9338.217391304348,9706.0
seoul,5,2565,하남시청(덕풍·신장),2024-06,20,9329.5,9439.5
seoul,5,2565,하남시청(덕풍·신장),2024-07,23,8916.695652173914,8922.0
seoul,5,2565,하남시청(덕풍·신장),2024-08,22,8372.09090909091,8437.0
seoul,5,2565,하남시청(덕풍·신장),2024-09,21,8571.190476190477,9197.0
seoul,5,2565,하남시청(덕풍·신장),2024-10,23,9101.347826086956,9482.0
seoul,5,2565,하남시청(덕풍·신장),2024-11,21,9605.952380952382,9683.0
seoul,5,2565,하남시청(덕풍·신장),2024-12,22,9356.136363636364,9541.0
seoul,5,2566,하남검단산,2022-07,21,6174.9047619047615,6160.0
seoul,5,2566,하남검단산,2022-08,23,5729.347826086957,5931.0
seoul,5,2566,하남검단산,2022-09,22,6230.681818181818,6420.5
seoul,5,2566,하남검단산,2022-10,21,6339.952380952381,6471.0
seoul,5,2566,하남검단산,2022-11,22,6307.909090909091,6303.0
seoul,5,2566,하남검단산,2022-12,22,6599.727272727273,6630.5
seoul,5,2566,하남검단산,2023-01,22,6154.590909090909,6378.5
seoul,5,2566,하남검단산,2023-02,20,6714.45,6706.5
seoul,5,2566,하남검단산,2023-03,23,6900.652173913043,6915.0
seoul,5,2566,하남검단산,2023-04,20,6875.35,6829.0
seoul,5,2566,하남검단산,2023-05,23,6856.608695652174,6922.0
seoul,5,2566,하남검단산,2023-06,22,6814.772727272727,6860.0
seoul,5,2566,하남검단산,2023-07,21,6696.9047619047615,6600.0
seoul,5,2566,하남검단산,2023-08,23,6410.565217391304,6427.0
seoul,5,2566,하남검단산,2023-09,21,6639.333333333333,6906.0
seoul,5,2566,하남검단산,2023-10,22,6888.454545454545,6983.5
seoul,5,2566,하남검단산,2023-11,22,6976.136363636364,7017.5
seoul,5,2566,하남검단산,2023-12,21,7136.952380952381,7198.0
seoul,5,2566,하남검단산,2024-01,23,6649.260869565217,6796.0
seoul,5,2566,하남검단산,2024-02,21,6702.523809523809,6859.0
seoul,5,2566,하남검단산,2024-03,21,7070.142857142857,7086.0
seoul,5,2566,하남검단산,2024-04,22,7221.681818181818,7190.0
seoul,5,2566,하남검단산,2024-05,23,7322.130434782609,7444.0
seoul,5,2566,하남검단산,2024-06,20,7186.4,7226.5
seoul,5,2566,하남검단산,2024-07,23,6956.086956521739,6916.0
seoul,5,2566,하남검단산,2024-08,22,6716.545454545455,6707.0
seoul,5,2566,하남검단산,2024-09,21,6630.333333333333,7043.0
seoul,5,2566,하남검단산,2024-10,23,7078.173913043478,7211.0
seoul,5,2566,하남검단산,2024-11,21,7242.666666666667,7218.0
seoul,5,2566,하남검단산,2024-12,22,7230.454545454545,7152.0
seoul,6,2611,응암,2022-07,21,18128.238095238095,18142.0
seoul,6,2611,응암,2022-08,23,16790.956521739132,17271.0
seoul,6,2611,응암,2022-09,22,17982.909090909092,19075.0
seoul,6,2611,응암,2022-10,21,18377.380952380954,19391.0
seoul,6,2611,응암,2022-11,22,18876.136363636364,19021.5
seoul,6,2611,응암,2022-12,22,18738.0,18750.0
seoul,6,2611,응암,2023-01,22,17346.0,18422.0
seoul,6,2611,응암,2023-02,20,18984.3,19017.5
seoul,6,2611,응암,2023-03,23,19439.956521739132,19707.0
seoul,6,2611,응암,2023-04,20,19667.85,19753.0
seoul,6,2611,응암,2023-05,23,18826.521739130436,19836.0
seoul,6,2611,응암,2023-06,22,18899.772727272728,19352.0
seoul,6,2611,응암,2023-07,21,18608.571428571428,18611.0
seoul,6,2611,응암,2023-08,23,17654.130434782608,17889.0
seoul,6,2611,응암,2023-09,21,18625.285714285714,19746.0
seoul,6,2611,응암,2023-10,22,18653.772727272728,19787.5
seoul,6,2611,응암,2023-11,22,19523.272727272728,19623.0
seoul,6,2611,응암,2023-12,21,19045.333333333332,19427.0
seoul,6,2611,응암,2024-01,23,18207.739130434784,18747.0
seoul,6,2611,응암,2024-02,21,18110.380952380954,19107.0
seoul,6,2611,응암,2024-03,21,19765.761904761905,19848.0
seoul,6,2611,응암,2024-04,22,20110.727272727272,20334.5
seoul,6,2611,응암,2024-05,23,19270.565217391304,20242.0
seoul,6,2611,응암,2024-06,20,19517.5,19846.5
seoul,6,2611,응암,2024-07,23,18856.347826086956,18850.0
seoul,6,2611,응암,2024-08,22,17860.409090909092,18080.5
seoul,6,2611,응암,2024-09,21,18202.285714285714,20052.0
seoul,6,2611,응암,2024-10,23,19114.869565217392,20001.0
seoul,6,2611,응암,2024-11,21,20103.14285714286,20093.0
seoul,6,2611,응암,2024-12,22,19477.409090909092,19889.0
seoul,6,2612,역촌,2022-07,21,4010.809523809524,4013.0
seoul,6,2612,역촌,2022-08,23,3751.0,3857.0
seoul,6,2612,역촌,2022-09,22,3879.318181818182,4067.5
seoul,6,2612,역촌,2022-10,21,3912.809523809524,4099.0
seoul,6,2612,역촌,2022-11,22,4013.7727272727275,4027.0
seoul,6,2612,역촌,2022-12,22,3998.4545454545455,4008.0
seoul,6,2612,역촌,2023-01,22,3710.318181818182,3918.0
seoul,6,2612,역촌,2023-02,20,4016.75,4019.0
seoul,6,2612,역촌,2023-03,23,4064.9565217391305,4135.0
seoul,6,2612,역촌,2023-04,20,4177.15,4173.5
seoul,6,2612,역촌,2023-05,23,4030.1739130434785,4253.0
seoul,6,2612,역촌,2023-06,22,4109.363636363636,4215.0
seoul,6,2612,역촌,2023-07,21,4203.571428571428,4179.0
seoul,6,2612,역촌,2023-08,23,4068.913043478261,4170.0
seoul,6,2612,역촌,2023-09,21,4124.238095238095,4378.0
seoul,6,2612,역촌,2023-10,22,4063.818181818182,4295.5
seoul,6,2612,역촌,2023-11,22,4235.045454545455,4247.5
seoul,6,2612,역촌,2023-12,21,4089.5238095238096,4146.0
seoul,6,2612,역촌,2024-01,23,3945.1304347826085,4064.0
seoul,6,2612,역촌,2024-02,21,3893.6190476190477,4115.0
seoul,6,2612,역촌,2024-03,21,4198.809523809524,4206.0
seoul,6,2612,역촌,2024-04,22,4175.181818181818,4257.5
seoul,6,2612,역촌,2024-05,23,4152.869565217391,4376.0
seoul,6,2612,역촌,2024-06,20,4196.0,4268.0
seoul,6,2612,역촌,2024-07,23,4146.04347826087,4158.0
seoul,6,2612,역촌,2024-08,22,4018.181818181818,4073.5
seoul,6,2612,역촌,2024-09,21,3957.5714285714284,4331.0
seoul,6,2612,역촌,2024-10,23,4031.1304347826085,4210.0
seoul,6,2612,역촌,2024-11,21,4193.238095238095,4175.0
seoul,6,2612,역촌,2024-12,22,4030.0,4118.5
seoul,6,2613,불광,2022-07,21,4645.571428571428,4606.0
seoul,6,2613,불광,2022-08,23,4371.04347826087,4415.0
seoul,6,2613,불광,2022-09,22,4457.727272727273,4632.0
seoul,6,2613,불광,2022-10,21,4506.238095238095,4630.0
seoul,6,2613,불광,2022-11,22,4533.909090909091,4508.0
seoul,6,2613,불광,2022-12,22,4621.272727272727,4597.5
seoul,6,2613,불광,2023-01,22,4347.136363636364,4551.0
seoul,6,2613,불광,2023-02,20,4796.2,4796.0
seoul,6,2613,불광,2023-03,23,4853.304347826087,4887.0
seoul,6,2613,불광,2023-04,20,4895.85,4860.5
seoul,6,2613,불광,2023-05,23,4777.347826086957,4925.0
seoul,6,2613,불광,2023-06,22,4876.727272727273,4915.5
seoul,6,2613,불광,2023-07,21,4962.857142857143,4988.0
seoul,6,2613,불광,2023-08,23,4800.04347826087,4849.0
seoul,6,2613,불광,2023-09,21,4772.523809523809,4976.0
seoul,6,2613,불광,2023-10,22,4802.772727272727,4978.5
seoul,6,2613,불광,2023-11,22,4972.909090909091,4974.5
seoul,6,2613,불광,2023-12,21,4867.857142857143,4978.0
seoul,6,2613,불광,2024-01,23,4663.478260869565,4758.0
seoul,6,2613,불광,2024-02,21,4800.238095238095,4967.0
seoul,6,2613,불광,2024-03,21,5032.333333333333,5019.0
seoul,6,2613,불광,2024-04,22,5112.409090909091,5153.0
seoul,6,2613,불광,2024-05,23,5017.130434782609,5154.0
seoul,6,2613,불광,2024-06,20,5135.05,5179.0
seoul,6,2613,불광,2024-07,23,5152.608695652174,5202.0
seoul,6,2613,불광,2024-08,22,5073.272727272727,5108.0
seoul,6,2613,불광,2024-09,21,4861.714285714285,5174.0
seoul,6,2613,불광,2024-10,23,5046.347826086957,5122.0
seoul,6,2613,불광,2024-11,21,5231.571428571428,5257.0
seoul,6,2613,불광,2024-12,22,5103.409090909091,5127.5
seoul,6,2614,독바위,2022-07,21,2914.285714285714,2932.0
seoul,6,2614,독바위,2022-08,23,2677.1739130434785,2760.0
seoul,6,2614,독바위,2022-09,22,2863.4545454545455,2999.5
seoul,6,2614,독바위,2022-10,21,2875.2380952380954,3009.0
seoul,6,2614,독바위,2022-11,22,2942.5,2935.5
seoul,6,2614,독바위,2022-12,22,2914.909090909091,2908.0
seoul,6,2614,독바위,2023-01,22,2700.590909090909,2867.5
seoul,6,2614,독바위,2023-02,20,2955.2,2935.0
seoul,6,2614,독바위,2023-03,23,2994.217391304348,3046.0
seoul,6,2614,독바위,2023-04,20,3060.05,3056.0
seoul,6,2614,독바위,2023-05,23,2926.1739130434785,3096.0
seoul,6,2614,독바위,2023-06,22,2974.1363636363635,3058.5
seoul,6,2614,독바위,2023-07,21,3016.285714285714,3001.0
seoul,6,2614,독바위,2023-08,23,2870.1739130434785,2917.0
seoul,6,2614,독바위,2023-09,21,2989.285714285714,3166.0
seoul,6,2614,독바위,2023-10,22,2947.5454545454545,3131.0
seoul,6,2614,독바위,2023-11,22,3085.5454545454545,3078.0
seoul,6,2614,독바위,2023-12,21,2996.4761904761904,3073.0
seoul,6,2614,독바위,2024-01,23,2915.217391304348,3004.0
seoul,6,2614,독바위,2024-02,21,2927.2380952380954,3083.0
seoul,6,2614,독바위,2024-03,21,3147.714285714286,3158.0
seoul,6,2614,독바위,2024-04,22,3172.7727272727275,3228.5
seoul,6,2614,독바위,2024-05,23,3051.3478260869565,3205.0
seoul,6,2614,독바위,2024-06,20,3127.6,3201.5
seoul,6,2614,독바위,2024-07,23,3095.9565217391305,3097.0
seoul,6,2614,독바위,2024-08,22,2968.7272727272725,3017.0
seoul,6,2614,독바위,2024-09,21,2903.3809523809523,3174.0
seoul,6,2614,독바위,2024-10,23,3008.782608695652,3150.0
seoul,6,2614,독바위,2024-11,21,3123.4761904761904,3110.0
seoul,6,2614,독바위,2024-12,22,2986.1363636363635,3073.5
seoul,6,2615,연신내,2022-07,4,0.0,0.0
seoul,6,2615,연신내,2022-08,6,0.0,0.0
seoul,6,2615,연신내,2022-12,3,0.0,0.0
seoul,6,2616,구산,2022-07,21,8130.761904761905,8143.0
seoul,6,2616,구산,2022-08,23,7512.521739130435,7831.0
seoul,6,2616,구산,2022-09,22,8113.0,8609.0
seoul,6,2616,구산,2022-10,21,8232.57142857143,8642.0
seoul,6,2616,구산,2022-11,22,8491.818181818182,8513.0
seoul,6,2616,구산,2022-12,22,8402.636363636364,8418.5
seoul,6,2616,구산,2023-01,22,7590.090909090909,8086.5
seoul,6,2616,구산,2023-02,20,8459.75,8485.0
seoul,6,2616,구산,2023-03,23,8883.173913043478,9004.0
seoul,6,2616,구산,2023-04,20,8934.15,8961.5
seoul,6,2616,구산,2023-05,23,8498.95652173913,8943.0
seoul,6,2616,구산,2023-06,22,8592.0,8783.5
seoul,6,2616,구산,2023-07,21,8456.761904761905,8451.0
seoul,6,2616,구산,2023-08,23,8009.04347826087,8241.0
seoul,6,2616,구산,2023-09,21,8470.285714285714,8930.0
seoul,6,2616,구산,2023-10,22,8399.454545454546,8955.0
seoul,6,2616,구산,2023-11,22,8849.5,8842.5
seoul,6,2616,구산,2023-12,21,8638.0,8814.0
seoul,6,2616,구산,2024-01,23,8167.260869565217,8431.0
seoul,6,2616,구산,2024-02,21,8191.857142857143,8701.0
seoul,6,2616,구산,2024-03,21,9199.285714285714,9265.0
seoul,6,2616,구산,2024-04,22,9225.363636363636,9393.0
seoul,6,2616,구산,2024-05,23,9006.91304347826,9488.0
seoul,6,2616,구산,2024-06,20,9208.55,9371.5
seoul,6,2616,구산,2024-07,23,8935.739130434782,8950.0
seoul,6,2616,구산,2024-08,22,8472.40909090909,8600.5
seoul,6,2616,구산,2024-09,21,8487.285714285714,9294.0
seoul,6,2616,구산,2024-10,23,8932.04347826087,9417.0
seoul,6,2616,구산,2024-11,21,9400.285714285714,9356.0
seoul,6,2616,구산,2024-12,22,9014.727272727272,9236.5
seoul,6,2617,새절(신사),2022-07,21,13054.57142857143,13125.0
seoul,6,2617,새절(신사),2022-08,23,12044.304347826086,12384.0
seoul,6,2617,새절(신사),2022-09,22,13276.363636363636,14081.5
seoul,6,2617,새절(신사),2022-10,21,13571.57142857143,14363.0
seoul,6,2617,새절(신사),2022-11,22,14058.0,14142.5
seoul,6,2617,새절(신사),2022-12,22,13674.772727272728,13603.0
seoul,6,2617,새절(신사),2023-01,22,12369.954545454546,13206.0
seoul,6,2617,새절(신사),2023-02,20,13641.3,13667.0
seoul,6,2617,새절(신사),2023-03,23,14501.260869565218,14698.0
seoul,6,2617,새절(신사),2023-04,20,14755.35,14802.0
seoul,6,2617,새절(신사),2023-05,23,13954.565217391304,14770.0
seoul,6,2617,새절(신사),2023-06,22,13883.272727272728,14230.0
seoul,6,2617,새절(신사),2023-07,21,13559.333333333334,13512.0
seoul,6,2617,새절(신사),2023-08,23,12704.08695652174,12950.0
seoul,6,2617,새절(신사),2023-09,21,13779.904761904761,14636.0
seoul,6,2617,새절(신사),2023-10,22,13776.0,14782.5
seoul,6,2617,새절(신사),2023-11,22,14601.772727272728,14643.5
seoul,6,2617,새절(신사),2023-12,21,13933.190476190477,14223.0
seoul,6,2617,새절(신사),2024-01,23,13093.608695652174,13504.0
seoul,6,2617,새절(신사),2024-02,21,13080.047619047618,13857.0
seoul,6,2617,새절(신사),2024-03,21,14845.380952380952,14974.0
seoul,6,2617,새절(신사),2024-04,22,15093.0,15320.0
seoul,6,2617,새절(신사),2024-05,23,14446.260869565218,15247.0
seoul,6,2617,새절(신사),2024-06,20,14331.5,14570.5
seoul,6,2617,새절(신사),2024-07,23,13792.652173913044,13866.0
seoul,6,2617,새절(신사),2024-08,22,12910.40909090909,13075.0
seoul,6,2617,새절(신사),2024-09,21,13171.857142857143,14580.0
seoul,6,2617,새절(신사),2024-10,23,13825.565217391304,14681.0
seoul,6,2617,새절(신사),2024-11,21,14645.904761904761,14699.0
seoul,6,2617,새절(신사),2024-12,22,13832.772727272728,14183.5
seoul,6,2618,증산(명지대앞),2022-07,21,10296.857142857143,10288.0
seoul,6,2618,증산(명지대앞),2022-08,23,9547.08695652174,9835.0
seoul,6,2618,증산(명지대앞),2022-09,22,10296.90909090909,10876.0
seoul,6,2618,증산(명지대앞),2022-10,21,10511.0,11011.0
seoul,6,2618,증산(명지대앞),2022-11,22,10812.363636363636,10884.5
seoul,6,2618,증산(명지대앞),2022-12,22,10590.227272727272,10511.0
seoul,6,2618,증산(명지대앞),2023-01,22,9783.363636363636,10402.5
seoul,6,2618,증산(명지대앞),2023-02,20,10724.4,10769.0
seoul,6,2618,증산(명지대앞),2023-03,23,11177.739130434782,11344.0
seoul,6,2618,증산(명지대앞),2023-04,20,11216.25,11294.5
seoul,6,2618,증산(명지대앞),2023-05,23,10777.95652173913,11359.0
seoul,6,2618,증산(명지대앞),2023-06,22,10746.90909090909,10983.5
seoul,6,2618,증산(명지대앞),2023-07,21,10533.095238095239,10568.0
seoul,6,2618,증산(명지대앞),2023-08,23,9943.782608695652,10121.0
seoul,6,2618,증산(명지대앞),2023-09,21,10514.42857142857,11152.0
seoul,6,2618,증산(명지대앞),2023-10,22,10574.227272727272,11249.5
seoul,6,2618,증산(명지대앞),2023-11,22,11028.59090909091,11015.0
seoul,6,2618,증산(명지대앞),2023-12,21,10621.857142857143,10903.0
seoul,6,2618,증산(명지대앞),2024-01,23,10134.565217391304,10467.0
seoul,6,2618,증산(명지대앞),2024-02,21,10095.095238095239,10586.0
seoul,6,2618,증산(명지대앞),2024-03,21,11156.52380952381,11233.0
seoul,6,2618,증산(명지대앞),2024-04,22,11251.636363636364,11374.5
seoul,6,2618,증산(명지대앞),2024-05,23,10843.391304347826,11382.0
seoul,6,2618,증산(명지대앞),2024-06,20,10784.95,10996.0
seoul,6,2618,증산(명지대앞),2024-07,23,10444.608695652174,10453.0
seoul,6,2618,증산(명지대앞),2024-08,22,9789.272727272728,9928.5
seoul,6,2618,증산(명지대앞),2024-09,21,9909.285714285714,10895.0
seoul,6,2618,증산(명지대앞),2024-10,23,10338.782608695652,10877.0
seoul,6,2618,증산(명지대앞),2024-11,21,10739.619047619048,10766.0
seoul,6,2618,증산(명지대앞),2024-12,22,10298.90909090909,10552.5
seoul,6,2619,디지털미디어시티,2022-07,21,15347.42857142857,15229.0
seoul,6,2619,디지털미디어시티,2022-08,23,13942.130434782608,14318.0
seoul,6,2619,디지털미디어시티,2022-09,22,15114.272727272728,15981.0
seoul,6,2619,디지털미디어시티,2022-10,21,15282.666666666666,16248.0
seoul,6,2619,디지털미디어시티,2022-11,22,15943.5,15949.5
seoul,6,2619,디지털미디어시티,2022-12,22,15510.09090909091,15559.5
seoul,6,2619,디지털미디어시티,2023-01,22,14570.363636363636,15642.5
seoul,6,2619,디지털미디어시티,2023-02,20,16167.75,16198.5
seoul,6,2619,디지털미디어시티,2023-03,23,16793.608695652172,16969.0
seoul,6,2619,디지털미디어시티,2023-04,20,16930.9,16972.5
seoul,6,2619,디지털미디어시티,2023-05,23,16019.521739130434,17284.0
seoul,6,2619,디지털미디어시티,2023-06,22,16152.09090909091,16720.0
seoul,6,2619,디지털미디어시티,2023-07,21,16107.047619047618,16142.0
seoul,6,2619,디지털미디어시티,2023-08,23,15002.260869565218,15576.0
seoul,6,2619,디지털미디어시티,2023-09,21,15823.42857142857,16964.0
seoul,6,2619,디지털미디어시티,2023-10,22,15990.772727272728,17196.0
seoul,6,2619,디지털미디어시티,2023-11,22,17230.909090909092,17087.5
seoul,6,2619,디지털미디어시티,2023-12,21,16040.619047619048,16698.0
seoul,6,2619,디지털미디어시티,2024-01,23,15769.521739130434,16368.0
seoul,6,2619,디지털미디어시티,2024-02,21,15411.57142857143,16511.0
seoul,6,2619,디지털미디어시티,2024-03,21,17134.04761904762,17342.0
seoul,6,2619,디지털미디어시티,2024-04,22,16983.31818181818,17468.5
seoul,6,2619,디지털미디어시티,2024-05,23,16282.304347826086,17498.0
seoul,6,2619,디지털미디어시티,2024-06,20,16759.05,17030.5
seoul,6,2619,디지털미디어시티,2024-07,23,16509.739130434784,16394.0
seoul,6,2619,디지털미디어시티,2024-08,22,15359.363636363636,15756.0
seoul,6,2619,디지털미디어시티,2024-09,21,15429.714285714286,17182.0
seoul,6,2619,디지털미디어시티,2024-10,23,16138.217391304348,17406.0
seoul,6,2619,디지털미디어시티,2024-11,21,17541.666666666668,17466.0
seoul,6,2619,디지털미디어시티,2024-12,22,16696.409090909092,17432.0
seoul,6,2620,월드컵경기장(성산),2022-07,21,5890.190476190476,4613.0
seoul,6,2620,월드컵경기장(성산),2022-08,23,4503.347826086957,4391.0
seoul,6,2620,월드컵경기장(성산),2022-09,22,5992.681818181818,5063.5
seoul,6,2620,월드컵경기장(성산),2022-10,21,6857.476190476191,6687.0
seoul,6,2620,월드컵경기장(성산),2022-11,22,4958.681818181818,4901.5
seoul,6,2620,월드컵경기장(성산),2022-12,22,4238.954545454545,4312.5
seoul,6,2620,월드컵경기장(성산),2023-01,22,3983.9545454545455,4148.0
seoul,6,2620,월드컵경기장(성산),2023-02,20,4380.9,4411.0
seoul,6,2620,월드컵경기장(성산),2023-03,23,5645.173913043478,4723.0
seoul,6,2620,월드컵경기장(성산),2023-04,20,4703.75,4831.5
seoul,6,2620,월드컵경기장(성산),2023-05,23,5916.652173913043,5211.0
seoul,6,2620,월드컵경기장(성산),2023-06,22,4846.5,4906.5
seoul,6,2620,월드컵경기장(성산),2023-07,21,6207.666666666667,4649.0
seoul,6,2620,월드컵경기장(성산),2023-08,23,4997.304347826087,4543.0
seoul,6,2620,월드컵경기장(성산),2023-09,21,4613.0,4601.0
seoul,6,2620,월드컵경기장(성산),2023-10,22,8616.636363636364,7323.5
seoul,6,2620,월드컵경기장(성산),2023-11,22,6119.409090909091,4843.5
seoul,6,2620,월드컵경기장(성산),2023-12,21,4298.190476190476,4292.0
seoul,6,2620,월드컵경기장(성산),2024-01,23,4023.9565217391305,4062.0
seoul,6,2620,월드컵경기장(성산),2024-02,21,4287.952380952381,4454.0
seoul,6,2620,월드컵경기장(성산),2024-03,21,5729.333333333333,4663.0
seoul,6,2620,월드컵경기장(성산),2024-04,22,5256.863636363636,5045.0
seoul,6,2620,월드컵경기장(성산),2024-05,23,5542.173913043478,5268.0
seoul,6,2620,월드컵경기장(성산),2024-06,20,6492.75,4925.5
seoul,6,2620,월드컵경기장(성산),2024-07,23,6390.0,4699.0
seoul,6,2620,월드컵경기장(성산),2024-08,22,5038.090909090909,4439.0
seoul,6,2620,월드컵경기장(성산),2024-09,21,5736.9047619047615,4862.0
seoul,6,2620,월드컵경기장(성산),2024-10,23,6787.173913043478,6762.0
seoul,6,2620,월드컵경기장(성산),2024-11,21,5333.0,5146.0
seoul,6,2620,월드컵경기장(성산),2024-12,22,4540.454545454545,4568.5
seoul,6,2621,마포구청,2022-07,21,15210.333333333334,15102.0
seoul,6,2621,마포구청,2022-08,23,14055.608695652174,14500.0
seoul,6,2621,마포구청,2022-09,22,14963.636363636364,15775.0
seoul,6,2621,마포구청,2022-10,21,15216.333333333334,16007.0
seoul,6,2621,마포구청,2022-11,22,15663.0,15714.5
seoul,6,2621,마포구청,2022-12,22,15455.363636363636,15472.0
seoul,6,2621,마포구청,2023-01,22,14166.90909090909,15188.0
seoul,6,2621,마포구청,2023-02,20,15644.05,15623.5
seoul,6,2621,마포구청,2023-03,23,15978.95652173913,16190.0
seoul,6,2621,마포구청,2023-04,20,16236.35,16317.5
seoul,6,2621,마포구청,2023-05,23,15490.347826086956,16435.0
seoul,6,2621,마포구청,2023-06,22,15646.545454545454,16090.0
seoul,6,2621,마포구청,2023-07,21,15607.714285714286,15546.0
seoul,6,2621,마포구청,2023-08,23,14658.04347826087,15051.0
seoul,6,2621,마포구청,2023-09,21,15379.619047619048,16397.0
seoul,6,2621,마포구청,2023-10,22,15591.363636363636,16560.5
seoul,6,2621,마포구청,2023-11,22,16462.954545454544,16409.0
seoul,6,2621,마포구청,2023-12,21,15814.0,16344.0
seoul,6,2621,마포구청,2024-01,23,15015.434782608696,15634.0
seoul,6,2621,마포구청,2024-02,21,14950.761904761905,15862.0
seoul,6,2621,마포구청,2024-03,21,16519.666666666668,16768.0
seoul,6,2621,마포구청,2024-04,22,16484.863636363636,16974.5
seoul,6,2621,마포구청,2024-05,23,15918.521739130434,16732.0
seoul,6,2621,마포구청,2024-06,20,16308.2,16639.5
seoul,6,2621,마포구청,2024-07,23,16046.91304347826,16055.0
seoul,6,2621,마포구청,2024-08,22,15060.136363636364,15321.5
seoul,6,2621,마포구청,2024-09,21,15106.619047619048,16625.0
seoul,6,2621,마포구청,2024-10,23,15823.130434782608,16755.0
seoul,6,2621,마포구청,2024-11,21,16869.04761904762,16915.0
seoul,6,2621,마포구청,2024-12,22,15978.5,16450.0
seoul,6,2622,망원,2022-07,21,14386.52380952381,14507.0
seoul,6,2622,망원,2022-08,23,13578.565217391304,13745.0
seoul,6,2622,망원,2022-09,22,14407.09090909091,14919.5
seoul,6,2622,망원,2022-10,21,14449.57142857143,14985.0
seoul,6,2622,망원,2022-11,22,14679.318181818182,14698.5
seoul,6,2622,망원,2022-12,22,14846.318181818182,14945.5
seoul,6,2622,망원,2023-01,22,14088.5,14796.5
seoul,6,2622,망원,2023-02,20,15390.55,15365.0
seoul,6,2622,망원,2023-03,23,15366.608695652174,15324.0
seoul,6,2622,망원,2023-04,20,15455.9,15378.5
seoul,6,2622,망원,2023-05,23,15158.08695652174,15393.0
seoul,6,2622,망원,2023-06,22,15202.818181818182,15232.0
seoul,6,2622,망원,2023-07,21,14997.047619047618,14853.0
seoul,6,2622,망원,2023-08,23,14383.608695652174,14372.0
seoul,6,2622,망원,2023-09,21,14973.047619047618,15365.0
seoul,6,2622,망원,2023-10,22,15051.863636363636,15368.5
seoul,6,2622,망원,2023-11,22,15610.227272727272,15510.0
seoul,6,2622,망원,2023-12,21,15601.190476190477,15831.0
seoul,6,2622,망원,2024-01,23,15045.95652173913,15447.0
seoul,6,2622,망원,2024-02,21,15439.380952380952,16079.0
seoul,6,2622,망원,2024-03,21,16305.809523809523,16226.0
seoul,6,2622,망원,2024-04,22,16699.5,16588.5
seoul,6,2622,망원,2024-05,23,16484.478260869564,16745.0
seoul,6,2622,망원,2024-06,20,16264.1,16161.5
seoul,6,2622,망원,2024-07,23,15743.91304347826,15779.0
seoul,6,2622,망원,2024-08,22,15261.454545454546,15325.5
seoul,6,2622,망원,2024-09,21,15048.285714285714,16102.0
seoul,6,2622,망원,2024-10,23,16345.08695652174,16320.0
seoul,6,2622,망원,2024-11,21,16670.380952380954,16615.0
seoul,6,2622,망원,2024-12,22,16559.454545454544,16408.0
seoul,6,2623,합정,2022-07,21,14022.190476190477,13824.0
seoul,6,2623,합정,2022-08,23,12937.0,13003.0
seoul,6,2623,합정,2022-09,22,13471.045454545454,13950.5
seoul,6,2623,합정,2022-10,21,13626.047619047618,14055.0
seoul,6,2623,합정,2022-11,22,13914.636363636364,13842.0
seoul,6,2623,합정,2022-12,22,14379.454545454546,14599.0
seoul,6,2623,합정,2023-01,22,13172.90909090909,13914.5
seoul,6,2623,합정,2023-02,20,14670.0,14617.5
seoul,6,2623,합정,2023-03,23,14777.130434782608,14626.0
seoul,6,2623,합정,2023-04,20,14653.2,14600.5
seoul,6,2623,합정,2023-05,23,14143.608695652174,14374.0
seoul,6,2623,합정,2023-06,22,14211.227272727272,14209.0
seoul,6,2623,합정,2023-07,21,14208.0,14194.0
seoul,6,2623,합정,2023-08,23,13468.173913043478,13563.0
seoul,6,2623,합정,2023-09,21,13515.095238095239,13863.0
seoul,6,2623,합정,2023-10,22,13754.136363636364,14060.5
seoul,6,2623,합정,2023-11,22,14459.181818181818,14288.5
seoul,6,2623,합정,2023-12,21,14592.47619047619,14711.0
seoul,6,2623,합정,2024-01,23,13666.95652173913,13720.0
seoul,6,2623,합정,2024-02,21,13847.0,14236.0
seoul,6,2623,합정,2024-03,21,14757.666666666666,14536.0
seoul,6,2623,합정,2024-04,22,14849.136363636364,14754.0
seoul,6,2623,합정,2024-05,23,14318.782608695652,14433.0
seoul,6,2623,합정,2024-06,20,14377.2,14519.5
seoul,6,2623,합정,2024-07,23,14207.652173913044,14203.0
seoul,6,2623,합정,2024-08,22,13734.545454545454,13749.0
seoul,6,2623,합정,2024-09,21,13115.52380952381,14060.0
seoul,6,2623,합정,2024-10,23,14215.260869565218,14471.0
seoul,6,2623,합정,2024-11,21,14622.333333333334,14501.0
seoul,6,2623,합정,2024-12,22,14681.727272727272,14494.0
seoul,6,2624,상수,2022-07,21,9065.619047619048,8977.0
seoul,6,2624,상수,2022-08,23,8646.304347826086,8635.0
seoul,6,2624,상수,2022-09,22,9950.545454545454,10283.0
seoul,6,2624,상수,2022-10,21,10001.047619047618,10186.0
seoul,6,2624,상수,2022-11,22,10268.272727272728,10176.0
seoul,6,2624,상수,2022-12,22,10226.681818181818,10282.0
seoul,6,2624,상수,2023-01,22,8994.636363636364,9291.0
seoul,6,2624,상수,2023-02,20,9612.65,9500.0
seoul,6,2624,상수,2023-03,23,10730.608695652174,10815.0
seoul,6,2624,상수,2023-04,20,10900.4,10893.0
seoul,6,2624,상수,2023-05,23,10793.434782608696,11003.0
seoul,6,2624,상수,2023-06,22,10250.40909090909,10319.5
seoul,6,2624,상수,2023-07,21,9997.52380952381,9779.0
seoul,6,2624,상수,2023-08,23,9444.608695652174,9572.0
seoul,6,2624,상수,2023-09,21,10575.857142857143,10838.0
seoul,6,2624,상수,2023-10,22,10323.181818181818,10479.0
seoul,6,2624,상수,2023-11,22,10922.045454545454,10788.0
seoul,6,2624,상수,2023-12,21,10726.42857142857,10592.0
seoul,6,2624,상수,2024-01,23,9629.869565217392,9563.0
seoul,6,2624,상수,2024-02,21,9594.42857142857,9757.0
seoul,6,2624,상수,2024-03,21,11296.904761904761,11320.0
seoul,6,2624,상수,2024-04,22,11102.181818181818,11077.5
seoul,6,2624,상수,2024-05,23,11081.08695652174,11070.0
seoul,6,2624,상수,2024-06,20,10583.15,10428.0
seoul,6,2624,상수,2024-07,23,10074.478260869566,10006.0
seoul,6,2624,상수,2024-08,22,9690.727272727272,9540.5
seoul,6,2624,상수,2024-09,21,10327.42857142857,10982.0
seoul,6,2624,상수,2024-10,23,10803.521739130434,10802.0
seoul,6,2624,상수,2024-11,21,11265.333333333334,10953.0
seoul,6,2624,상수,2024-12,22,10849.0,10685.0
seoul,6,2625,광흥창(서강),2022-07,21,9814.47619047619,9901.0
seoul,6,2625,광흥창(서강),2022-08,23,9070.391304347826,9482.0
seoul,6,2625,광흥창(서강),2022-09,22,9451.454545454546,10081.0
seoul,6,2625,광흥창(서강),2022-10,21,9499.238095238095,10052.0
seoul,6,2625,광흥창(서강),2022-11,22,9913.681818181818,9924.5
seoul,6,2625,광흥창(서강),2022-12,22,9902.272727272728,10009.0
seoul,6,2625,광흥창(서강),2023-01,22,9049.40909090909,9747.5
seoul,6,2625,광흥창(서강),2023-02,20,10138.95,10165.5
seoul,6,2625,광흥창(서강),2023-03,23,10335.739130434782,10537.0
seoul,6,2625,광흥창(서강),2023-04,20,10526.55,10528.0
seoul,6,2625,광흥창(서강),2023-05,23,9814.304347826086,10523.0
seoul,6,2625,광흥창(서강),2023-06,22,10184.681818181818,10556.5
seoul,6,2625,광흥창(서강),2023-07,21,10221.904761904761,10307.0
seoul,6,2625,광흥창(서강),2023-08,23,9652.782608695652,10044.0
seoul,6,2625,광흥창(서강),2023-09,21,10032.333333333334,10745.0
seoul,6,2625,광흥창(서강),2023-10,22,9837.045454545454,10677.5
seoul,6,2625,광흥창(서강),2023-11,22,10628.772727272728,10672.0
seoul,6,2625,광흥창(서강),2023-12,21,10235.42857142857,10699.0
seoul,6,2625,광흥창(서강),2024-01,23,9782.478260869566,10153.0
seoul,6,2625,광흥창(서강),2024-02,21,9775.47619047619,10424.0
seoul,6,2625,광흥창(서강),2024-03,21,10592.904761904761,10896.0
seoul,6,2625,광흥창(서강),2024-04,22,10686.772727272728,10922.0
seoul,6,2625,광흥창(서강),2024-05,23,10302.739130434782,11011.0
seoul,6,2625,광흥창(서강),2024-06,20,10642.75,10951.0
seoul,6,2625,광흥창(서강),2024-07,23,10438.347826086956,10493.0
seoul,6,2625,광흥창(서강),2024-08,22,9779.136363636364,10068.0
seoul,6,2625,광흥창(서강),2024-09,21,9657.714285714286,10841.0
seoul,6,2625,광흥창(서강),2024-10,23,10149.0,10850.0
seoul,6,2625,광흥창(서강),2024-11,21,10904.0,10879.0
seoul,6,2625,광흥창(서강),2024-12,22,10385.363636363636,10834.0
seoul,6,2626,대흥(서강대앞),2022-07,21,8840.857142857143,8825.0
seoul,6,2626,대흥(서강대앞),2022-08,23,8105.826086956522,8339.0
seoul,6,2626,대흥(서강대앞),2022-09,22,9832.90909090909,10511.0
seoul,6,2626,대흥(서강대앞),2022-10,21,9799.42857142857,10403.0
seoul,6,2626,대흥(서강대앞),2022-11,22,10164.181818181818,10249.0
seoul,6,2626,대흥(서강대앞),2022-12,22,9671.863636363636,9791.0
seoul,6,2626,대흥(서강대앞),2023-01,22,8131.318181818182,8694.0
seoul,6,2626,대흥(서강대앞),2023-02,20,9175.4,9190.0
seoul,6,2626,대흥(서강대앞),2023-03,23,10920.826086956522,11185.0
seoul,6,2626,대흥(서강대앞),2023-04,20,11029.95,11151.5
seoul,6,2626,대흥(서강대앞),2023-05,23,10559.608695652174,11304.0
seoul,6,2626,대흥(서강대앞),2023-06,22,10302.727272727272,10613.0
seoul,6,2626,대흥(서강대앞),2023-07,21,9549.095238095239,9533.0
seoul,6,2626,대흥(서강대앞),2023-08,23,8772.652173913044,9073.0
seoul,6,2626,대흥(서강대앞),2023-09,21,10476.095238095239,11243.0
seoul,6,2626,대흥(서강대앞),2023-10,22,10244.59090909091,11114.0
seoul,6,2626,대흥(서강대앞),2023-11,22,10948.363636363636,11064.5
seoul,6,2626,대흥(서강대앞),2023-12,21,10213.904761904761,10704.0
seoul,6,2626,대흥(서강대앞),2024-01,23,8932.565217391304,9142.0
seoul,6,2626,대흥(서강대앞),2024-02,21,8893.380952380952,9510.0
seoul,6,2626,대흥(서강대앞),2024-03,21,11128.904761904761,11589.0
seoul,6,2626,대흥(서강대앞),2024-04,22,11292.681818181818,11602.5
seoul,6,2626,대흥(서강대앞),2024-05,23,10954.217391304348,11664.0
seoul,6,2626,대흥(서강대앞),2024-06,20,10675.25,10891.5
seoul,6,2626,대흥(서강대앞),2024-07,23,9786.304347826086,9801.0
seoul,6,2626,대흥(서강대앞),2024-08,22,9063.727272727272,9268.0
seoul,6,2626,대흥(서강대앞),2024-09,21,10131.142857142857,11284.0
seoul,6,2626,대흥(서강대앞),2024-10,23,10462.347826086956,11042.0
seoul,6,2626,대흥(서강대앞),2024-11,21,11244.714285714286,11208.0
seoul,6,2626,대흥(서강대앞),2024-12,22,10357.59090909091,10833.0
seoul,6,2627,공덕,2022-07,21,19711.095238095237,19859.0
seoul,6,2627,공덕,2022-08,23,18152.08695652174,18926.0
seoul,6,2627,공덕,2022-09,22,18978.772727272728,20431.0
seoul,6,2627,공덕,2022-10,21,19637.809523809523,20989.0
seoul,6,2627,공덕,2022-11,22,20638.636363636364,20693.0
seoul,6,2627,공덕,2022-12,22,20570.18181818182,20571.5
seoul,6,2627,공덕,2023-01,22,18691.227272727272,20464.5
seoul,6,2627,공덕,2023-02,20,21096.0,21127.0
seoul,6,2627,공덕,2023-03,23,21007.695652173912,21531.0
seoul,6,2627,공덕,2023-04,20,21603.85,21624.0
seoul,6,2627,공덕,2023-05,23,20121.17391304348,21661.0
seoul,6,2627,공덕,2023-06,22,20712.454545454544,21515.0
seoul,6,2627,공덕,2023-07,21,20809.85714285714,20677.0
seoul,6,2627,공덕,2023-08,23,19381.434782608696,20156.0
seoul,6,2627,공덕,2023-09,21,20186.809523809523,21583.0
seoul,6,2627,공덕,2023-10,22,20144.0,21893.5
seoul,6,2627,공덕,2023-11,22,21658.363636363636,21682.0
seoul,6,2627,공덕,2023-12,21,20948.714285714286,21523.0
seoul,6,2627,공덕,2024-01,23,20244.304347826088,20981.0
seoul,6,2627,공덕,2024-02,21,20054.285714285714,21533.0
seoul,6,2627,공덕,2024-03,21,21759.666666666668,22329.0
seoul,6,2627,공덕,2024-04,22,21732.227272727272,22240.5
seoul,6,2627,공덕,2024-05,23,20681.869565217392,22250.0
seoul,6,2627,공덕,2024-06,20,21328.8,22037.5
seoul,6,2627,공덕,2024-07,23,21215.130434782608,21318.0
seoul,6,2627,공덕,2024-08,22,19894.5,20409.5
seoul,6,2627,공덕,2024-09,21,19417.95238095238,21832.0
seoul,6,2627,공덕,2024-10,23,20607.521739130436,22064.0
seoul,6,2627,공덕,2024-11,21,22150.095238095237,22171.0
seoul,6,2627,공덕,2024-12,22,21437.136363636364,22137.5
seoul,6,2628,효창공원앞,2022-07,21,7382.476190476191,7363.0
seoul,6,2628,효창공원앞,2022-08,23,6931.04347826087,7232.0
seoul,6,2628,효창공원앞,2022-09,22,7811.0,8285.0
seoul,6,2628,효창공원앞,2022-10,21,7956.142857142857,8444.0
seoul,6,2628,효창공원앞,2022-11,22,8188.863636363636,8235.5
seoul,6,2628,효창공원앞,2022-12,22,7812.5,7858.5
seoul,6,2628,효창공원앞,2023-01,22,6994.227272727273,7543.0
seoul,6,2628,효창공원앞,2023-02,20,7805.6,7806.0
seoul,6,2628,효창공원앞,2023-03,23,8492.0,8692.0
seoul,6,2628,효창공원앞,2023-04,20,8640.65,8660.5
seoul,6,2628,효창공원앞,2023-05,23,8228.304347826086,8821.0
seoul,6,2628,효창공원앞,2023-06,22,8243.272727272728,8427.0
seoul,6,2628,효창공원앞,2023-07,21,7825.142857142857,7774.0
seoul,6,2628,효창공원앞,2023-08,23,7251.608695652174,7492.0
seoul,6,2628,효창공원앞,2023-09,21,8227.952380952382,8673.0
seoul,6,2628,효창공원앞,2023-10,22,8143.818181818182,8676.0
seoul,6,2628,효창공원앞,2023-11,22,8643.954545454546,8707.0
seoul,6,2628,효창공원앞,2023-12,21,8120.285714285715,8402.0
seoul,6,2628,효창공원앞,2024-01,23,7539.695652173913,7838.0
seoul,6,2628,효창공원앞,2024-02,21,7467.047619047619,7955.0
seoul,6,2628,효창공원앞,2024-03,21,8732.619047619048,8780.0
seoul,6,2628,효창공원앞,2024-04,22,8746.181818181818,8896.0
seoul,6,2628,효창공원앞,2024-05,23,8467.608695652174,8922.0
seoul,6,2628,효창공원앞,2024-06,20,8369.35,8443.5
seoul,6,2628,효창공원앞,2024-07,23,7855.478260869565,7753.0
seoul,6,2628,효창공원앞,2024-08,22,7316.227272727273,7432.0
seoul,6,2628,효창공원앞,2024-09,21,7723.666666666667,8662.0
seoul,6,2628,효창공원앞,2024-10,23,8433.217391304348,8798.0
seoul,6,2628,효창공원앞,2024-11,21,8886.380952380952,8867.0
seoul,6,2628,효창공원앞,2024-12,22,8209.5,8520.5
seoul,6,2629,삼각지,2022-07,21,7538.523809523809,7633.0
seoul,6,2629,삼각지,2022-08,23,7146.086956521739,7329.0
seoul,6,2629,삼각지,2022-09,22,7682.136363636364,8063.5
seoul,6,2629,삼각지,2022-10,21,7817.571428571428,8170.0
seoul,6,2629,삼각지,2022-11,22,7809.227272727273,7900.5
seoul,6,2629,삼각지,2022-12,22,7977.227272727273,8079.0
seoul,6,2629,삼각지,2023-01,22,6644.727272727273,7116.5
seoul,6,2629,삼각지,2023-02,20,7602.0,7634.5
seoul,6,2629,삼각지,2023-03,23,7966.434782608696,8035.0
seoul,6,2629,삼각지,2023-04,20,8209.35,8305.5
seoul,6,2629,삼각지,2023-05,23,8167.608695652174,8516.0
seoul,6,2629,삼각지,2023-06,22,8051.909090909091,8117.0
seoul,6,2629,삼각지,2023-07,21,7692.238095238095,7814.0
seoul,6,2629,삼각지,2023-08,23,7313.173913043478,7506.0
seoul,6,2629,삼각지,2023-09,21,7759.285714285715,8289.0
seoul,6,2629,삼각지,2023-10,22,7844.727272727273,8376.0
seoul,6,2629,삼각지,2023-11,22,8255.681818181818,8389.5
seoul,6,2629,삼각지,2023-12,21,8233.714285714286,8703.0
seoul,6,2629,삼각지,2024-01,23,7296.782608695652,7541.0
seoul,6,2629,삼각지,2024-02,21,7288.380952380952,7703.0
seoul,6,2629,삼각지,2024-03,21,8158.047619047619,8323.0
seoul,6,2629,삼각지,2024-04,22,8296.727272727272,8473.5
seoul,6,2629,삼각지,2024-05,23,8352.95652173913,8677.0
seoul,6,2629,삼각지,2024-06,20,8628.7,8641.5
seoul,6,2629,삼각지,2024-07,23,7784.217391304348,7826.0
seoul,6,2629,삼각지,2024-08,22,7628.090909090909,7801.5
seoul,6,2629,삼각지,2024-09,21,7686.0952380952385,8398.0
seoul,6,2629,삼각지,2024-10,23,8407.521739130434,8635.0
seoul,6,2629,삼각지,2024-11,21,8662.42857142857,8689.0
seoul,6,2629,삼각지,2024-12,22,8329.681818181818,8669.5
seoul,6,2630,녹사평(용산구청),2022-07,21,5065.047619047619,5019.0
seoul,6,2630,녹사평(용산구청),2022-08,23,4862.347826086957,4882.0
seoul,6,2630,녹사평(용산구청),2022-09,22,5300.227272727273,5387.5
seoul,6,2630,녹사평(용산구청),2022-10,21,5381.9047619047615,5480.0
seoul,6,2630,녹사평(용산구청),2022-11,22,5015.545454545455,5010.5
seoul,6,2630,녹사평(용산구청),2022-12,22,5184.818181818182,5078.5
seoul,6,2630,녹사평(용산구청),2023-01,22,4442.272727272727,4649.0
seoul,6,2630,녹사평(용산구청),2023-02,20,4916.65,4835.5
seoul,6,2630,녹사평(용산구청),2023-03,23,5365.608695652174,5408.0
seoul,6,2630,녹사평(용산구청),2023-04,20,5430.0,5346.5
seoul,6,2630,녹사평(용산구청),2023-05,23,5420.521739130435,5535.0
seoul,6,2630,녹사평(용산구청),2023-06,22,5348.681818181818,5338.0
seoul,6,2630,녹사평(용산구청),2023-07,21,5195.761904761905,5157.0
seoul,6,2630,녹사평(용산구청),2023-08,23,4790.04347826087,4827.0
seoul,6,2630,녹사평(용산구청),2023-09,21,5218.0,5325.0
seoul,6,2630,녹사평(용산구청),2023-10,22,5379.181818181818,5420.0
seoul,6,2630,녹사평(용산구청),2023-11,22,5401.409090909091,5401.0
seoul,6,2630,녹사평(용산구청),2023-12,21,5347.190476190476,5371.0
seoul,6,2630,녹사평(용산구청),2024-01,23,4852.608695652174,5025.0
seoul,6,2630,녹사평(용산구청),2024-02,21,4958.476190476191,5005.0
seoul,6,2630,녹사평(용산구청),2024-03,21,5603.285714285715,5517.0
seoul,6,2630,녹사평(용산구청),2024-04,22,5655.454545454545,5586.5
seoul,6,2630,녹사평(용산구청),2024-05,23,5695.913043478261,5772.0
seoul,6,2630,녹사평(용산구청),2024-06,20,5672.6,5667.5
seoul,6,2630,녹사평(용산구청),2024-07,23,5300.173913043478,5187.0
seoul,6,2630,녹사평(용산구청),2024-08,22,5068.5,5051.5
seoul,6,2630,녹사평(용산구청),2024-09,21,5093.142857142857,5401.0
seoul,6,2630,녹사평(용산구청),2024-10,23,5700.086956521739,5715.0
seoul,6,2630,녹사평(용산구청),2024-11,21,5483.619047619048,5368.0
seoul,6,2630,녹사평(용산구청),2024-12,22,5249.863636363636,5185.0
seoul,6,2631,이태원,2022-07,21,10930.380952380952,10456.0
seoul,6,2631,이태원,2022-08,23,10894.869565217392,10712.0
seoul,6,2631,이태원,2022-09,22,11568.681818181818,11201.0
seoul,6,2631,이태원,2022-10,21,12513.952380952382,11447.0
seoul,6,2631,이태원,2022-11,22,10002.227272727272,9515.0
seoul,6,2631,이태원,2022-12,22,10177.40909090909,10108.0
seoul,6,2631,이태원,2023-01,22,9187.227272727272,9347.0
seoul,6,2631,이태원,2023-02,20,10314.75,10167.5
seoul,6,2631,이태원,2023-03,23,11501.260869565218,11427.0
seoul,6,2631,이태원,2023-04,20,11701.4,11429.5
seoul,6,2631,이태원,2023-05,23,11737.91304347826,11381.0
seoul,6,2631,이태원,2023-06,22,11767.954545454546,11565.0
seoul,6,2631,이태원,2023-07,21,11213.333333333334,11053.0
seoul,6,2631,이태원,2023-08,23,10894.91304347826,10734.0
seoul,6,2631,이태원,2023-09,21,11770.42857142857,11640.0
seoul,6,2631,이태원,2023-10,22,11969.954545454546,11635.5
seoul,6,2631,이태원,2023-11,22,11810.545454545454,11394.5
seoul,6,2631,이태원,2023-12,21,11907.238095238095,11623.0
seoul,6,2631,이태원,2024-01,23,10680.608695652174,10513.0
seoul,6,2631,이태원,2024-02,21,11146.142857142857,10918.0
seoul,6,2631,이태원,2024-03,21,12268.904761904761,11886.0
seoul,6,2631,이태원,2024-04,22,12242.545454545454,11902.5
seoul,6,2631,이태원,2024-05,23,11884.434782608696,11528.0
seoul,6,2631,이태원,2024-06,20,11640.85,11422.0
seoul,6,2631,이태원,2024-07,23,10762.173913043478,10690.0
seoul,6,2631,이태원,2024-08,22,10767.09090909091,10647.0
seoul,6,2631,이태원,2024-09,21,10833.190476190477,10890.0
seoul,6,2631,이태원,2024-10,23,12047.695652173914,11493.0
seoul,6,2631,이태원,2024-11,21,11603.57142857143,11158.0
seoul,6,2631,이태원,2024-12,22,11615.772727272728,11114.5
seoul,6,2632,한강진,2022-07,21,8322.142857142857,8403.0
seoul,6,2632,한강진,2022-08,23,7899.0,8107.0
seoul,6,2632,한강진,2022-09,22,8839.681818181818,9276.5
seoul,6,2632,한강진,2022-10,21,9300.047619047618,9529.0
seoul,6,2632,한강진,2022-11,22,8490.863636363636,8405.0
seoul,6,2632,한강진,2022-12,22,8603.045454545454,8679.5
seoul,6,2632,한강진,2023-01,22,8319.59090909091,8922.0
seoul,6,2632,한강진,2023-02,20,10112.9,10507.0
seoul,6,2632,한강진,2023-03,23,10352.695652173914,10581.0
seoul,6,2632,한강진,2023-04,20,10452.8,10824.0
seoul,6,2632,한강진,2023-05,23,10126.782608695652,10718.0
seoul,6,2632,한강진,2023-06,22,10143.272727272728,10673.0
seoul,6,2632,한강진,2023-07,21,9577.52380952381,9957.0
seoul,6,2632,한강진,2023-08,23,8999.217391304348,8954.0
seoul,6,2632,한강진,2023-09,21,9881.52380952381,10735.0
seoul,6,2632,한강진,2023-10,22,9952.40909090909,10476.0
seoul,6,2632,한강진,2023-11,22,10061.727272727272,10167.0
seoul,6,2632,한강진,2023-12,21,10006.285714285714,10075.0
seoul,6,2632,한강진,2024-01,23,9332.173913043478,9657.0
seoul,6,2632,한강진,2024-02,21,9676.380952380952,10168.0
seoul,6,2632,한강진,2024-03,21,10504.619047619048,10363.0
seoul,6,2632,한강진,2024-04,22,10507.59090909091,10755.0
seoul,6,2632,한강진,2024-05,23,10145.478260869566,10338.0
seoul,6,2632,한강진,2024-06,20,10591.55,10624.0
seoul,6,2632,한강진,2024-07,23,10267.434782608696,10176.0
seoul,6,2632,한강진,2024-08,22,9705.90909090909,9817.0
seoul,6,2632,한강진,2024-09,21,9789.047619047618,10134.0
seoul,6,2632,한강진,2024-10,23,10994.391304347826,11163.0
seoul,6,2632,한강진,2024-11,21,10504.761904761905,9995.0
seoul,6,2632,한강진,2024-12,22,11537.272727272728,11001.0
seoul,6,2633,버티고개,2022-07,21,2196.5714285714284,2169.0
seoul,6,2633,버티고개,2022-08,23,2056.6521739130435,2105.0
seoul,6,2633,버티고개,2022-09,22,2287.7272727272725,2413.5
seoul,6,2633,버티고개,2022-10,21,2326.5238095238096,2463.0
seoul,6,2633,버티고개,2022-11,22,2419.1363636363635,2404.5
seoul,6,2633,버티고개,2022-12,22,2322.2727272727275,2367.0
seoul,6,2633,버티고개,2023-01,22,2103.318181818182,2240.0
seoul,6,2633,버티고개,2023-02,20,2325.0,2333.0
seoul,6,2633,버티고개,2023-03,23,2435.695652173913,2479.0
seoul,6,2633,버티고개,2023-04,20,2448.65,2436.5
seoul,6,2633,버티고개,2023-05,23,2371.217391304348,2511.0
seoul,6,2633,버티고개,2023-06,22,2369.2272727272725,2423.5
seoul,6,2633,버티고개,2023-07,21,2313.714285714286,2311.0
seoul,6,2633,버티고개,2023-08,23,2186.304347826087,2235.0
seoul,6,2633,버티고개,2023-09,21,2400.0476190476193,2550.0
seoul,6,2633,버티고개,2023-10,22,2393.7272727272725,2549.0
seoul,6,2633,버티고개,2023-11,22,2515.5454545454545,2518.0
seoul,6,2633,버티고개,2023-12,21,2395.6190476190477,2492.0
seoul,6,2633,버티고개,2024-01,23,2232.1739130434785,2290.0
seoul,6,2633,버티고개,2024-02,21,2209.5238095238096,2320.0
seoul,6,2633,버티고개,2024-03,21,2473.5714285714284,2511.0
seoul,6,2633,버티고개,2024-04,22,2499.0,2555.5
seoul,6,2633,버티고개,2024-05,23,2378.0,2502.0
seoul,6,2633,버티고개,2024-06,20,2428.35,2484.0
seoul,6,2633,버티고개,2024-07,23,2338.304347826087,2349.0
seoul,6,2633,버티고개,2024-08,22,2199.5,2241.0
seoul,6,2633,버티고개,2024-09,21,2254.9523809523807,2506.0
seoul,6,2633,버티고개,2024-10,23,2408.217391304348,2537.0
seoul,6,2633,버티고개,2024-11,21,2571.4761904761904,2562.0
seoul,6,2633,버티고개,2024-12,22,2447.0,2519.5
seoul,6,2634,약수,2022-07,21,3838.5714285714284,3833.0
seoul,6,2634,약수,2022-08,23,3532.478260869565,3646.0
seoul,6,2634,약수,2022-09,22,3692.5454545454545,3900.0
seoul,6,2634,약수,2022-10,21,3756.9523809523807,3981.0
seoul,6,2634,약수,2022-11,22,3873.5,3888.0
seoul,6,2634,약수,2022-12,22,3888.818181818182,3898.5
seoul,6,2634,약수,2023-01,22,3554.181818181818,3803.5
seoul,6,2634,약수,2023-02,20,3929.25,3919.5
seoul,6,2634,약수,2023-03,23,4076.782608695652,4152.0
seoul,6,2634,약수,2023-04,20,4211.75,4217.5
seoul,6,2634,약수,2023-05,23,4048.521739130435,4258.0
seoul,6,2634,약수,2023-06,22,4084.5454545454545,4213.0
seoul,6,2634,약수,2023-07,21,4075.0,4074.0
seoul,6,2634,약수,2023-08,23,3863.521739130435,3971.0
seoul,6,2634,약수,2023-09,21,4033.714285714286,4278.0
seoul,6,2634,약수,2023-10,22,4007.8636363636365,4264.5
seoul,6,2634,약수,2023-11,22,4387.363636363636,4413.5
seoul,6,2634,약수,2023-12,21,4120.428571428572,4206.0
seoul,6,2634,약수,2024-01,23,3913.2608695652175,4011.0
seoul,6,2634,약수,2024-02,21,3861.285714285714,4073.0
seoul,6,2634,약수,2024-03,21,4187.619047619048,4249.0
seoul,6,2634,약수,2024-04,22,4088.318181818182,4171.0
seoul,6,2634,약수,2024-05,23,4053.0,4250.0
seoul,6,2634,약수,2024-06,20,4227.45,4347.0
seoul,6,2634,약수,2024-07,23,4071.086956521739,4089.0
seoul,6,2634,약수,2024-08,22,3842.090909090909,3920.5
seoul,6,2634,약수,2024-09,21,3836.7619047619046,4242.0
seoul,6,2634,약수,2024-10,23,4032.086956521739,4223.0
seoul,6,2634,약수,2024-11,21,4244.9047619047615,4237.0
seoul,6,2634,약수,2024-12,22,4294.318181818182,4344.5
seoul,6,2635,청구,2022-07,21,3839.0,3812.0
seoul,6,2635,청구,2022-08,23,3590.608695652174,3696.0
seoul,6,2635,청구,2022-09,22,3795.818181818182,4021.0
seoul,6,2635,청구,2022-10,21,3923.3333333333335,4097.0
seoul,6,2635,청구,2022-11,22,4014.4545454545455,4045.5
seoul,6,2635,청구,2022-12,22,4002.8636363636365,3998.5
seoul,6,2635,청구,2023-01,22,3675.8636363636365,3948.5
seoul,6,2635,청구,2023-02,20,4143.9,4131.0
seoul,6,2635,청구,2023-03,23,4226.869565217391,4332.0
seoul,6,2635,청구,2023-04,20,4314.0,4345.5
seoul,6,2635,청구,2023-05,23,4115.304347826087,4314.0
seoul,6,2635,청구,2023-06,22,4190.136363636364,4307.0
seoul,6,2635,청구,2023-07,21,4214.0952380952385,4196.0
seoul,6,2635,청구,2023-08,23,3933.5652173913045,4100.0
seoul,6,2635,청구,2023-09,21,4128.190476190476,4390.0
seoul,6,2635,청구,2023-10,22,4102.590909090909,4336.5
seoul,6,2635,청구,2023-11,22,4304.772727272727,4285.5
seoul,6,2635,청구,2023-12,21,4146.333333333333,4276.0
seoul,6,2635,청구,2024-01,23,3970.478260869565,4093.0
seoul,6,2635,청구,2024-02,21,3968.5714285714284,4214.0
seoul,6,2635,청구,2024-03,21,4358.571428571428,4408.0
seoul,6,2635,청구,2024-04,22,4392.181818181818,4483.5
seoul,6,2635,청구,2024-05,23,4270.95652173913,4499.0
seoul,6,2635,청구,2024-06,20,4359.45,4440.5
seoul,6,2635,청구,2024-07,23,4299.130434782609,4289.0
seoul,6,2635,청구,2024-08,22,4019.909090909091,4136.5
seoul,6,2635,청구,2024-09,21,3970.6190476190477,4404.0
seoul,6,2635,청구,2024-10,23,4190.695652173913,4405.0
seoul,6,2635,청구,2024-11,21,4374.714285714285,4362.0
seoul,6,2635,청구,2024-12,22,4201.090909090909,4273.0
seoul,6,2636,신당,2022-07,21,8419.52380952381,8424.0
seoul,6,2636,신당,2022-08,23,7842.347826086957,8064.0
seoul,6,2636,신당,2022-09,22,8614.0,9207.0
seoul,6,2636,신당,2022-10,21,8774.47619047619,9030.0
seoul,6,2636,신당,2022-11,22,8764.136363636364,8672.5
seoul,6,2636,신당,2022-12,22,9282.59090909091,9360.0
seoul,6,2636,신당,2023-01,22,7868.545454545455,8544.0
seoul,6,2636,신당,2023-02,20,8765.9,8811.0
seoul,6,2636,신당,2023-03,23,9090.0,9149.0
seoul,6,2636,신당,2023-04,20,9565.2,9670.5
seoul,6,2636,신당,2023-05,23,9171.826086956522,9469.0
seoul,6,2636,신당,2023-06,22,9314.772727272728,9526.5
seoul,6,2636,신당,2023-07,21,9335.0,9290.0
seoul,6,2636,신당,2023-08,23,8791.826086956522,9152.0
seoul,6,2636,신당,2023-09,21,9350.714285714286,9926.0
seoul,6,2636,신당,2023-10,22,9172.90909090909,9475.5
seoul,6,2636,신당,2023-11,22,9733.727272727272,9603.5
seoul,6,2636,신당,2023-12,21,9690.761904761905,9730.0
seoul,6,2636,신당,2024-01,23,9026.478260869566,9278.0
seoul,6,2636,신당,2024-02,21,8890.333333333334,9285.0
seoul,6,2636,신당,2024-03,21,9754.095238095239,9780.0
seoul,6,2636,신당,2024-04,22,9793.181818181818,9961.0
seoul,6,2636,신당,2024-05,23,9446.826086956522,9745.0
seoul,6,2636,신당,2024-06,20,9417.6,9505.5
seoul,6,2636,신당,2024-07,23,9332.869565217392,9328.0
seoul,6,2636,신당,2024-08,22,8614.727272727272,9069.5
seoul,6,2636,신당,2024-09,21,8614.52380952381,9497.0
seoul,6,2636,신당,2024-10,23,9182.652173913044,9352.0
seoul,6,2636,신당,2024-11,21,9814.52380952381,9656.0
seoul,6,2636,신당,2024-12,22,9913.59090909091,9920.5
seoul,6,2637,동묘앞,2022-07,21,8069.523809523809,8042.0
seoul,6,2637,동묘앞,2022-08,23,7384.130434782609,7764.0
seoul,6,2637,동묘앞,2022-09,22,8156.090909090909,8521.0
seoul,6,2637,동묘앞,2022-10,21,8355.619047619048,8589.0
seoul,6,2637,동묘앞,2022-11,22,8418.0,8468.5
seoul,6,2637,동묘앞,2022-12,22,8278.954545454546,8408.0
seoul,6,2637,동묘앞,2023-01,22,7568.5,8015.5
seoul,6,2637,동묘앞,2023-02,20,8592.1,8506.0
seoul,6,2637,동묘앞,2023-03,23,8925.869565217392,8931.0
seoul,6,2637,동묘앞,2023-04,20,8831.55,8770.5
seoul,6,2637,동묘앞,2023-05,23,8717.521739130434,8885.0
seoul,6,2637,동묘앞,2023-06,22,8511.636363636364,8592.0
seoul,6,2637,동묘앞,2023-07,21,8369.047619047618,8343.0
seoul,6,2637,동묘앞,2023-08,23,7816.173913043478,8098.0
seoul,6,2637,동묘앞,2023-09,21,8472.761904761905,8790.0
seoul,6,2637,동묘앞,2023-10,22,8632.40909090909,8784.5
seoul,6,2637,동묘앞,2023-11,22,8603.136363636364,8627.0
seoul,6,2637,동묘앞,2023-12,21,8500.142857142857,8616.0
seoul,6,2637,동묘앞,2024-01,23,8046.565217391304,8103.0
seoul,6,2637,동묘앞,2024-02,21,8439.714285714286,8699.0
seoul,6,2637,동묘앞,2024-03,21,9176.47619047619,9121.0
seoul,6,2637,동묘앞,2024-04,22,9101.90909090909,9013.0
seoul,6,2637,동묘앞,2024-05,23,9004.782608695652,9192.0
seoul,6,2637,동묘앞,2024-06,20,8906.55,8859.0
seoul,6,2637,동묘앞,2024-07,23,8497.478260869566,8568.0
seoul,6,2637,동묘앞,2024-08,22,8045.363636363636,8224.5
seoul,6,2637,동묘앞,2024-09,21,8298.714285714286,8792.0
seoul,6,2637,동묘앞,2024-10,23,9061.91304347826,9073.0
seoul,6,2637,동묘앞,2024-11,21,9241.190476190477,9039.0
seoul,6,2637,동묘앞,2024-12,22,9154.363636363636,9149.0
seoul,6,2638,창신,2022-07,21,3687.5714285714284,3792.0
seoul,6,2638,창신,2022-08,23,3415.3478260869565,3367.0
seoul,6,2638,창신,2022-09,22,3813.1363636363635,4039.5
seoul,6,2638,창신,2022-10,21,3914.8571428571427,4123.0
seoul,6,2638,창신,2022-11,22,4045.9545454545455,4054.5
seoul,6,2638,창신,2022-12,22,3891.0454545454545,3942.0
seoul,6,2638,창신,2023-01,22,3418.1363636363635,3638.5
seoul,6,2638,창신,2023-02,20,3665.65,3659.0
seoul,6,2638,창신,2023-03,23,4217.869565217391,4328.0
seoul,6,2638,창신,2023-04,20,4294.65,4299.0
seoul,6,2638,창신,2023-05,23,4034.9565217391305,4292.0
seoul,6,2638,창신,2023-06,22,3920.3636363636365,4027.5
seoul,6,2638,창신,2023-07,21,3789.714285714286,3824.0
seoul,6,2638,창신,2023-08,23,3550.1304347826085,3583.0
seoul,6,2638,창신,2023-09,21,3935.809523809524,4202.0
seoul,6,2638,창신,2023-10,22,3853.090909090909,4152.5
seoul,6,2638,창신,2023-11,22,4125.681818181818,4133.5
seoul,6,2638,창신,2023-12,21,3903.3809523809523,4068.0
seoul,6,2638,창신,2024-01,23,3592.608695652174,3670.0
seoul,6,2638,창신,2024-02,21,3489.8571428571427,3705.0
seoul,6,2638,창신,2024-03,21,4214.571428571428,4297.0
seoul,6,2638,창신,2024-04,22,4164.727272727273,4274.0
seoul,6,2638,창신,2024-05,23,4041.913043478261,4314.0
seoul,6,2638,창신,2024-06,20,4044.6,4141.5
seoul,6,2638,창신,2024-07,23,3803.608695652174,3822.0
seoul,6,2638,창신,2024-08,22,3573.5,3694.5
seoul,6,2638,창신,2024-09,21,3773.6666666666665,4173.0
seoul,6,2638,창신,2024-10,23,3949.0,4214.0
seoul,6,2638,창신,2024-11,21,4237.857142857143,4287.0
seoul,6,2638,창신,2024-12,22,3978.090909090909,4097.5
seoul,6,2639,보문,2022-07,21,7979.428571428572,7967.0
seoul,6,2639,보문,2022-08,23,7272.217391304348,7490.0
seoul,6,2639,보문,2022-09,22,8080.681818181818,8598.5
seoul,6,2639,보문,2022-10,21,8210.47619047619,8677.0
seoul,6,2639,보문,2022-11,22,8466.681818181818,8495.5
seoul,6,2639,보문,2022-12,22,8339.681818181818,8264.0
seoul,6,2639,보문,2023-01,22,7481.181818181818,8011.5
seoul,6,2639,보문,2023-02,20,8290.8,8270.5
seoul,6,2639,보문,2023-03,23,8831.521739130434,9002.0
seoul,6,2639,보문,2023-04,20,8937.95,9001.0
seoul,6,2639,보문,2023-05,23,8654.173913043478,9181.0
seoul,6,2639,보문,2023-06,22,8563.681818181818,8868.0
seoul,6,2639,보문,2023-07,21,8360.619047619048,8286.0
seoul,6,2639,보문,2023-08,23,7798.173913043478,7956.0
seoul,6,2639,보문,2023-09,21,8495.666666666666,8951.0
seoul,6,2639,보문,2023-10,22,8393.818181818182,9002.0
seoul,6,2639,보문,2023-11,22,8962.954545454546,8921.0
seoul,6,2639,보문,2023-12,21,8512.952380952382,8681.0
seoul,6,2639,보문,2024-01,23,7959.869565217391,8246.0
seoul,6,2639,보문,2024-02,21,7963.9047619047615,8325.0
seoul,6,2639,보문,2024-03,21,9176.190476190477,9292.0
seoul,6,2639,보문,2024-04,22,9107.181818181818,9286.0
seoul,6,2639,보문,2024-05,23,8987.08695652174,9387.0
seoul,6,2639,보문,2024-06,20,8817.1,8974.0
seoul,6,2639,보문,2024-07,23,8527.130434782608,8511.0
seoul,6,2639,보문,2024-08,22,7972.863636363636,8014.5
seoul,6,2639,보문,2024-09,21,8293.857142857143,9160.0
seoul,6,2639,보문,2024-10,23,8754.95652173913,9237.0
seoul,6,2639,보문,2024-11,21,9322.809523809523,9344.0
seoul,6,2639,보문,2024-12,22,8843.363636363636,9078.0
seoul,6,2640,안암(고대병원앞),2022-07,21,11233.904761904761,11321.0
seoul,6,2640,안암(고대병원앞),2022-08,23,10327.565217391304,10577.0
seoul,6,2640,안암(고대병원앞),2022-09,22,15062.863636363636,16128.5
seoul,6,2640,안암(고대병원앞),2022-10,21,14378.47619047619,15098.0
seoul,6,2640,안암(고대병원앞),2022-11,22,15376.363636363636,15577.0
seoul,6,2640,안암(고대병원앞),2022-12,22,13583.0,13933.5
seoul,6,2640,안암(고대병원앞),2023-01,22,10495.454545454546,11352.0
seoul,6,2640,안암(고대병원앞),2023-02,20,12146.5,11751.0
seoul,6,2640,안암(고대병원앞),2023-03,23,17352.434782608696,17970.0
seoul,6,2640,안암(고대병원앞),2023-04,20,16413.65,16420.0
seoul,6,2640,안암(고대병원앞),2023-05,23,16641.739130434784,17495.0
seoul,6,2640,안암(고대병원앞),2023-06,22,14223.363636363636,14861.5
seoul,6,2640,안암(고대병원앞),2023-07,21,12084.809523809523,12059.0
seoul,6,2640,안암(고대병원앞),2023-08,23,10974.08695652174,11218.0
seoul,6,2640,안암(고대병원앞),2023-09,21,15604.142857142857,16696.0
seoul,6,2640,안암(고대병원앞),2023-10,22,14332.681818181818,15631.5
seoul,6,2640,안암(고대병원앞),2023-11,22,16193.545454545454,16370.0
seoul,6,2640,안암(고대병원앞),2023-12,21,14160.047619047618,14937.0
seoul,6,2640,안암(고대병원앞),2024-01,23,11486.260869565218,11808.0
seoul,6,2640,안암(고대병원앞),2024-02,21,11653.666666666666,11615.0
seoul,6,2640,안암(고대병원앞),2024-03,21,17320.095238095237,17788.0
seoul,6,2640,안암(고대병원앞),2024-04,22,16197.818181818182,16554.0
seoul,6,2640,안암(고대병원앞),2024-05,23,16257.869565217392,16918.0
seoul,6,2640,안암(고대병원앞),2024-06,20,14380.55,14626.5
seoul,6,2640,안암(고대병원앞),2024-07,23,12087.0,12090.0
seoul,6,2640,안암(고대병원앞),2024-08,22,11287.136363636364,11259.0
seoul,6,2640,안암(고대병원앞),2024-09,21,14908.666666666666,17036.0
seoul,6,2640,안암(고대병원앞),2024-10,23,14791.91304347826,15535.0
seoul,6,2640,안암(고대병원앞),2024-11,21,16219.380952380952,16318.0
seoul,6,2640,안암(고대병원앞),2024-12,22,14268.272727272728,14855.0
seoul,6,2641,고려대(종암),2022-07,21,8495.047619047618,8552.0
seoul,6,2641,고려대(종암),2022-08,23,7763.869565217391,8033.0
seoul,6,2641,고려대(종암),2022-09,22,9828.59090909091,10434.5
seoul,6,2641,고려대(종암),2022-10,21,9864.52380952381,10447.0
seoul,6,2641,고려대(종암),2022-11,22,10195.5,10187.0
seoul,6,2641,고려대(종암),2022-12,22,9567.5,9668.0
seoul,6,2641,고려대(종암),2023-01,22,7907.454545454545,8432.0
seoul,6,2641,고려대(종암),2023-02,20,8897.5,8785.5
seoul,6,2641,고려대(종암),2023-03,23,10577.04347826087,10815.0
seoul,6,2641,고려대(종암),2023-04,20,10689.35,10648.5
seoul,6,2641,고려대(종암),2023-05,23,10501.782608695652,11129.0
seoul,6,2641,고려대(종암),2023-06,22,9638.181818181818,9795.5
seoul,6,2641,고려대(종암),2023-07,21,8897.52380952381,8884.0
seoul,6,2641,고려대(종암),2023-08,23,8353.521739130434,8562.0
seoul,6,2641,고려대(종암),2023-09,21,10318.619047619048,10949.0
seoul,6,2641,고려대(종암),2023-10,22,10015.136363636364,10779.5
seoul,6,2641,고려대(종암),2023-11,22,10706.681818181818,10766.0
seoul,6,2641,고려대(종암),2023-12,21,9691.57142857143,9979.0
seoul,6,2641,고려대(종암),2024-01,23,8354.739130434782,8619.0
seoul,6,2641,고려대(종암),2024-02,21,8404.42857142857,8630.0
seoul,6,2641,고려대(종암),2024-03,21,10812.904761904761,10942.0
seoul,6,2641,고려대(종암),2024-04,22,10748.318181818182,10975.0
seoul,6,2641,고려대(종암),2024-05,23,10594.130434782608,11108.0
seoul,6,2641,고려대(종암),2024-06,20,9984.85,10232.0
seoul,6,2641,고려대(종암),2024-07,23,9028.826086956522,9012.0
seoul,6,2641,고려대(종암),2024-08,22,8327.727272727272,8457.5
seoul,6,2641,고려대(종암),2024-09,21,9700.42857142857,10731.0
seoul,6,2641,고려대(종암),2024-10,23,10060.652173913044,10725.0
seoul,6,2641,고려대(종암),2024-11,21,10733.285714285714,10758.0
seoul,6,2641,고려대(종암),2024-12,22,9778.863636363636,10209.0
seoul,6,2642,월곡(동덕여대),2022-07,21,12122.190476190477,12087.0
seoul,6,2642,월곡(동덕여대),2022-08,23,11230.391304347826,11604.0
seoul,6,2642,월곡(동덕여대),2022-09,22,13518.227272727272,14259.0
seoul,6,2642,월곡(동덕여대),2022-10,21,13537.238095238095,14272.0
seoul,6,2642,월곡(동덕여대),2022-11,22,13963.818181818182,13908.5
seoul,6,2642,월곡(동덕여대),2022-12,22,13057.0,13225.5
seoul,6,2642,월곡(동덕여대),2023-01,22,11443.40909090909,12264.5
seoul,6,2642,월곡(동덕여대),2023-02,20,12680.85,12608.5
seoul,6,2642,월곡(동덕여대),2023-03,23,14925.0,15311.0
seoul,6,2642,월곡(동덕여대),2023-04,20,14782.1,14765.5
seoul,6,2642,월곡(동덕여대),2023-05,23,14205.0,15144.0
seoul,6,2642,월곡(동덕여대),2023-06,22,13275.954545454546,13359.5
seoul,6,2642,월곡(동덕여대),2023-07,21,12459.714285714286,12382.0
seoul,6,2642,월곡(동덕여대),2023-08,23,11671.739130434782,11787.0
seoul,6,2642,월곡(동덕여대),2023-09,21,13875.619047619048,14861.0
seoul,6,2642,월곡(동덕여대),2023-10,22,13588.136363636364,14628.5
seoul,6,2642,월곡(동덕여대),2023-11,22,14394.681818181818,14475.0
seoul,6,2642,월곡(동덕여대),2023-12,21,13320.47619047619,13731.0
seoul,6,2642,월곡(동덕여대),2024-01,23,12120.217391304348,12539.0
seoul,6,2642,월곡(동덕여대),2024-02,21,11978.238095238095,12546.0
seoul,6,2642,월곡(동덕여대),2024-03,21,15041.52380952381,15419.0
seoul,6,2642,월곡(동덕여대),2024-04,22,14748.227272727272,14989.5
seoul,6,2642,월곡(동덕여대),2024-05,23,14208.95652173913,15040.0
seoul,6,2642,월곡(동덕여대),2024-06,20,13631.45,13653.5
seoul,6,2642,월곡(동덕여대),2024-07,23,12601.695652173914,12584.0
seoul,6,2642,월곡(동덕여대),2024-08,22,11837.545454545454,11985.0
seoul,6,2642,월곡(동덕여대),2024-09,21,13192.095238095239,14694.0
seoul,6,2642,월곡(동덕여대),2024-10,23,13689.04347826087,14530.0
seoul,6,2642,월곡(동덕여대),2024-11,21,13912.190476190477,13873.0
seoul,6,2642,월곡(동덕여대),2024-12,22,12884.59090909091,13186.0
seoul,6,2643,상월곡(한국과학기술연구원),2022-07,21,6579.428571428572,6502.0
seoul,6,2643,상월곡(한국과학기술연구원),2022-08,23,6076.782608695652,6279.0
seoul,6,2643,상월곡(한국과학기술연구원),2022-09,22,7026.454545454545,7402.5
seoul,6,2643,상월곡(한국과학기술연구원),2022-10,21,7037.571428571428,7316.0
seoul,6,2643,상월곡(한국과학기술연구원),2022-11,22,7386.409090909091,7363.5
seoul,6,2643,상월곡(한국과학기술연구원),2022-12,22,7002.5,7111.5
seoul,6,2643,상월곡(한국과학기술연구원),2023-01,22,6168.636363636364,6504.5
seoul,6,2643,상월곡(한국과학기술연구원),2023-02,20,6835.35,6695.0
seoul,6,2643,상월곡(한국과학기술연구원),2023-03,23,7507.95652173913,7607.0
seoul,6,2643,상월곡(한국과학기술연구원),2023-04,20,7709.8,7596.5
seoul,6,2643,상월곡(한국과학기술연구원),2023-05,23,7454.826086956522,7828.0
seoul,6,2643,상월곡(한국과학기술연구원),2023-06,22,7249.772727272727,7276.5
seoul,6,2643,상월곡(한국과학기술연구원),2023-07,21,6935.714285714285,6906.0
seoul,6,2643,상월곡(한국과학기술연구원),2023-08,23,6517.347826086957,6681.0
seoul,6,2643,상월곡(한국과학기술연구원),2023-09,21,7386.333333333333,7770.0
seoul,6,2643,상월곡(한국과학기술연구원),2023-10,22,7185.954545454545,7583.0
seoul,6,2643,상월곡(한국과학기술연구원),2023-11,22,7778.272727272727,7742.5
seoul,6,2643,상월곡(한국과학기술연구원),2023-12,21,7247.857142857143,7419.0
seoul,6,2643,상월곡(한국과학기술연구원),2024-01,23,6568.304347826087,6644.0
seoul,6,2643,상월곡(한국과학기술연구원),2024-02,21,6626.571428571428,6868.0
seoul,6,2643,상월곡(한국과학기술연구원),2024-03,21,7818.666666666667,7843.0
seoul,6,2643,상월곡(한국과학기술연구원),2024-04,22,7856.454545454545,7975.0
seoul,6,2643,상월곡(한국과학기술연구원),2024-05,23,7694.217391304348,8065.0
seoul,6,2643,상월곡(한국과학기술연구원),2024-06,20,7493.6,7517.5
seoul,6,2643,상월곡(한국과학기술연구원),2024-07,23,6930.391304347826,6832.0
seoul,6,2643,상월곡(한국과학기술연구원),2024-08,22,6617.090909090909,6658.5
seoul,6,2643,상월곡(한국과학기술연구원),2024-09,21,7181.809523809524,7939.0
seoul,6,2643,상월곡(한국과학기술연구원),2024-10,23,7401.652173913043,7740.0
seoul,6,2643,상월곡(한국과학기술연구원),2024-11,21,7517.619047619048,7503.0
seoul,6,2643,상월곡(한국과학기술연구원),2024-12,22,7070.272727272727,7179.5
seoul,6,2644,돌곶이,2022-07,21,9694.047619047618,9740.0
seoul,6,2644,돌곶이,2022-08,23,9083.04347826087,9284.0
seoul,6,2644,돌곶이,2022-09,22,10008.045454545454,10462.0
seoul,6,2644,돌곶이,2022-10,21,10169.238095238095,10734.0
seoul,6,2644,돌곶이,2022-11,22,10613.5,10549.0
seoul,6,2644,돌곶이,2022-12,22,10610.90909090909,10643.5
seoul,6,2644,돌곶이,2023-01,22,9531.454545454546,10093.0
seoul,6,2644,돌곶이,2023-02,20,10355.05,10334.0
seoul,6,2644,돌곶이,2023-03,23,10896.826086956522,11083.0
seoul,6,2644,돌곶이,2023-04,20,11218.65,11202.0
seoul,6,2644,돌곶이,2023-05,23,10922.782608695652,11399.0
seoul,6,2644,돌곶이,2023-06,22,10880.818181818182,11101.0
seoul,6,2644,돌곶이,2023-07,21,10763.142857142857,10711.0
seoul,6,2644,돌곶이,2023-08,23,10038.260869565218,10432.0
seoul,6,2644,돌곶이,2023-09,21,10758.0,11448.0
seoul,6,2644,돌곶이,2023-10,22,10789.045454545454,11422.5
seoul,6,2644,돌곶이,2023-11,22,11311.045454545454,11304.5
seoul,6,2644,돌곶이,2023-12,21,10998.0,11292.0
seoul,6,2644,돌곶이,2024-01,23,10390.869565217392,10658.0
seoul,6,2644,돌곶이,2024-02,21,10288.142857142857,10878.0
seoul,6,2644,돌곶이,2024-03,21,11753.809523809523,11862.0
seoul,6,2644,돌곶이,2024-04,22,11532.636363636364,11828.5
seoul,6,2644,돌곶이,2024-05,23,11306.478260869566,11973.0
seoul,6,2644,돌곶이,2024-06,20,11381.5,11648.0
seoul,6,2644,돌곶이,2024-07,23,10991.304347826086,11024.0
seoul,6,2644,돌곶이,2024-08,22,10388.09090909091,10631.0
seoul,6,2644,돌곶이,2024-09,21,10566.095238095239,11718.0
seoul,6,2644,돌곶이,2024-10,23,11167.260869565218,11807.0
seoul,6,2644,돌곶이,2024-11,21,11825.619047619048,11849.0
seoul,6,2644,돌곶이,2024-12,22,11215.318181818182,11498.0
seoul,6,2645,석계,2022-07,21,12569.42857142857,12582.0
seoul,6,2645,석계,2022-08,23,11751.260869565218,12207.0
seoul,6,2645,석계,2022-09,22,13013.136363636364,13796.0
seoul,6,2645,석계,2022-10,21,13152.47619047619,13892.0
seoul,6,2645,석계,2022-11,22,13686.772727272728,13688.5
seoul,6,2645,석계,2022-12,22,13387.045454545454,13393.5
seoul,6,2645,석계,2023-01,22,11966.454545454546,12754.0
seoul,6,2645,석계,2023-02,20,13102.5,13048.5
seoul,6,2645,석계,2023-03,23,14026.217391304348,14355.0
seoul,6,2645,석계,2023-04,20,14129.6,14151.0
seoul,6,2645,석계,2023-05,23,13568.217391304348,14361.0
seoul,6,2645,석계,2023-06,22,13283.272727272728,13578.0
seoul,6,2645,석계,2023-07,21,12887.857142857143,12881.0
seoul,6,2645,석계,2023-08,23,12140.91304347826,12438.0
seoul,6,2645,석계,2023-09,21,13422.0,14293.0
seoul,6,2645,석계,2023-10,22,13172.818181818182,14076.0
seoul,6,2645,석계,2023-11,22,14066.227272727272,14093.5
seoul,6,2645,석계,2023-12,21,13387.095238095239,13593.0
seoul,6,2645,석계,2024-01,23,12623.478260869566,13012.0
seoul,6,2645,석계,2024-02,21,12540.380952380952,13225.0
seoul,6,2645,석계,2024-03,21,14311.238095238095,14636.0
seoul,6,2645,석계,2024-04,22,14240.227272727272,14558.5
seoul,6,2645,석계,2024-05,23,14066.304347826086,14795.0
seoul,6,2645,석계,2024-06,20,13802.6,14064.5
seoul,6,2645,석계,2024-07,23,13326.695652173914,13356.0
seoul,6,2645,석계,2024-08,22,12620.90909090909,12825.0
seoul,6,2645,석계,2024-09,21,13091.761904761905,14488.0
seoul,6,2645,석계,2024-10,23,13531.217391304348,14296.0
seoul,6,2645,석계,2024-11,21,14306.666666666666,14314.0
seoul,6,2645,석계,2024-12,22,13709.181818181818,14050.0
seoul,6,2646,태릉입구,2022-07,21,5706.666666666667,5667.0
seoul,6,2646,태릉입구,2022-08,23,5354.04347826087,5483.0
seoul,6,2646,태릉입구,2022-09,22,5920.954545454545,6267.5
seoul,6,2646,태릉입구,2022-10,21,6020.238095238095,6303.0
seoul,6,2646,태릉입구,2022-11,22,6231.045454545455,6273.5
seoul,6,2646,태릉입구,2022-12,22,6102.090909090909,6043.5
seoul,6,2646,태릉입구,2023-01,22,5486.863636363636,5814.5
seoul,6,2646,태릉입구,2023-02,20,5893.8,5871.5
seoul,6,2646,태릉입구,2023-03,23,6209.608695652174,6330.0
seoul,6,2646,태릉입구,2023-04,20,6233.25,6202.0
seoul,6,2646,태릉입구,2023-05,23,7114.782608695652,6986.0
seoul,6,2646,태릉입구,2023-06,22,6062.136363636364,6146.0
seoul,6,2646,태릉입구,2023-07,21,5755.238095238095,5741.0
seoul,6,2646,태릉입구,2023-08,23,5501.95652173913,5553.0
seoul,6,2646,태릉입구,2023-09,21,5989.428571428572,6358.0
seoul,6,2646,태릉입구,2023-10,22,5950.727272727273,6277.0
seoul,6,2646,태릉입구,2023-11,22,6415.727272727273,6471.5
seoul,6,2646,태릉입구,2023-12,21,6197.0,6333.0
seoul,6,2646,태릉입구,2024-01,23,5854.0,6017.0
seoul,6,2646,태릉입구,2024-02,21,5890.476190476191,6107.0
seoul,6,2646,태릉입구,2024-03,21,6640.476190476191,6717.0
seoul,6,2646,태릉입구,2024-04,22,6568.954545454545,6719.0
seoul,6,2646,태릉입구,2024-05,23,7449.95652173913,7082.0
seoul,6,2646,태릉입구,2024-06,20,6281.8,6341.0
seoul,6,2646,태릉입구,2024-07,23,5938.086956521739,5996.0
seoul,6,2646,태릉입구,2024-08,22,5585.227272727273,5628.0
seoul,6,2646,태릉입구,2024-09,21,5780.809523809524,6345.0
seoul,6,2646,태릉입구,2024-10,23,6240.782608695652,6504.0
seoul,6,2646,태릉입구,2024-11,21,6593.190476190476,6632.0
seoul,6,2646,태릉입구,2024-12,22,6322.090909090909,6449.0
seoul,6,2647,화랑대(서울여대입구),2022-07,21,12044.714285714286,12103.0
seoul,6,2647,화랑대(서울여대입구),2022-08,23,10900.478260869566,11242.0
seoul,6,2647,화랑대(서울여대입구),2022-09,22,13269.227272727272,14175.0
seoul,6,2647,화랑대(서울여대입구),2022-10,21,13430.380952380952,14272.0
seoul,6,2647,화랑대(서울여대입구),2022-11,22,14027.363636363636,14147.0
seoul,6,2647,화랑대(서울여대입구),2022-12,22,13115.954545454546,13336.0
seoul,6,2647,화랑대(서울여대입구),2023-01,22,11273.363636363636,12093.0
seoul,6,2647,화랑대(서울여대입구),2023-02,20,12550.55,12593.0
seoul,6,2647,화랑대(서울여대입구),2023-03,23,14542.739130434782,14861.0
seoul,6,2647,화랑대(서울여대입구),2023-04,20,14813.0,14782.5
seoul,6,2647,화랑대(서울여대입구),2023-05,23,14162.695652173914,15250.0
seoul,6,2647,화랑대(서울여대입구),2023-06,22,13354.045454545454,13887.0
seoul,6,2647,화랑대(서울여대입구),2023-07,21,12351.809523809523,12369.0
seoul,6,2647,화랑대(서울여대입구),2023-08,23,11382.95652173913,11873.0
seoul,6,2647,화랑대(서울여대입구),2023-09,21,13712.238095238095,14762.0
seoul,6,2647,화랑대(서울여대입구),2023-10,22,13512.727272727272,14711.5
seoul,6,2647,화랑대(서울여대입구),2023-11,22,14613.363636363636,14730.0
seoul,6,2647,화랑대(서울여대입구),2023-12,21,13445.47619047619,13912.0
seoul,6,2647,화랑대(서울여대입구),2024-01,23,12063.695652173914,12494.0
seoul,6,2647,화랑대(서울여대입구),2024-02,21,11784.285714285714,12517.0
seoul,6,2647,화랑대(서울여대입구),2024-03,21,14795.809523809523,15260.0
seoul,6,2647,화랑대(서울여대입구),2024-04,22,14862.772727272728,15217.5
seoul,6,2647,화랑대(서울여대입구),2024-05,23,14501.478260869566,15482.0
seoul,6,2647,화랑대(서울여대입구),2024-06,20,13825.45,14354.0
seoul,6,2647,화랑대(서울여대입구),2024-07,23,12639.695652173914,12603.0
seoul,6,2647,화랑대(서울여대입구),2024-08,22,11556.454545454546,11848.5
seoul,6,2647,화랑대(서울여대입구),2024-09,21,12726.285714285714,14232.0
seoul,6,2647,화랑대(서울여대입구),2024-10,23,13329.260869565218,14369.0
seoul,6,2647,화랑대(서울여대입구),2024-11,21,14388.380952380952,14433.0
seoul,6,2647,화랑대(서울여대입구),2024-12,22,13135.272727272728,13747.0
seoul,6,2648,봉화산(서울의료원),2022-07,21,9355.333333333334,9335.0
seoul,6,2648,봉화산(서울의료원),2022-08,23,8639.695652173914,8895.0
seoul,6,2648,봉화산(서울의료원),2022-09,22,9257.5,9877.0
seoul,6,2648,봉화산(서울의료원),2022-10,21,9431.47619047619,9996.0
seoul,6,2648,봉화산(서울의료원),2022-11,22,9804.5,9799.0
seoul,6,2648,봉화산(서울의료원),2022-12,22,9662.318181818182,9731.5
seoul,6,2648,봉화산(서울의료원),2023-01,22,9002.318181818182,9603.0
seoul,6,2648,봉화산(서울의료원),2023-02,20,9904.5,9961.5
seoul,6,2648,봉화산(서울의료원),2023-03,23,10200.260869565218,10373.0
seoul,6,2648,봉화산(서울의료원),2023-04,20,10294.25,10274.0
seoul,6,2648,봉화산(서울의료원),2023-05,23,9788.173913043478,10437.0
seoul,6,2648,봉화산(서울의료원),2023-06,22,9891.136363636364,10156.5
seoul,6,2648,봉화산(서울의료원),2023-07,21,9828.42857142857,9886.0
seoul,6,2648,봉화산(서울의료원),2023-08,23,9191.217391304348,9447.0
seoul,6,2648,봉화산(서울의료원),2023-09,21,9786.142857142857,10446.0
seoul,6,2648,봉화산(서울의료원),2023-10,22,9694.227272727272,10430.0
seoul,6,2648,봉화산(서울의료원),2023-11,22,10318.181818181818,10386.0
seoul,6,2648,봉화산(서울의료원),2023-12,21,9920.47619047619,10209.0
seoul,6,2648,봉화산(서울의료원),2024-01,23,9609.91304347826,9934.0
seoul,6,2648,봉화산(서울의료원),2024-02,21,9439.52380952381,10114.0
seoul,6,2648,봉화산(서울의료원),2024-03,21,10284.857142857143,10482.0
seoul,6,2648,봉화산(서울의료원),2024-04,22,10327.5,10567.5
seoul,6,2648,봉화산(서울의료원),2024-05,23,9963.260869565218,10598.0
seoul,6,2648,봉화산(서울의료원),2024-06,20,10112.2,10350.5
seoul,6,2648,봉화산(서울의료원),2024-07,23,9934.95652173913,9944.0
seoul,6,2648,봉화산(서울의료원),2024-08,22,9323.954545454546,9558.0
seoul,6,2648,봉화산(서울의료원),2024-09,21,9335.095238095239,10299.0
seoul,6,2648,봉화산(서울의료원),2024-10,23,9602.347826086956,10235.0
seoul,6,2648,봉화산(서울의료원),2024-11,21,10274.238095238095,10258.0
seoul,6,2648,봉화산(서울의료원),2024-12,22,9864.09090909091,10247.0
seoul,6,2649,신내,2022-07,3,0.0,0.0
seoul,6,2649,신내,2022-08,1,0.0,0.0
seoul,6,2649,신내,2022-12,2,0.0,0.0
seoul,7,2711,장암,2022-07,21,2452.3333333333335,2458.0
seoul,7,2711,장암,2022-08,23,2261.608695652174,2313.0
seoul,7,2711,장암,2022-09,22,2455.1363636363635,2597.5
seoul,7,2711,장암,2022-10,21,2489.285714285714,2636.0
seoul,7,2711,장암,2022-11,22,2664.0454545454545,2663.0
seoul,7,2711,장암,2022-12,22,2525.8636363636365,2551.5
seoul,7,2711,장암,2023-01,22,2319.3636363636365,2478.5
seoul,7,2711,장암,2023-02,20,2685.45,2685.0
seoul,7,2711,장암,2023-03,23,2827.0434782608695,2883.0
seoul,7,2711,장암,2023-04,20,2924.4,2958.0
seoul,7,2711,장암,2023-05,23,2829.521739130435,3025.0
seoul,7,2711,장암,2023-06,22,2882.5,2969.0
seoul,7,2711,장암,2023-07,21,2845.0,2830.0
seoul,7,2711,장암,2023-08,23,2679.2608695652175,2765.0
seoul,7,2711,장암,2023-09,21,2817.2380952380954,3040.0
seoul,7,2711,장암,2023-10,22,2926.590909090909,3138.5
seoul,7,2711,장암,2023-11,22,2928.409090909091,2953.0
seoul,7,2711,장암,2023-12,21,2741.7619047619046,2801.0
seoul,7,2711,장암,2024-01,23,2595.608695652174,2674.0
seoul,7,2711,장암,2024-02,21,2652.4285714285716,2770.0
seoul,7,2711,장암,2024-03,21,3033.7619047619046,3092.0
seoul,7,2711,장암,2024-04,22,3199.318181818182,3238.5
seoul,7,2711,장암,2024-05,23,3119.391304347826,3329.0
seoul,7,2711,장암,2024-06,20,3140.2,3235.0
seoul,7,2711,장암,2024-07,23,3039.391304347826,3051.0
seoul,7,2711,장암,2024-08,22,2838.181818181818,2911.0
seoul,7,2711,장암,2024-09,21,2879.5714285714284,3159.0
seoul,7,2711,장암,2024-10,23,3080.8260869565215,3262.0
seoul,7,2711,장암,2024-11,21,3161.8571428571427,3155.0
seoul,7,2711,장암,2024-12,22,2951.318181818182,3063.5
seoul,7,2712,도봉산,2022-07,21,9312.857142857143,9363.0
seoul,7,2712,도봉산,2022-08,23,8574.739130434782,8814.0
seoul,7,2712,도봉산,2022-09,22,9912.0,10477.0
seoul,7,2712,도봉산,2022-10,21,10200.333333333334,10787.0
seoul,7,2712,도봉산,2022-11,22,10403.318181818182,10331.5
seoul,7,2712,도봉산,2022-12,22,9527.818181818182,9711.0
seoul,7,2712,도봉산,2023-01,22,8503.59090909091,9013.0
seoul,7,2712,도봉산,2023-02,20,9307.0,9293.0
seoul,7,2712,도봉산,2023-03,23,10285.782608695652,10510.0
seoul,7,2712,도봉산,2023-04,20,10597.35,10634.0
seoul,7,2712,도봉산,2023-05,23,10319.739130434782,10934.0
seoul,7,2712,도봉산,2023-06,22,9934.90909090909,10102.0
seoul,7,2712,도봉산,2023-07,21,9417.47619047619,9437.0
seoul,7,2712,도봉산,2023-08,23,8905.130434782608,9124.0
seoul,7,2712,도봉산,2023-09,21,10000.52380952381,10590.0
seoul,7,2712,도봉산,2023-10,22,10210.954545454546,10839.5
seoul,7,2712,도봉산,2023-11,22,10474.954545454546,10513.0
seoul,7,2712,도봉산,2023-12,21,9740.52380952381,10004.0
seoul,7,2712,도봉산,2024-01,23,8926.739130434782,9213.0
seoul,7,2712,도봉산,2024-02,21,8812.142857142857,9368.0
seoul,7,2712,도봉산,2024-03,21,10073.47619047619,10273.0
seoul,7,2712,도봉산,2024-04,22,10491.681818181818,10663.5
seoul,7,2712,도봉산,2024-05,23,10502.217391304348,10945.0
seoul,7,2712,도봉산,2024-06,20,10202.8,10511.0
seoul,7,2712,도봉산,2024-07,23,9493.347826086956,9498.0
seoul,7,2712,도봉산,2024-08,22,8991.318181818182,9102.5
seoul,7,2712,도봉산,2024-09,21,9558.0,10474.0
seoul,7,2712,도봉산,2024-10,23,10200.608695652174,10764.0
seoul,7,2712,도봉산,2024-11,21,10624.238095238095,10631.0
seoul,7,2712,도봉산,2024-12,22,9701.227272727272,10132.5
seoul,7,2713,수락산,2022-07,21,13195.095238095239,13132.0
seoul,7,2713,수락산,2022-08,23,12119.521739130434,12520.0
seoul,7,2713,수락산,2022-09,22,13079.772727272728,13818.0
seoul,7,2713,수락산,2022-10,21,13263.666666666666,13951.0
seoul,7,2713,수락산,2022-11,22,13580.818181818182,13607.0
seoul,7,2713,수락산,2022-12,22,13450.59090909091,13323.5
seoul,7,2713,수락산,2023-01,22,12215.863636363636,12899.0
seoul,7,2713,수락산,2023-02,20,13473.05,13519.5
seoul,7,2713,수락산,2023-03,23,13865.391304347826,14053.0
seoul,7,2713,수락산,2023-04,20,13974.3,14049.0
seoul,7,2713,수락산,2023-05,23,13676.391304347826,14326.0
seoul,7,2713,수락산,2023-06,22,13549.818181818182,13893.0
seoul,7,2713,수락산,2023-07,21,13226.761904761905,13143.0
seoul,7,2713,수락산,2023-08,23,12565.95652173913,12657.0
seoul,7,2713,수락산,2023-09,21,13187.57142857143,13905.0
seoul,7,2713,수락산,2023-10,22,13218.363636363636,13922.0
seoul,7,2713,수락산,2023-11,22,13653.5,13680.5
seoul,7,2713,수락산,2023-12,21,13358.095238095239,13712.0
seoul,7,2713,수락산,2024-01,23,12456.695652173914,12889.0
seoul,7,2713,수락산,2024-02,21,12480.142857142857,13049.0
seoul,7,2713,수락산,2024-03,21,13478.380952380952,13636.0
seoul,7,2713,수락산,2024-04,22,13684.363636363636,13951.5
seoul,7,2713,수락산,2024-05,23,13498.826086956522,14130.0
seoul,7,2713,수락산,2024-06,20,13547.05,13706.5
seoul,7,2713,수락산,2024-07,23,13120.08695652174,13224.0
seoul,7,2713,수락산,2024-08,22,12726.772727272728,12801.5
seoul,7,2713,수락산,2024-09,21,12717.190476190477,13791.0
seoul,7,2713,수락산,2024-10,23,13460.478260869566,14043.0
seoul,7,2713,수락산,2024-11,21,13961.142857142857,13891.0
seoul,7,2713,수락산,2024-12,22,13662.5,13917.5
seoul,7,2714,마들,2022-07,21,13690.666666666666,13624.0
seoul,7,2714,마들,2022-08,23,12657.95652173913,13041.0
seoul,7,2714,마들,2022-09,22,13612.40909090909,14427.5
seoul,7,2714,마들,2022-10,21,13767.904761904761,14576.0
seoul,7,2714,마들,2022-11,22,14211.045454545454,14262.0
seoul,7,2714,마들,2022-12,22,14095.727272727272,14048.5
seoul,7,2714,마들,2023-01,22,13076.727272727272,13855.5
seoul,7,2714,마들,2023-02,20,14364.35,14371.5
seoul,7,2714,마들,2023-03,23,14708.434782608696,14961.0
seoul,7,2714,마들,2023-04,20,14858.0,14871.0
seoul,7,2714,마들,2023-05,23,14311.04347826087,15116.0
seoul,7,2714,마들,2023-06,22,14396.09090909091,14812.0
seoul,7,2714,마들,2023-07,21,14208.047619047618,14159.0
seoul,7,2714,마들,2023-08,23,13317.739130434782,13650.0
seoul,7,2714,마들,2023-09,21,14015.142857142857,14843.0
seoul,7,2714,마들,2023-10,22,14010.727272727272,15027.5
seoul,7,2714,마들,2023-11,22,14812.363636363636,14849.5
seoul,7,2714,마들,2023-12,21,14256.666666666666,14743.0
seoul,7,2714,마들,2024-01,23,13392.826086956522,13784.0
seoul,7,2714,마들,2024-02,21,13450.57142857143,14296.0
seoul,7,2714,마들,2024-03,21,14519.57142857143,14876.0
seoul,7,2714,마들,2024-04,22,14694.045454545454,15062.0
seoul,7,2714,마들,2024-05,23,14441.608695652174,15237.0
seoul,7,2714,마들,2024-06,20,14540.2,14794.0
seoul,7,2714,마들,2024-07,23,14260.521739130434,14360.0
seoul,7,2714,마들,2024-08,22,13403.863636363636,13615.5
seoul,7,2714,마들,2024-09,21,13627.857142857143,14932.0
seoul,7,2714,마들,2024-10,23,14515.826086956522,15192.0
seoul,7,2714,마들,2024-11,21,15460.619047619048,15479.0
seoul,7,2714,마들,2024-12,22,14815.90909090909,15226.0
seoul,7,2715,노원,2022-07,21,20922.14285714286,20873.0
seoul,7,2715,노원,2022-08,23,19446.08695652174,19853.0
seoul,7,2715,노원,2022-09,22,20108.0,21012.5
seoul,7,2715,노원,2022-10,21,20379.04761904762,21044.0
seoul,7,2715,노원,2022-11,22,20790.545454545456,20742.5
seoul,7,2715,노원,2022-12,22,21618.272727272728,21545.5
seoul,7,2715,노원,2023-01,22,20192.31818181818,21151.0
seoul,7,2715,노원,2023-02,20,21957.8,21862.5
seoul,7,2715,노원,2023-03,23,21878.17391304348,21948.0
seoul,7,2715,노원,2023-04,20,21883.35,21712.5
seoul,7,2715,노원,2023-05,23,21497.304347826088,22314.0
seoul,7,2715,노원,2023-06,22,21437.136363636364,21830.5
seoul,7,2715,노원,2023-07,21,21896.714285714286,21878.0
seoul,7,2715,노원,2023-08,23,20621.043478260868,20836.0
seoul,7,2715,노원,2023-09,21,20763.285714285714,21912.0
seoul,7,2715,노원,2023-10,22,20864.045454545456,22027.0
seoul,7,2715,노원,2023-11,22,22032.636363636364,22016.5
seoul,7,2715,노원,2023-12,21,23890.428571428572,22911.0
seoul,7,2715,노원,2024-01,23,25487.739130434784,26103.0
seoul,7,2715,노원,2024-02,21,25387.333333333332,26501.0
seoul,7,2715,노원,2024-03,21,27207.14285714286,27607.0
seoul,7,2715,노원,2024-04,22,27056.227272727272,27375.5
seoul,7,2715,노원,2024-05,23,27372.260869565216,28483.0
seoul,7,2715,노원,2024-06,20,26884.2,27190.5
seoul,7,2715,노원,2024-07,23,25987.82608695652,26012.0
seoul,7,2715,노원,2024-08,22,24537.409090909092,24891.0
seoul,7,2715,노원,2024-09,21,20131.380952380954,21991.0
seoul,7,2715,노원,2024-10,23,20849.347826086956,21645.0
seoul,7,2715,노원,2024-11,21,22182.14285714286,21995.0
seoul,7,2715,노원,2024-12,22,22498.636363636364,22685.0
seoul,7,2716,중계,2022-07,21,15217.52380952381,15394.0
seoul,7,2716,중계,2022-08,23,13789.130434782608,14116.0
seoul,7,2716,중계,2022-09,22,15296.636363636364,16369.0
seoul,7,2716,중계,2022-10,21,15551.42857142857,16536.0
seoul,7,2716,중계,2022-11,22,16103.227272727272,16150.5
seoul,7,2716,중계,2022-12,22,15672.40909090909,15897.0
seoul,7,2716,중계,2023-01,22,14053.863636363636,14951.0
seoul,7,2716,중계,2023-02,20,15620.5,15624.5
seoul,7,2716,중계,2023-03,23,16741.043478260868,17174.0
seoul,7,2716,중계,2023-04,20,17147.2,17173.0
seoul,7,2716,중계,2023-05,23,16405.08695652174,17410.0
seoul,7,2716,중계,2023-06,22,16249.818181818182,16832.0
seoul,7,2716,중계,2023-07,21,15884.0,15858.0
seoul,7,2716,중계,2023-08,23,14754.173913043478,15275.0
seoul,7,2716,중계,2023-09,21,16056.238095238095,17038.0
seoul,7,2716,중계,2023-10,22,15927.545454545454,17055.5
seoul,7,2716,중계,2023-11,22,16934.409090909092,16934.5
seoul,7,2716,중계,2023-12,21,15979.857142857143,16605.0
seoul,7,2716,중계,2024-01,23,15032.434782608696,15498.0
seoul,7,2716,중계,2024-02,21,14813.42857142857,15757.0
seoul,7,2716,중계,2024-03,21,16759.285714285714,16850.0
seoul,7,2716,중계,2024-04,22,16820.545454545456,17172.5
seoul,7,2716,중계,2024-05,23,16525.782608695652,17512.0
seoul,7,2716,중계,2024-06,20,16488.9,16793.0
seoul,7,2716,중계,2024-07,23,15848.434782608696,16024.0
seoul,7,2716,중계,2024-08,22,14699.727272727272,14904.0
seoul,7,2716,중계,2024-09,21,15133.190476190477,16675.0
seoul,7,2716,중계,2024-10,23,16049.739130434782,16963.0
seoul,7,2716,중계,2024-11,21,17111.333333333332,17103.0
seoul,7,2716,중계,2024-12,22,16083.227272727272,16714.0
seoul,7,2717,하계,2022-07,21,18577.571428571428,18603.0
seoul,7,2717,하계,2022-08,23,17049.565217391304,17538.0
seoul,7,2717,하계,2022-09,22,18493.727272727272,19640.0
seoul,7,2717,하계,2022-10,21,18916.238095238095,19815.0
seoul,7,2717,하계,2022-11,22,19573.272727272728,19572.5
seoul,7,2717,하계,2022-12,22,19461.81818181818,19538.5
seoul,7,2717,하계,2023-01,22,17565.909090909092,18736.5
seoul,7,2717,하계,2023-02,20,19161.35,19069.0
seoul,7,2717,하계,2023-03,23,20335.869565217392,20780.0
seoul,7,2717,하계,2023-04,20,20755.05,20612.5
seoul,7,2717,하계,2023-05,23,20063.043478260868,21185.0
seoul,7,2717,하계,2023-06,22,19614.136363636364,20261.0
seoul,7,2717,하계,2023-07,21,19330.238095238095,19374.0
seoul,7,2717,하계,2023-08,23,17949.782608695652,18593.0
seoul,7,2717,하계,2023-09,21,19221.95238095238,20487.0
seoul,7,2717,하계,2023-10,22,19410.68181818182,20823.0
seoul,7,2717,하계,2023-11,22,20601.136363636364,20592.0
seoul,7,2717,하계,2023-12,21,19833.714285714286,20601.0
seoul,7,2717,하계,2024-01,23,18439.434782608696,18992.0
seoul,7,2717,하계,2024-02,21,18323.190476190477,19386.0
seoul,7,2717,하계,2024-03,21,20308.52380952381,20723.0
seoul,7,2717,하계,2024-04,22,20567.772727272728,20908.0
seoul,7,2717,하계,2024-05,23,20126.260869565216,21290.0
seoul,7,2717,하계,2024-06,20,19896.3,20289.0
seoul,7,2717,하계,2024-07,23,19313.043478260868,19332.0
seoul,7,2717,하계,2024-08,22,18071.727272727272,18518.5
seoul,7,2717,하계,2024-09,21,18586.04761904762,20367.0
seoul,7,2717,하계,2024-10,23,19671.608695652172,20667.0
seoul,7,2717,하계,2024-11,21,20886.0,20668.0
seoul,7,2717,하계,2024-12,22,19995.454545454544,20730.5
seoul,7,2718,공릉(서울과학기술대),2022-07,21,12293.095238095239,12363.0
seoul,7,2718,공릉(서울과학기술대),2022-08,23,11058.608695652174,11285.0
seoul,7,2718,공릉(서울과학기술대),2022-09,22,12823.545454545454,13471.0
seoul,7,2718,공릉(서울과학기술대),2022-10,21,12843.52380952381,13502.0
seoul,7,2718,공릉(서울과학기술대),2022-11,22,13488.045454545454,13449.0
seoul,7,2718,공릉(서울과학기술대),2022-12,22,12795.636363636364,12858.5
seoul,7,2718,공릉(서울과학기술대),2023-01,22,11373.863636363636,12146.0
seoul,7,2718,공릉(서울과학기술대),2023-02,20,12999.6,12858.0
seoul,7,2718,공릉(서울과학기술대),2023-03,23,14078.521739130434,14246.0
seoul,7,2718,공릉(서울과학기술대),2023-04,20,13963.45,13965.0
seoul,7,2718,공릉(서울과학기술대),2023-05,23,13564.608695652174,14167.0
seoul,7,2718,공릉(서울과학기술대),2023-06,22,12876.772727272728,13039.5
seoul,7,2718,공릉(서울과학기술대),2023-07,21,12536.57142857143,12590.0
seoul,7,2718,공릉(서울과학기술대),2023-08,23,11670.91304347826,11820.0
seoul,7,2718,공릉(서울과학기술대),2023-09,21,13173.42857142857,13983.0
seoul,7,2718,공릉(서울과학기술대),2023-10,22,12997.545454545454,13771.5
seoul,7,2718,공릉(서울과학기술대),2023-11,22,14014.727272727272,13943.0
seoul,7,2718,공릉(서울과학기술대),2023-12,21,13129.761904761905,13547.0
seoul,7,2718,공릉(서울과학기술대),2024-01,23,12143.91304347826,12351.0
seoul,7,2718,공릉(서울과학기술대),2024-02,21,12306.190476190477,12569.0
seoul,7,2718,공릉(서울과학기술대),2024-03,21,14393.238095238095,14617.0
seoul,7,2718,공릉(서울과학기술대),2024-04,22,14100.863636363636,14340.0
seoul,7,2718,공릉(서울과학기술대),2024-05,23,13988.04347826087,14493.0
seoul,7,2718,공릉(서울과학기술대),2024-06,20,13215.1,13343.0
seoul,7,2718,공릉(서울과학기술대),2024-07,23,12759.478260869566,12622.0
seoul,7,2718,공릉(서울과학기술대),2024-08,22,11896.681818181818,12039.5
seoul,7,2718,공릉(서울과학기술대),2024-09,21,12704.0,13997.0
seoul,7,2718,공릉(서울과학기술대),2024-10,23,13395.695652173914,13880.0
seoul,7,2718,공릉(서울과학기술대),2024-11,21,14431.666666666666,14298.0
seoul,7,2718,공릉(서울과학기술대),2024-12,22,13489.90909090909,13764.5
seoul,7,2719,태릉입구,2022-07,21,8765.57142857143,8704.0
seoul,7,2719,태릉입구,2022-08,23,8125.086956521739,8366.0
seoul,7,2719,태릉입구,2022-09,22,9666.954545454546,10298.0
seoul,7,2719,태릉입구,2022-10,21,9752.619047619048,10233.0
seoul,7,2719,태릉입구,2022-11,22,10186.59090909091,10264.5
seoul,7,2719,태릉입구,2022-12,22,9631.863636363636,9779.5
seoul,7,2719,태릉입구,2023-01,22,8475.727272727272,9009.5
seoul,7,2719,태릉입구,2023-02,20,9544.6,9518.5
seoul,7,2719,태릉입구,2023-03,23,10808.130434782608,11013.0
seoul,7,2719,태릉입구,2023-04,20,10788.05,10849.5
seoul,7,2719,태릉입구,2023-05,23,11949.04347826087,11857.0
seoul,7,2719,태릉입구,2023-06,22,9968.181818181818,10104.5
seoul,7,2719,태릉입구,2023-07,21,9153.57142857143,9128.0
seoul,7,2719,태릉입구,2023-08,23,8684.95652173913,8781.0
seoul,7,2719,태릉입구,2023-09,21,10007.47619047619,10685.0
seoul,7,2719,태릉입구,2023-10,22,9884.363636363636,10505.0
seoul,7,2719,태릉입구,2023-11,22,10377.363636363636,10438.0
seoul,7,2719,태릉입구,2023-12,21,9702.42857142857,9987.0
seoul,7,2719,태릉입구,2024-01,23,8774.869565217392,9023.0
seoul,7,2719,태릉입구,2024-02,21,8817.57142857143,9195.0
seoul,7,2719,태릉입구,2024-03,21,10579.57142857143,10881.0
seoul,7,2719,태릉입구,2024-04,22,10723.772727272728,10869.5
seoul,7,2719,태릉입구,2024-05,23,11958.217391304348,11545.0
seoul,7,2719,태릉입구,2024-06,20,10276.9,10424.5
seoul,7,2719,태릉입구,2024-07,23,9324.04347826087,9351.0
seoul,7,2719,태릉입구,2024-08,22,8561.636363636364,8650.5
seoul,7,2719,태릉입구,2024-09,21,9129.857142857143,10056.0
seoul,7,2719,태릉입구,2024-10,23,9507.260869565218,9907.0
seoul,7,2719,태릉입구,2024-11,21,9951.0,9965.0
seoul,7,2719,태릉입구,2024-12,22,9397.5,9706.0
seoul,7,2720,먹골,2022-07,21,10569.666666666666,10568.0
seoul,7,2720,먹골,2022-08,23,9860.478260869566,10178.0
seoul,7,2720,먹골,2022-09,22,10440.681818181818,11024.0
seoul,7,2720,먹골,2022-10,21,10567.714285714286,11053.0
seoul,7,2720,먹골,2022-11,22,10848.09090909091,10871.5
seoul,7,2720,먹골,2022-12,22,10898.454545454546,10819.0
seoul,7,2720,먹골,2023-01,22,10091.772727272728,10697.0
seoul,7,2720,먹골,2023-02,20,11034.55,11007.5
seoul,7,2720,먹골,2023-03,23,11257.565217391304,11408.0
seoul,7,2720,먹골,2023-04,20,11317.45,11256.5
seoul,7,2720,먹골,2023-05,23,11283.782608695652,11790.0
seoul,7,2720,먹골,2023-06,22,10971.5,11205.5
seoul,7,2720,먹골,2023-07,21,10902.666666666666,10850.0
seoul,7,2720,먹골,2023-08,23,10299.478260869566,10480.0
seoul,7,2720,먹골,2023-09,21,10813.142857142857,11383.0
seoul,7,2720,먹골,2023-10,22,10745.0,11379.5
seoul,7,2720,먹골,2023-11,22,11241.272727272728,11289.0
seoul,7,2720,먹골,2023-12,21,10998.190476190477,11186.0
seoul,7,2720,먹골,2024-01,23,10601.826086956522,10893.0
seoul,7,2720,먹골,2024-02,21,10650.952380952382,11188.0
seoul,7,2720,먹골,2024-03,21,11508.809523809523,11675.0
seoul,7,2720,먹골,2024-04,22,11358.545454545454,11549.0
seoul,7,2720,먹골,2024-05,23,11353.95652173913,11793.0
seoul,7,2720,먹골,2024-06,20,11175.85,11328.0
seoul,7,2720,먹골,2024-07,23,10981.304347826086,11069.0
seoul,7,2720,먹골,2024-08,22,10316.136363636364,10448.0
seoul,7,2720,먹골,2024-09,21,10213.57142857143,11138.0
seoul,7,2720,먹골,2024-10,23,10613.347826086956,11118.0
seoul,7,2720,먹골,2024-11,21,11124.47619047619,11075.0
seoul,7,2720,먹골,2024-12,22,10908.227272727272,11063.5
seoul,7,2721,중화,2022-07,21,11144.142857142857,11179.0
seoul,7,2721,중화,2022-08,23,10288.304347826086,10594.0
seoul,7,2721,중화,2022-09,22,11006.772727272728,11695.5
seoul,7,2721,중화,2022-10,21,11189.619047619048,11844.0
seoul,7,2721,중화,2022-11,22,11563.181818181818,11544.0
seoul,7,2721,중화,2022-12,22,11451.045454545454,11372.5
seoul,7,2721,중화,2023-01,22,10583.272727272728,11225.0
seoul,7,2721,중화,2023-02,20,11599.25,11653.5
seoul,7,2721,중화,2023-03,23,11886.826086956522,12113.0
seoul,7,2721,중화,2023-04,20,12025.05,12021.0
seoul,7,2721,중화,2023-05,23,12035.521739130434,12554.0
seoul,7,2721,중화,2023-06,22,11528.136363636364,11880.5
seoul,7,2721,중화,2023-07,21,11440.333333333334,11463.0
seoul,7,2721,중화,2023-08,23,10819.391304347826,11194.0
seoul,7,2721,중화,2023-09,21,11406.857142857143,12133.0
seoul,7,2721,중화,2023-10,22,11269.636363636364,12018.5
seoul,7,2721,중화,2023-11,22,11823.318181818182,11852.0
seoul,7,2721,중화,2023-12,21,11432.761904761905,11742.0
seoul,7,2721,중화,2024-01,23,10927.826086956522,11311.0
seoul,7,2721,중화,2024-02,21,10932.52380952381,11597.0
seoul,7,2721,중화,2024-03,21,11859.761904761905,12136.0
seoul,7,2721,중화,2024-04,22,11912.818181818182,12101.5
seoul,7,2721,중화,2024-05,23,11958.217391304348,12362.0
seoul,7,2721,중화,2024-06,20,11612.3,11847.5
seoul,7,2721,중화,2024-07,23,11248.260869565218,11261.0
seoul,7,2721,중화,2024-08,22,10654.318181818182,10813.5
seoul,7,2721,중화,2024-09,21,10763.619047619048,11852.0
seoul,7,2721,중화,2024-10,23,11247.08695652174,11816.0
seoul,7,2721,중화,2024-11,21,11891.42857142857,11870.0
seoul,7,2721,중화,2024-12,22,11546.363636363636,11815.0
seoul,7,2722,상봉,2024-01,23,17726.08695652174,18195.0
seoul,7,2722,상봉,2024-02,21,17799.904761904763,18674.0
seoul,7,2722,상봉,2024-03,21,18956.95238095238,19105.0
seoul,7,2722,상봉,2024-04,22,19031.772727272728,19261.5
seoul,7,2722,상봉,2024-05,23,18628.260869565216,19440.0
seoul,7,2722,상봉,2024-06,20,18842.5,19110.0
seoul,7,2722,상봉,2024-07,23,18535.304347826088,18456.0
seoul,7,2722,상봉,2024-08,22,17542.272727272728,17723.5
seoul,7,2722,상봉,2024-09,21,17302.571428571428,18865.0
seoul,7,2722,상봉,2024-10,23,18242.347826086956,18967.0
seoul,7,2722,상봉,2024-11,21,19356.04761904762,19318.0
seoul,7,2722,상봉,2024-12,22,19282.727272727272,19663.0
seoul,7,2722,상봉(시외버스터미널),2022-07,21,17318.904761904763,17330.0
seoul,7,2722,상봉(시외버스터미널),2022-08,23,16161.08695652174,16575.0
seoul,7,2722,상봉(시외버스터미널),2022-09,22,17090.363636363636,17926.0
seoul,7,2722,상봉(시외버스터미널),2022-10,21,17506.238095238095,18327.0
seoul,7,2722,상봉(시외버스터미널),2022-11,22,17877.045454545456,17884.5
seoul,7,2722,상봉(시외버스터미널),2022-12,22,18030.590909090908,18014.5
seoul,7,2722,상봉(시외버스터미널),2023-01,22,16795.954545454544,17784.5
seoul,7,2722,상봉(시외버스터미널),2023-02,20,18408.65,18407.0
seoul,7,2722,상봉(시외버스터미널),2023-03,23,18326.347826086956,18511.0
seoul,7,2722,상봉(시외버스터미널),2023-04,20,18532.2,18497.0
seoul,7,2722,상봉(시외버스터미널),2023-05,23,17911.260869565216,18629.0
seoul,7,2722,상봉(시외버스터미널),2023-06,22,18028.31818181818,18316.0
seoul,7,2722,상봉(시외버스터미널),2023-07,21,17867.333333333332,17850.0
seoul,7,2722,상봉(시외버스터미널),2023-08,23,16973.304347826088,17174.0
seoul,7,2722,상봉(시외버스터미널),2023-09,21,17670.714285714286,18724.0
seoul,7,2722,상봉(시외버스터미널),2023-10,22,17651.909090909092,18598.0
seoul,7,2722,상봉(시외버스터미널),2023-11,22,18552.772727272728,18562.0
seoul,7,2722,상봉(시외버스터미널),2023-12,21,18390.14285714286,18672.0
seoul,7,2723,면목,2022-07,21,15558.619047619048,15621.0
seoul,7,2723,면목,2022-08,23,14487.173913043478,14762.0
seoul,7,2723,면목,2022-09,22,16457.0,17399.0
seoul,7,2723,면목,2022-10,21,16817.571428571428,17703.0
seoul,7,2723,면목,2022-11,22,17315.81818181818,17380.5
seoul,7,2723,면목,2022-12,22,16450.636363636364,16764.5
seoul,7,2723,면목,2023-01,22,14736.227272727272,15648.5
seoul,7,2723,면목,2023-02,20,16213.15,16167.0
seoul,7,2723,면목,2023-03,23,17877.043478260868,18246.0
seoul,7,2723,면목,2023-04,20,18130.85,18232.5
seoul,7,2723,면목,2023-05,23,17142.652173913044,18139.0
seoul,7,2723,면목,2023-06,22,16692.954545454544,17050.0
seoul,7,2723,면목,2023-07,21,15704.619047619048,15686.0
seoul,7,2723,면목,2023-08,23,14966.130434782608,15338.0
seoul,7,2723,면목,2023-09,21,16765.571428571428,17711.0
seoul,7,2723,면목,2023-10,22,16569.81818181818,17756.5
seoul,7,2723,면목,2023-11,22,17358.454545454544,17380.5
seoul,7,2723,면목,2023-12,21,16456.47619047619,17154.0
seoul,7,2723,면목,2024-01,23,15259.04347826087,15712.0
seoul,7,2723,면목,2024-02,21,15213.380952380952,15934.0
seoul,7,2723,면목,2024-03,21,17625.04761904762,17937.0
seoul,7,2723,면목,2024-04,22,17694.18181818182,18045.0
seoul,7,2723,면목,2024-05,23,17026.347826086956,18032.0
seoul,7,2723,면목,2024-06,20,16791.7,17364.5
seoul,7,2723,면목,2024-07,23,15801.739130434782,15868.0
seoul,7,2723,면목,2024-08,22,14831.227272727272,15082.5
seoul,7,2723,면목,2024-09,21,15611.952380952382,17243.0
seoul,7,2723,면목,2024-10,23,16381.565217391304,17378.0
seoul,7,2723,면목,2024-11,21,17201.238095238095,17252.0
seoul,7,2723,면목,2024-12,22,16269.227272727272,16822.5
seoul,7,2724,사가정,2022-07,21,16493.47619047619,16458.0
seoul,7,2724,사가정,2022-08,23,15355.652173913044,15731.0
seoul,7,2724,사가정,2022-09,22,16571.18181818182,17662.5
seoul,7,2724,사가정,2022-10,21,16889.809523809523,17743.0
seoul,7,2724,사가정,2022-11,22,17430.090909090908,17525.5
seoul,7,2724,사가정,2022-12,22,17038.18181818182,17010.5
seoul,7,2724,사가정,2023-01,22,15795.545454545454,16776.5
seoul,7,2724,사가정,2023-02,20,17342.1,17305.5
seoul,7,2724,사가정,2023-03,23,17869.260869565216,18215.0
seoul,7,2724,사가정,2023-04,20,18055.15,17992.0
seoul,7,2724,사가정,2023-05,23,17517.08695652174,18392.0
seoul,7,2724,사가정,2023-06,22,17389.545454545456,17848.0
seoul,7,2724,사가정,2023-07,21,16947.85714285714,16975.0
seoul,7,2724,사가정,2023-08,23,16091.04347826087,16318.0
seoul,7,2724,사가정,2023-09,21,17053.571428571428,18003.0
seoul,7,2724,사가정,2023-10,22,17035.31818181818,18047.5
seoul,7,2724,사가정,2023-11,22,17825.454545454544,17928.5
seoul,7,2724,사가정,2023-12,21,17283.095238095237,17606.0
seoul,7,2724,사가정,2024-01,23,16474.652173913044,17010.0
seoul,7,2724,사가정,2024-02,21,16411.761904761905,17249.0
seoul,7,2724,사가정,2024-03,21,17879.095238095237,18178.0
seoul,7,2724,사가정,2024-04,22,18050.545454545456,18348.0
seoul,7,2724,사가정,2024-05,23,17621.739130434784,18438.0
seoul,7,2724,사가정,2024-06,20,17573.45,17892.5
seoul,7,2724,사가정,2024-07,23,17060.739130434784,17198.0
seoul,7,2724,사가정,2024-08,22,16121.90909090909,16223.0
seoul,7,2724,사가정,2024-09,21,16357.619047619048,17879.0
seoul,7,2724,사가정,2024-10,23,17245.17391304348,18103.0
seoul,7,2724,사가정,2024-11,21,18049.380952380954,18066.0
seoul,7,2724,사가정,2024-12,22,17397.136363636364,17762.0
seoul,7,2725,용마산(용마폭포공원),2022-07,21,6249.0952380952385,6214.0
seoul,7,2725,용마산(용마폭포공원),2022-08,23,5784.04347826087,5960.0
seoul,7,2725,용마산(용마폭포공원),2022-09,22,6196.727272727273,6521.0
seoul,7,2725,용마산(용마폭포공원),2022-10,21,6278.666666666667,6519.0
seoul,7,2725,용마산(용마폭포공원),2022-11,22,6423.0,6437.5
seoul,7,2725,용마산(용마폭포공원),2022-12,22,6253.954545454545,6247.0
seoul,7,2725,용마산(용마폭포공원),2023-01,22,5802.181818181818,6141.0
seoul,7,2725,용마산(용마폭포공원),2023-02,20,6317.7,6294.0
seoul,7,2725,용마산(용마폭포공원),2023-03,23,6532.04347826087,6641.0
seoul,7,2725,용마산(용마폭포공원),2023-04,20,6640.05,6632.0
seoul,7,2725,용마산(용마폭포공원),2023-05,23,6382.347826086957,6773.0
seoul,7,2725,용마산(용마폭포공원),2023-06,22,6419.545454545455,6595.0
seoul,7,2725,용마산(용마폭포공원),2023-07,21,6286.761904761905,6239.0
seoul,7,2725,용마산(용마폭포공원),2023-08,23,5939.391304347826,6041.0
seoul,7,2725,용마산(용마폭포공원),2023-09,21,6225.714285714285,6542.0
seoul,7,2725,용마산(용마폭포공원),2023-10,22,6282.681818181818,6650.0
seoul,7,2725,용마산(용마폭포공원),2023-11,22,6523.909090909091,6533.0
seoul,7,2725,용마산(용마폭포공원),2023-12,21,6274.714285714285,6451.0
seoul,7,2725,용마산(용마폭포공원),2024-01,23,6013.608695652174,6204.0
seoul,7,2725,용마산(용마폭포공원),2024-02,21,5978.333333333333,6291.0
seoul,7,2725,용마산(용마폭포공원),2024-03,21,6529.523809523809,6597.0
seoul,7,2725,용마산(용마폭포공원),2024-04,22,6596.636363636364,6754.5
seoul,7,2725,용마산(용마폭포공원),2024-05,23,6435.086956521739,6760.0
seoul,7,2725,용마산(용마폭포공원),2024-06,20,6714.95,6804.5
seoul,7,2725,용마산(용마폭포공원),2024-07,23,6164.521739130435,6192.0
seoul,7,2725,용마산(용마폭포공원),2024-08,22,5838.090909090909,5929.5
seoul,7,2725,용마산(용마폭포공원),2024-09,21,5939.523809523809,6464.0
seoul,7,2725,용마산(용마폭포공원),2024-10,23,6194.260869565217,6462.0
seoul,7,2725,용마산(용마폭포공원),2024-11,21,6450.380952380952,6442.0
seoul,7,2725,용마산(용마폭포공원),2024-12,22,6193.181818181818,6387.5
seoul,7,2726,중곡,2022-07,21,11382.52380952381,11363.0
seoul,7,2726,중곡,2022-08,23,10571.260869565218,10786.0
seoul,7,2726,중곡,2022-09,22,11405.09090909091,12098.0
seoul,7,2726,중곡,2022-10,21,11613.047619047618,12305.0
seoul,7,2726,중곡,2022-11,22,11815.227272727272,11903.5
seoul,7,2726,중곡,2022-12,22,11775.636363636364,11775.5
seoul,7,2726,중곡,2023-01,22,10626.863636363636,11308.0
seoul,7,2726,중곡,2023-02,20,11819.05,11825.0
seoul,7,2726,중곡,2023-03,23,12030.695652173914,12336.0
seoul,7,2726,중곡,2023-04,20,12232.45,12148.0
seoul,7,2726,중곡,2023-05,23,11663.608695652174,12404.0
seoul,7,2726,중곡,2023-06,22,11873.227272727272,12258.5
seoul,7,2726,중곡,2023-07,21,11668.904761904761,11762.0
seoul,7,2726,중곡,2023-08,23,11074.565217391304,11448.0
seoul,7,2726,중곡,2023-09,21,11717.333333333334,12490.0
seoul,7,2726,중곡,2023-10,22,11690.818181818182,12512.0
seoul,7,2726,중곡,2023-11,22,12430.454545454546,12407.5
seoul,7,2726,중곡,2023-12,21,12161.333333333334,12424.0
seoul,7,2726,중곡,2024-01,23,11452.04347826087,11797.0
seoul,7,2726,중곡,2024-02,21,11347.904761904761,11979.0
seoul,7,2726,중곡,2024-03,21,12367.52380952381,12596.0
seoul,7,2726,중곡,2024-04,22,12302.545454545454,12564.0
seoul,7,2726,중곡,2024-05,23,11914.91304347826,12547.0
seoul,7,2726,중곡,2024-06,20,12069.9,12367.0
seoul,7,2726,중곡,2024-07,23,11901.347826086956,11886.0
seoul,7,2726,중곡,2024-08,22,11245.181818181818,11504.5
seoul,7,2726,중곡,2024-09,21,11247.809523809523,12388.0
seoul,7,2726,중곡,2024-10,23,11780.521739130434,12576.0
seoul,7,2726,중곡,2024-11,21,12579.809523809523,12519.0
seoul,7,2726,중곡,2024-12,22,12088.90909090909,12376.5
seoul,7,2727,군자(능동),2022-07,21,15677.619047619048,15680.0
seoul,7,2727,군자(능동),2022-08,23,14650.826086956522,15038.0
seoul,7,2727,군자(능동),2022-09,22,15345.545454545454,16307.0
seoul,7,2727,군자(능동),2022-10,21,15658.0,16424.0
seoul,7,2727,군자(능동),2022-11,22,16278.227272727272,16126.5
seoul,7,2727,군자(능동),2022-12,22,16234.454545454546,16158.5
seoul,7,2727,군자(능동),2023-01,22,15060.954545454546,16088.5
seoul,7,2727,군자(능동),2023-02,20,16605.75,16643.5
seoul,7,2727,군자(능동),2023-03,23,16645.782608695652,16987.0
seoul,7,2727,군자(능동),2023-04,20,16841.3,16942.5
seoul,7,2727,군자(능동),2023-05,23,16138.521739130434,17007.0
seoul,7,2727,군자(능동),2023-06,22,16408.5,16835.5
seoul,7,2727,군자(능동),2023-07,21,16311.380952380952,16326.0
seoul,7,2727,군자(능동),2023-08,23,15404.95652173913,15779.0
seoul,7,2727,군자(능동),2023-09,21,15993.857142857143,16959.0
seoul,7,2727,군자(능동),2023-10,22,15916.363636363636,16905.0
seoul,7,2727,군자(능동),2023-11,22,16669.545454545456,16809.0
seoul,7,2727,군자(능동),2023-12,21,16492.285714285714,16969.0
seoul,7,2727,군자(능동),2024-01,23,15948.91304347826,16355.0
seoul,7,2727,군자(능동),2024-02,21,15864.904761904761,16755.0
seoul,7,2727,군자(능동),2024-03,21,16804.0,17084.0
seoul,7,2727,군자(능동),2024-04,22,16791.954545454544,17102.0
seoul,7,2727,군자(능동),2024-05,23,16443.391304347828,17319.0
seoul,7,2727,군자(능동),2024-06,20,16885.75,17192.0
seoul,7,2727,군자(능동),2024-07,23,16529.91304347826,16639.0
seoul,7,2727,군자(능동),2024-08,22,15641.0,15920.0
seoul,7,2727,군자(능동),2024-09,21,15183.333333333334,16693.0
seoul,7,2727,군자(능동),2024-10,23,15919.565217391304,16647.0
seoul,7,2727,군자(능동),2024-11,21,16656.190476190477,16709.0
seoul,7,2727,군자(능동),2024-12,22,16272.40909090909,16604.0
seoul,7,2728,어린이대공원(세종대),2022-07,21,13380.857142857143,13371.0
seoul,7,2728,어린이대공원(세종대),2022-08,23,12806.130434782608,12862.0
seoul,7,2728,어린이대공원(세종대),2022-09,22,18424.81818181818,19317.5
seoul,7,2728,어린이대공원(세종대),2022-10,21,18097.619047619046,19251.0
seoul,7,2728,어린이대공원(세종대),2022-11,22,18673.68181818182,18682.5
seoul,7,2728,어린이대공원(세종대),2022-12,22,16436.954545454544,16942.5
seoul,7,2728,어린이대공원(세종대),2023-01,22,12659.045454545454,13530.0
seoul,7,2728,어린이대공원(세종대),2023-02,20,14190.15,14121.5
seoul,7,2728,어린이대공원(세종대),2023-03,23,20335.130434782608,21029.0
seoul,7,2728,어린이대공원(세종대),2023-04,20,20087.9,19982.0
seoul,7,2728,어린이대공원(세종대),2023-05,23,20479.478260869564,20934.0
seoul,7,2728,어린이대공원(세종대),2023-06,22,17393.909090909092,18361.5
seoul,7,2728,어린이대공원(세종대),2023-07,21,14208.761904761905,14128.0
seoul,7,2728,어린이대공원(세종대),2023-08,23,13272.608695652174,13349.0
seoul,7,2728,어린이대공원(세종대),2023-09,21,18656.571428571428,20164.0
seoul,7,2728,어린이대공원(세종대),2023-10,22,17963.727272727272,19180.0
seoul,7,2728,어린이대공원(세종대),2023-11,22,19127.636363636364,19218.5
seoul,7,2728,어린이대공원(세종대),2023-12,21,16813.619047619046,17804.0
seoul,7,2728,어린이대공원(세종대),2024-01,23,13490.0,13825.0
seoul,7,2728,어린이대공원(세종대),2024-02,21,13381.857142857143,13928.0
seoul,7,2728,어린이대공원(세종대),2024-03,21,20740.14285714286,21251.0
seoul,7,2728,어린이대공원(세종대),2024-04,22,20816.68181818182,21000.5
seoul,7,2728,어린이대공원(세종대),2024-05,23,20897.217391304348,21828.0
seoul,7,2728,어린이대공원(세종대),2024-06,20,18829.0,19128.5
seoul,7,2728,어린이대공원(세종대),2024-07,23,14707.521739130434,14452.0
seoul,7,2728,어린이대공원(세종대),2024-08,22,13654.681818181818,13891.5
seoul,7,2728,어린이대공원(세종대),2024-09,21,18084.619047619046,20216.0
seoul,7,2728,어린이대공원(세종대),2024-10,23,18996.739130434784,20040.0
seoul,7,2728,어린이대공원(세종대),2024-11,21,19874.571428571428,19949.0
seoul,7,2728,어린이대공원(세종대),2024-12,22,17349.863636363636,18271.0
seoul,7,2729,건대입구,2022-07,21,13209.47619047619,13243.0
seoul,7,2729,건대입구,2022-08,23,12404.391304347826,12453.0
seoul,7,2729,건대입구,2022-09,22,13748.045454545454,14344.0
seoul,7,2729,건대입구,2022-10,21,13704.904761904761,14237.0
seoul,7,2729,건대입구,2022-11,22,14095.954545454546,14090.0
seoul,7,2729,건대입구,2022-12,22,14413.40909090909,14173.5
seoul,7,2729,건대입구,2023-01,22,12819.636363636364,13410.5
seoul,7,2729,건대입구,2023-02,20,13732.6,13644.0
seoul,7,2729,건대입구,2023-03,23,15245.565217391304,15468.0
seoul,7,2729,건대입구,2023-04,20,15073.9,15045.5
seoul,7,2729,건대입구,2023-05,23,14992.608695652174,15368.0
seoul,7,2729,건대입구,2023-06,22,14634.40909090909,14920.0
seoul,7,2729,건대입구,2023-07,21,14182.095238095239,14084.0
seoul,7,2729,건대입구,2023-08,23,13653.173913043478,13741.0
seoul,7,2729,건대입구,2023-09,21,14668.809523809523,15507.0
seoul,7,2729,건대입구,2023-10,22,14320.09090909091,15033.0
seoul,7,2729,건대입구,2023-11,22,15166.545454545454,15238.0
seoul,7,2729,건대입구,2023-12,21,14815.47619047619,15045.0
seoul,7,2729,건대입구,2024-01,23,13785.695652173914,13969.0
seoul,7,2729,건대입구,2024-02,21,13343.0,13861.0
seoul,7,2729,건대입구,2024-03,21,15486.809523809523,15726.0
seoul,7,2729,건대입구,2024-04,22,15098.09090909091,15312.5
seoul,7,2729,건대입구,2024-05,23,15115.304347826086,15731.0
seoul,7,2729,건대입구,2024-06,20,15044.6,15375.5
seoul,7,2729,건대입구,2024-07,23,13957.304347826086,13838.0
seoul,7,2729,건대입구,2024-08,22,13426.863636363636,13606.0
seoul,7,2729,건대입구,2024-09,21,14384.0,15701.0
seoul,7,2729,건대입구,2024-10,23,14785.173913043478,15283.0
seoul,7,2729,건대입구,2024-11,21,15469.57142857143,15428.0
seoul,7,2729,건대입구,2024-12,22,15342.40909090909,15602.0
seoul,7,2730,뚝섬유원지,2022-07,21,9238.238095238095,9443.0
seoul,7,2730,뚝섬유원지,2022-08,23,8382.91304347826,8720.0
seoul,7,2730,뚝섬유원지,2022-09,22,10909.636363636364,10927.0
seoul,7,2730,뚝섬유원지,2022-10,21,9146.619047619048,9324.0
seoul,7,2730,뚝섬유원지,2022-11,22,8354.40909090909,8448.5
seoul,7,2730,뚝섬유원지,2022-12,22,7715.227272727273,7767.5
seoul,7,2730,뚝섬유원지,2023-01,22,7743.272727272727,8151.5
seoul,7,2730,뚝섬유원지,2023-02,20,8601.9,8709.5
seoul,7,2730,뚝섬유원지,2023-03,23,10503.0,9939.0
seoul,7,2730,뚝섬유원지,2023-04,20,10257.9,9596.0
seoul,7,2730,뚝섬유원지,2023-05,23,11790.695652173914,11611.0
seoul,7,2730,뚝섬유원지,2023-06,22,9935.363636363636,9940.5
seoul,7,2730,뚝섬유원지,2023-07,21,9225.42857142857,9099.0
seoul,7,2730,뚝섬유원지,2023-08,23,8721.826086956522,8867.0
seoul,7,2730,뚝섬유원지,2023-09,21,10573.857142857143,10195.0
seoul,7,2730,뚝섬유원지,2023-10,22,11923.681818181818,9996.0
seoul,7,2730,뚝섬유원지,2023-11,22,8540.40909090909,8392.5
seoul,7,2730,뚝섬유원지,2023-12,21,8430.809523809523,8313.0
seoul,7,2730,뚝섬유원지,2024-01,23,8190.173913043478,8162.0
seoul,7,2730,뚝섬유원지,2024-02,21,8219.190476190477,8348.0
seoul,7,2730,자양(뚝섬한강공원),2024-03,21,9114.904761904761,9021.0
seoul,7,2730,자양(뚝섬한강공원),2024-04,22,12213.90909090909,11932.0
seoul,7,2730,자양(뚝섬한강공원),2024-05,23,13506.652173913044,14034.0
seoul,7,2730,자양(뚝섬한강공원),2024-06,20,12059.6,11597.5
seoul,7,2730,자양(뚝섬한강공원),2024-07,23,9348.04347826087,9586.0
seoul,7,2730,자양(뚝섬한강공원),2024-08,22,9134.772727272728,9061.0
seoul,7,2730,자양(뚝섬한강공원),2024-09,21,10061.095238095239,9853.0
seoul,7,2730,자양(뚝섬한강공원),2024-10,23,11682.826086956522,10539.0
seoul,7,2730,자양(뚝섬한강공원),2024-11,21,8990.52380952381,8906.0
seoul,7,2730,자양(뚝섬한강공원),2024-12,22,8471.363636363636,8386.5
seoul,7,2731,청담,2022-07,21,20866.714285714286,20996.0
seoul,7,2731,청담,2022-08,23,19525.08695652174,20298.0
seoul,7,2731,청담,2022-09,22,20155.045454545456,21827.5
seoul,7,2731,청담,2022-10,21,20580.380952380954,22095.0
seoul,7,2731,청담,2022-11,22,21595.954545454544,21690.0
seoul,7,2731,청담,2022-12,22,20826.954545454544,20932.5
seoul,7,2731,청담,2023-01,22,19595.090909090908,21333.0
seoul,7,2731,청담,2023-02,20,21849.5,21968.5
seoul,7,2731,청담,2023-03,23,21675.17391304348,22376.0
seoul,7,2731,청담,2023-04,20,22318.25,22242.0
seoul,7,2731,청담,2023-05,23,20663.130434782608,22338.0
seoul,7,2731,청담,2023-06,22,20932.954545454544,21787.0
seoul,7,2731,청담,2023-07,21,21192.380952380954,21266.0
seoul,7,2731,청담,2023-08,23,19536.0,20507.0
seoul,7,2731,청담,2023-09,21,20092.095238095237,21836.0
seoul,7,2731,청담,2023-10,22,20186.68181818182,22192.5
seoul,7,2731,청담,2023-11,22,21747.363636363636,21673.0
seoul,7,2731,청담,2023-12,21,20321.95238095238,21128.0
seoul,7,2731,청담,2024-01,23,20550.391304347828,21179.0
seoul,7,2731,청담,2024-02,21,19748.52380952381,21533.0
seoul,7,2731,청담,2024-03,21,21384.190476190477,22085.0
seoul,7,2731,청담,2024-04,22,21182.045454545456,21753.0
seoul,7,2731,청담,2024-05,23,20343.652173913044,22077.0
seoul,7,2731,청담,2024-06,20,20844.55,21511.5
seoul,7,2731,청담,2024-07,23,20764.478260869564,20910.0
seoul,7,2731,청담,2024-08,22,19269.090909090908,19906.0
seoul,7,2731,청담,2024-09,21,18810.904761904763,21391.0
seoul,7,2731,청담,2024-10,23,19940.91304347826,21542.0
seoul,7,2731,청담,2024-11,21,21432.14285714286,21584.0
seoul,7,2731,청담,2024-12,22,19946.363636363636,20961.0
seoul,7,2732,강남구청,2022-07,21,17551.95238095238,17706.0
seoul,7,2732,강남구청,2022-08,23,16395.391304347828,16869.0
seoul,7,2732,강남구청,2022-09,22,16930.954545454544,18512.5
seoul,7,2732,강남구청,2022-10,21,17402.380952380954,18728.0
seoul,7,2732,강남구청,2022-11,22,18279.090909090908,18456.5
seoul,7,2732,강남구청,2022-12,22,17823.409090909092,17963.0
seoul,7,2732,강남구청,2023-01,22,16863.636363636364,18433.0
seoul,7,2732,강남구청,2023-02,20,18686.35,18892.0
seoul,7,2732,강남구청,2023-03,23,18286.304347826088,18943.0
seoul,7,2732,강남구청,2023-04,20,18705.5,18851.5
seoul,7,2732,강남구청,2023-05,23,17328.260869565216,18855.0
seoul,7,2732,강남구청,2023-06,22,17867.545454545456,18776.0
seoul,7,2732,강남구청,2023-07,21,18231.333333333332,18364.0
seoul,7,2732,강남구청,2023-08,23,16952.956521739132,17685.0
seoul,7,2732,강남구청,2023-09,21,17226.809523809523,18879.0
seoul,7,2732,강남구청,2023-10,22,17119.454545454544,18904.0
seoul,7,2732,강남구청,2023-11,22,18438.363636363636,18618.5
seoul,7,2732,강남구청,2023-12,21,17563.0,18259.0
seoul,7,2732,강남구청,2024-01,23,17595.260869565216,18451.0
seoul,7,2732,강남구청,2024-02,21,17067.04761904762,18661.0
seoul,7,2732,강남구청,2024-03,21,18121.85714285714,18751.0
seoul,7,2732,강남구청,2024-04,22,17945.5,18653.5
seoul,7,2732,강남구청,2024-05,23,17228.695652173912,18734.0
seoul,7,2732,강남구청,2024-06,20,17711.8,18432.0
seoul,7,2732,강남구청,2024-07,23,17875.0,17960.0
seoul,7,2732,강남구청,2024-08,22,16639.81818181818,17182.0
seoul,7,2732,강남구청,2024-09,21,15932.666666666666,18249.0
seoul,7,2732,강남구청,2024-10,23,16924.043478260868,18367.0
seoul,7,2732,강남구청,2024-11,21,18489.14285714286,18585.0
seoul,7,2732,강남구청,2024-12,22,17592.545454545456,18549.5
seoul,7,2733,학동,2022-07,21,25605.190476190477,25476.0
seoul,7,2733,학동,2022-08,23,23704.260869565216,24601.0
seoul,7,2733,학동,2022-09,22,23966.545454545456,26084.0
seoul,7,2733,학동,2022-10,21,24607.714285714286,26510.0
seoul,7,2733,학동,2022-11,22,26194.090909090908,26362.0
seoul,7,2733,학동,2022-12,22,25791.31818181818,26087.0
seoul,7,2733,학동,2023-01,22,24471.409090909092,26630.0
seoul,7,2733,학동,2023-02,20,27150.45,27164.0
seoul,7,2733,학동,2023-03,23,26567.434782608696,27508.0
seoul,7,2733,학동,2023-04,20,26922.1,27012.5
seoul,7,2733,학동,2023-05,23,24633.304347826088,27047.0
seoul,7,2733,학동,2023-06,22,25640.136363636364,26768.5
seoul,7,2733,학동,2023-07,21,26457.47619047619,26624.0
seoul,7,2733,학동,2023-08,23,24693.130434782608,26121.0
seoul,7,2733,학동,2023-09,21,24723.04761904762,26931.0
seoul,7,2733,학동,2023-10,22,24294.363636363636,27029.5
seoul,7,2733,학동,2023-11,22,27039.590909090908,27133.0
seoul,7,2733,학동,2023-12,21,25522.380952380954,26517.0
seoul,7,2733,학동,2024-01,23,25984.08695652174,27035.0
seoul,7,2733,학동,2024-02,21,25058.666666666668,27294.0
seoul,7,2733,학동,2024-03,21,26882.190476190477,27824.0
seoul,7,2733,학동,2024-04,22,26544.772727272728,27404.0
seoul,7,2733,학동,2024-05,23,24925.391304347828,27452.0
seoul,7,2733,학동,2024-06,20,25967.05,27291.0
seoul,7,2733,학동,2024-07,23,26655.782608695652,26778.0
seoul,7,2733,학동,2024-08,22,24825.454545454544,25916.5
seoul,7,2733,학동,2024-09,21,23517.0,27137.0
seoul,7,2733,학동,2024-10,23,24471.521739130436,26927.0
seoul,7,2733,학동,2024-11,21,27045.666666666668,27011.0
seoul,7,2733,학동,2024-12,22,25336.227272727272,26785.5
seoul,7,2734,논현,2022-07,21,19943.190476190477,20018.0
seoul,7,2734,논현,2022-08,23,18405.82608695652,19073.0
seoul,7,2734,논현,2022-09,22,18971.363636363636,20552.5
seoul,7,2734,논현,2022-10,21,19368.85714285714,20772.0
seoul,7,2734,논현,2022-11,22,20210.5,20350.0
seoul,7,2734,논현,2022-12,22,19718.68181818182,19870.0
seoul,7,2734,논현,2023-01,22,18790.31818181818,20370.0
seoul,7,2734,논현,2023-02,20,20823.5,20814.5
seoul,7,2734,논현,2023-03,23,20255.739130434784,20823.0
seoul,7,2734,논현,2023-04,20,20385.75,20385.5
seoul,7,2734,논현,2023-05,23,19030.260869565216,20637.0
seoul,7,2734,논현,2023-06,22,19644.045454545456,20476.0
seoul,7,2734,논현,2023-07,21,19904.380952380954,19918.0
seoul,7,2734,논현,2023-08,23,18335.391304347828,19185.0
seoul,7,2734,논현,2023-09,21,18744.714285714286,20216.0
seoul,7,2734,논현,2023-10,22,18827.5,20775.5
seoul,7,2734,논현,2023-11,22,20179.909090909092,20352.0
seoul,7,2734,논현,2023-12,21,19543.285714285714,20284.0
seoul,7,2734,논현,2024-01,23,19823.521739130436,20645.0
seoul,7,2734,논현,2024-02,21,19542.666666666668,21093.0
seoul,7,2734,논현,2024-03,21,20369.095238095237,20954.0
seoul,7,2734,논현,2024-04,22,20660.636363636364,21219.0
seoul,7,2734,논현,2024-05,23,19909.130434782608,21447.0
seoul,7,2734,논현,2024-06,20,20618.75,21307.5
seoul,7,2734,논현,2024-07,23,20679.260869565216,20757.0
seoul,7,2734,논현,2024-08,22,19176.5,19813.5
seoul,7,2734,논현,2024-09,21,18437.333333333332,20686.0
seoul,7,2734,논현,2024-10,23,19677.391304347828,21211.0
seoul,7,2734,논현,2024-11,21,21272.619047619046,21236.0
seoul,7,2734,논현,2024-12,22,20584.090909090908,21300.0
seoul,7,2735,반포,2022-07,21,6307.428571428572,6321.0
seoul,7,2735,반포,2022-08,23,5926.521739130435,6111.0
seoul,7,2735,반포,2022-09,22,6312.681818181818,6661.5
seoul,7,2735,반포,2022-10,21,6495.714285714285,6764.0
seoul,7,2735,반포,2022-11,22,6783.681818181818,6774.0
seoul,7,2735,반포,2022-12,22,6659.681818181818,6606.5
seoul,7,2735,반포,2023-01,22,6002.363636363636,6375.0
seoul,7,2735,반포,2023-02,20,6696.4,6715.0
seoul,7,2735,반포,2023-03,23,6879.608695652174,6961.0
seoul,7,2735,반포,2023-04,20,6920.4,6872.0
seoul,7,2735,반포,2023-05,23,6724.521739130435,7015.0
seoul,7,2735,반포,2023-06,22,6800.272727272727,6992.5
seoul,7,2735,반포,2023-07,21,6657.761904761905,6561.0
seoul,7,2735,반포,2023-08,23,6176.391304347826,6285.0
seoul,7,2735,반포,2023-09,21,6613.809523809524,7001.0
seoul,7,2735,반포,2023-10,22,6612.318181818182,6986.5
seoul,7,2735,반포,2023-11,22,6999.590909090909,7021.0
seoul,7,2735,반포,2023-12,21,6805.571428571428,6975.0
seoul,7,2735,반포,2024-01,23,6443.782608695652,6648.0
seoul,7,2735,반포,2024-02,21,6449.142857142857,6788.0
seoul,7,2735,반포,2024-03,21,7021.619047619048,7148.0
seoul,7,2735,반포,2024-04,22,7154.363636363636,7181.5
seoul,7,2735,반포,2024-05,23,7134.04347826087,7464.0
seoul,7,2735,반포,2024-06,20,7122.3,7234.5
seoul,7,2735,반포,2024-07,23,6893.0,6976.0
seoul,7,2735,반포,2024-08,22,6595.772727272727,6741.5
seoul,7,2735,반포,2024-09,21,6543.238095238095,7116.0
seoul,7,2735,반포,2024-10,23,6944.95652173913,7282.0
seoul,7,2735,반포,2024-11,21,7298.571428571428,7255.0
seoul,7,2735,반포,2024-12,22,7072.363636363636,7291.0
seoul,7,2736,고속터미널,2022-07,21,17126.619047619046,16775.0
seoul,7,2736,고속터미널,2022-08,23,16344.130434782608,16167.0
seoul,7,2736,고속터미널,2022-09,22,17007.68181818182,16589.5
seoul,7,2736,고속터미널,2022-10,21,17261.380952380954,16838.0
seoul,7,2736,고속터미널,2022-11,22,17494.409090909092,16781.0
seoul,7,2736,고속터미널,2022-12,22,17490.590909090908,17132.0
seoul,7,2736,고속터미널,2023-01,22,17650.136363636364,17071.5
seoul,7,2736,고속터미널,2023-02,20,18273.6,18204.0
seoul,7,2736,고속터미널,2023-03,23,17571.565217391304,17163.0
seoul,7,2736,고속터미널,2023-04,20,17766.85,17223.0
seoul,7,2736,고속터미널,2023-05,23,17890.652173913044,17464.0
seoul,7,2736,고속터미널,2023-06,22,17619.227272727272,17324.0
seoul,7,2736,고속터미널,2023-07,21,17943.809523809523,17544.0
seoul,7,2736,고속터미널,2023-08,23,17298.608695652172,17339.0
seoul,7,2736,고속터미널,2023-09,21,17248.571428571428,17261.0
seoul,7,2736,고속터미널,2023-10,22,18351.5,17630.0
seoul,7,2736,고속터미널,2023-11,22,18148.18181818182,17566.5
seoul,7,2736,고속터미널,2023-12,21,18236.238095238095,17806.0
seoul,7,2736,고속터미널,2024-01,23,17691.478260869564,17390.0
seoul,7,2736,고속터미널,2024-02,21,18506.380952380954,18517.0
seoul,7,2736,고속터미널,2024-03,21,17672.666666666668,17389.0
seoul,7,2736,고속터미널,2024-04,22,17793.81818181818,17567.0
seoul,7,2736,고속터미널,2024-05,23,18329.695652173912,18036.0
seoul,7,2736,고속터미널,2024-06,20,17866.35,17636.5
seoul,7,2736,고속터미널,2024-07,23,17616.130434782608,17275.0
seoul,7,2736,고속터미널,2024-08,22,17355.136363636364,17385.5
seoul,7,2736,고속터미널,2024-09,21,18256.904761904763,17632.0
seoul,7,2736,고속터미널,2024-10,23,17600.739130434784,17861.0
seoul,7,2736,고속터미널,2024-11,21,18964.238095238095,18289.0
seoul,7,2736,고속터미널,2024-12,22,18724.5,18407.0
seoul,7,2737,내방,2022-07,21,15429.952380952382,15487.0
seoul,7,2737,내방,2022-08,23,14303.826086956522,14922.0
seoul,7,2737,내방,2022-09,22,15145.818181818182,16312.0
seoul,7,2737,내방,2022-10,21,15390.238095238095,16400.0
seoul,7,2737,내방,2022-11,22,16212.772727272728,16200.5
seoul,7,2737,내방,2022-12,22,15897.227272727272,16070.5
seoul,7,2737,내방,2023-01,22,14877.681818181818,16048.0
seoul,7,2737,내방,2023-02,20,16407.4,16439.5
seoul,7,2737,내방,2023-03,23,16629.0,17097.0
seoul,7,2737,내방,2023-04,20,16895.35,16872.5
seoul,7,2737,내방,2023-05,23,16029.347826086956,17257.0
seoul,7,2737,내방,2023-06,22,16076.681818181818,16629.5
seoul,7,2737,내방,2023-07,21,16316.57142857143,16374.0
seoul,7,2737,내방,2023-08,23,15084.695652173914,15696.0
seoul,7,2737,내방,2023-09,21,15658.190476190477,16914.0
seoul,7,2737,내방,2023-10,22,15548.318181818182,17058.5
seoul,7,2737,내방,2023-11,22,16886.81818181818,16905.0
seoul,7,2737,내방,2023-12,21,16081.42857142857,16792.0
seoul,7,2737,내방,2024-01,23,15785.0,16442.0
seoul,7,2737,내방,2024-02,21,15516.380952380952,16722.0
seoul,7,2737,내방,2024-03,21,16780.47619047619,17291.0
seoul,7,2737,내방,2024-04,22,16772.863636363636,17226.0
seoul,7,2737,내방,2024-05,23,16277.04347826087,17437.0
seoul,7,2737,내방,2024-06,20,16541.15,17072.5
seoul,7,2737,내방,2024-07,23,16396.695652173912,16580.0
seoul,7,2737,내방,2024-08,22,15261.681818181818,15783.5
seoul,7,2737,내방,2024-09,21,15109.666666666666,17041.0
seoul,7,2737,내방,2024-10,23,15816.91304347826,17089.0
seoul,7,2737,내방,2024-11,21,17208.666666666668,17189.0
seoul,7,2737,내방,2024-12,22,16343.318181818182,17089.5
seoul,7,2738,이수,2022-07,21,17117.428571428572,17012.0
seoul,7,2738,이수,2022-08,23,15179.08695652174,15767.0
seoul,7,2738,이수,2022-09,22,16166.727272727272,17082.0
seoul,7,2738,이수,2022-10,21,16487.619047619046,17283.0
seoul,7,2738,이수,2022-11,22,17158.909090909092,17120.5
seoul,7,2738,이수,2022-12,22,17461.090909090908,17449.5
seoul,7,2738,이수,2023-01,22,15932.454545454546,16971.5
seoul,7,2738,이수,2023-02,20,17386.55,17333.0
seoul,7,2738,이수,2023-03,23,17228.565217391304,17527.0
seoul,7,2738,이수,2023-04,20,17317.75,17295.5
seoul,7,2738,이수,2023-05,23,16704.434782608696,17619.0
seoul,7,2738,이수,2023-06,22,16992.409090909092,17259.5
seoul,7,2738,이수,2023-07,21,17142.714285714286,17147.0
seoul,7,2738,이수,2023-08,23,16093.478260869566,16319.0
seoul,7,2738,이수,2023-09,21,16637.0,17616.0
seoul,7,2738,이수,2023-10,22,16515.81818181818,17528.5
seoul,7,2738,이수,2023-11,22,17654.090909090908,17729.5
seoul,7,2738,이수,2023-12,21,17637.285714285714,18025.0
seoul,7,2738,이수,2024-01,23,16974.17391304348,17439.0
seoul,7,2738,이수,2024-02,21,16955.428571428572,17697.0
seoul,7,2738,이수,2024-03,21,18180.190476190477,18440.0
seoul,7,2738,이수,2024-04,22,18323.454545454544,18576.0
seoul,7,2738,이수,2024-05,23,17879.391304347828,18609.0
seoul,7,2738,이수,2024-06,20,18061.6,18285.5
seoul,7,2738,이수,2024-07,23,17836.608695652172,17949.0
seoul,7,2738,이수,2024-08,22,16904.272727272728,17116.5
seoul,7,2738,이수,2024-09,21,16572.04761904762,18215.0
seoul,7,2738,이수,2024-10,23,17404.0,18266.0
seoul,7,2738,이수,2024-11,21,18570.333333333332,18516.0
seoul,7,2738,이수,2024-12,22,18376.636363636364,18602.5
seoul,7,2739,남성,2022-07,21,11683.666666666666,11674.0
seoul,7,2739,남성,2022-08,23,10989.217391304348,11294.0
seoul,7,2739,남성,2022-09,22,11954.545454545454,12680.0
seoul,7,2739,남성,2022-10,21,12140.285714285714,12792.0
seoul,7,2739,남성,2022-11,22,12505.136363636364,12592.5
seoul,7,2739,남성,2022-12,22,12103.136363636364,12206.0
seoul,7,2739,남성,2023-01,22,11142.136363636364,11965.0
seoul,7,2739,남성,2023-02,20,12286.2,12322.5
seoul,7,2739,남성,2023-03,23,12975.91304347826,13251.0
seoul,7,2739,남성,2023-04,20,13106.45,13133.0
seoul,7,2739,남성,2023-05,23,12553.347826086956,13331.0
seoul,7,2739,남성,2023-06,22,12514.318181818182,12835.0
seoul,7,2739,남성,2023-07,21,12218.380952380952,12170.0
seoul,7,2739,남성,2023-08,23,11622.260869565218,11762.0
seoul,7,2739,남성,2023-09,21,12474.52380952381,13278.0
seoul,7,2739,남성,2023-10,22,12319.863636363636,13223.0
seoul,7,2739,남성,2023-11,22,12963.681818181818,13020.0
seoul,7,2739,남성,2023-12,21,12307.714285714286,12778.0
seoul,7,2739,남성,2024-01,23,11845.91304347826,12233.0
seoul,7,2739,남성,2024-02,21,11780.761904761905,12430.0
seoul,7,2739,남성,2024-03,21,13125.047619047618,13363.0
seoul,7,2739,남성,2024-04,22,13091.727272727272,13396.5
seoul,7,2739,남성,2024-05,23,12749.782608695652,13447.0
seoul,7,2739,남성,2024-06,20,12844.9,13195.5
seoul,7,2739,남성,2024-07,23,12303.521739130434,12424.0
seoul,7,2739,남성,2024-08,22,11722.181818181818,11875.0
seoul,7,2739,남성,2024-09,21,11734.904761904761,13083.0
seoul,7,2739,남성,2024-10,23,12210.739130434782,12999.0
seoul,7,2739,남성,2024-11,21,13038.42857142857,13027.0
seoul,7,2739,남성,2024-12,22,12213.5,12594.0
seoul,7,2740,숭실대입구(살피재),2022-07,21,12418.47619047619,12400.0
seoul,7,2740,숭실대입구(살피재),2022-08,23,11435.521739130434,11838.0
seoul,7,2740,숭실대입구(살피재),2022-09,22,16388.909090909092,17158.0
seoul,7,2740,숭실대입구(살피재),2022-10,21,15864.0,16923.0
seoul,7,2740,숭실대입구(살피재),2022-11,22,16617.772727272728,16684.0
seoul,7,2740,숭실대입구(살피재),2022-12,22,14487.454545454546,14554.0
seoul,7,2740,숭실대입구(살피재),2023-01,22,11756.045454545454,12457.5
seoul,7,2740,숭실대입구(살피재),2023-02,20,12942.8,12611.0
seoul,7,2740,숭실대입구(살피재),2023-03,23,18470.869565217392,19050.0
seoul,7,2740,숭실대입구(살피재),2023-04,20,18395.75,18441.5
seoul,7,2740,숭실대입구(살피재),2023-05,23,17477.521739130436,18483.0
seoul,7,2740,숭실대입구(살피재),2023-06,22,15307.045454545454,15098.5
seoul,7,2740,숭실대입구(살피재),2023-07,21,13073.285714285714,13099.0
seoul,7,2740,숭실대입구(살피재),2023-08,23,12259.695652173914,12613.0
seoul,7,2740,숭실대입구(살피재),2023-09,21,17081.333333333332,18288.0
seoul,7,2740,숭실대입구(살피재),2023-10,22,16313.863636363636,17627.0
seoul,7,2740,숭실대입구(살피재),2023-11,22,17584.363636363636,17704.0
seoul,7,2740,숭실대입구(살피재),2023-12,21,15154.142857142857,15393.0
seoul,7,2740,숭실대입구(살피재),2024-01,23,12712.782608695652,12961.0
seoul,7,2740,숭실대입구(살피재),2024-02,21,12441.095238095239,12987.0
seoul,7,2740,숭실대입구(살피재),2024-03,21,19000.47619047619,19474.0
seoul,7,2740,숭실대입구(살피재),2024-04,22,18438.227272727272,18833.5
seoul,7,2740,숭실대입구(살피재),2024-05,23,17864.391304347828,18900.0
seoul,7,2740,숭실대입구(살피재),2024-06,20,15818.85,15085.0
seoul,7,2740,숭실대입구(살피재),2024-07,23,13301.173913043478,13350.0
seoul,7,2740,숭실대입구(살피재),2024-08,22,12482.59090909091,12722.5
seoul,7,2740,숭실대입구(살피재),2024-09,21,16026.952380952382,17959.0
seoul,7,2740,숭실대입구(살피재),2024-10,23,16560.130434782608,17685.0
seoul,7,2740,숭실대입구(살피재),2024-11,21,17570.380952380954,17643.0
seoul,7,2740,숭실대입구(살피재),2024-12,22,14875.318181818182,14634.5
seoul,7,2741,상도,2022-07,21,11491.857142857143,11542.0
seoul,7,2741,상도,2022-08,23,10723.130434782608,11165.0
seoul,7,2741,상도,2022-09,22,12871.40909090909,13723.5
seoul,7,2741,상도,2022-10,21,12758.57142857143,13568.0
seoul,7,2741,상도,2022-11,22,13539.181818181818,13617.5
seoul,7,2741,상도,2022-12,22,12674.181818181818,12941.0
seoul,7,2741,상도,2023-01,22,10868.59090909091,11612.0
seoul,7,2741,상도,2023-02,20,12086.8,11990.0
seoul,7,2741,상도,2023-03,23,14215.95652173913,14581.0
seoul,7,2741,상도,2023-04,20,14193.0,14226.0
seoul,7,2741,상도,2023-05,23,13684.478260869566,14547.0
seoul,7,2741,상도,2023-06,22,13092.772727272728,13698.5
seoul,7,2741,상도,2023-07,21,11943.809523809523,11953.0
seoul,7,2741,상도,2023-08,23,11257.130434782608,11513.0
seoul,7,2741,상도,2023-09,21,13432.142857142857,14270.0
seoul,7,2741,상도,2023-10,22,12967.318181818182,13875.5
seoul,7,2741,상도,2023-11,22,13998.727272727272,14086.5
seoul,7,2741,상도,2023-12,21,12994.57142857143,13557.0
seoul,7,2741,상도,2024-01,23,11635.304347826086,11991.0
seoul,7,2741,상도,2024-02,21,11490.190476190477,12184.0
seoul,7,2741,상도,2024-03,21,14407.0,14642.0
seoul,7,2741,상도,2024-04,22,14102.90909090909,14494.5
seoul,7,2741,상도,2024-05,23,13876.0,14668.0
seoul,7,2741,상도,2024-06,20,13546.9,14040.0
seoul,7,2741,상도,2024-07,23,12197.304347826086,12251.0
seoul,7,2741,상도,2024-08,22,11480.136363636364,11728.5
seoul,7,2741,상도,2024-09,21,12756.095238095239,14295.0
seoul,7,2741,상도,2024-10,23,13287.08695652174,13988.0
seoul,7,2741,상도,2024-11,21,14473.285714285714,14476.0
seoul,7,2741,상도,2024-12,22,13343.318181818182,13925.5
seoul,7,2742,장승배기,2022-07,21,9633.047619047618,9656.0
seoul,7,2742,장승배기,2022-08,23,9047.608695652174,9339.0
seoul,7,2742,장승배기,2022-09,22,9474.136363636364,10042.5
seoul,7,2742,장승배기,2022-10,21,9539.333333333334,10034.0
seoul,7,2742,장승배기,2022-11,22,9891.272727272728,9915.5
seoul,7,2742,장승배기,2022-12,22,9777.772727272728,9777.0
seoul,7,2742,장승배기,2023-01,22,9111.09090909091,9774.5
seoul,7,2742,장승배기,2023-02,20,9955.65,9939.0
seoul,7,2742,장승배기,2023-03,23,10016.391304347826,10204.0
seoul,7,2742,장승배기,2023-04,20,10216.2,10274.5
seoul,7,2742,장승배기,2023-05,23,9857.0,10449.0
seoul,7,2742,장승배기,2023-06,22,9862.363636363636,10195.0
seoul,7,2742,장승배기,2023-07,21,9918.095238095239,9976.0
seoul,7,2742,장승배기,2023-08,23,9430.217391304348,9640.0
seoul,7,2742,장승배기,2023-09,21,9904.333333333334,10501.0
seoul,7,2742,장승배기,2023-10,22,9775.863636363636,10435.5
seoul,7,2742,장승배기,2023-11,22,10313.272727272728,10290.0
seoul,7,2742,장승배기,2023-12,21,10027.190476190477,10304.0
seoul,7,2742,장승배기,2024-01,23,9652.565217391304,9933.0
seoul,7,2742,장승배기,2024-02,21,9559.52380952381,10127.0
seoul,7,2742,장승배기,2024-03,21,10442.619047619048,10554.0
seoul,7,2742,장승배기,2024-04,22,10444.318181818182,10575.0
seoul,7,2742,장승배기,2024-05,23,10114.217391304348,10660.0
seoul,7,2742,장승배기,2024-06,20,10162.2,10414.0
seoul,7,2742,장승배기,2024-07,23,10025.521739130434,10084.0
seoul,7,2742,장승배기,2024-08,22,9520.454545454546,9659.0
seoul,7,2742,장승배기,2024-09,21,9391.57142857143,10353.0
seoul,7,2742,장승배기,2024-10,23,9879.260869565218,10483.0
seoul,7,2742,장승배기,2024-11,21,10534.952380952382,10494.0
seoul,7,2742,장승배기,2024-12,22,10240.272727272728,10518.0
seoul,7,2743,신대방삼거리,2022-07,21,15942.809523809523,15949.0
seoul,7,2743,신대방삼거리,2022-08,23,14627.565217391304,15121.0
seoul,7,2743,신대방삼거리,2022-09,22,15634.681818181818,16637.5
seoul,7,2743,신대방삼거리,2022-10,21,15800.095238095239,16686.0
seoul,7,2743,신대방삼거리,2022-11,22,16430.545454545456,16522.5
seoul,7,2743,신대방삼거리,2022-12,22,15962.636363636364,15887.0
seoul,7,2743,신대방삼거리,2023-01,22,14840.863636363636,15965.5
seoul,7,2743,신대방삼거리,2023-02,20,16302.35,16294.0
seoul,7,2743,신대방삼거리,2023-03,23,16750.869565217392,17118.0
seoul,7,2743,신대방삼거리,2023-04,20,16887.7,16846.0
seoul,7,2743,신대방삼거리,2023-05,23,16139.217391304348,17108.0
seoul,7,2743,신대방삼거리,2023-06,22,16230.59090909091,16723.5
seoul,7,2743,신대방삼거리,2023-07,21,16043.190476190477,16054.0
seoul,7,2743,신대방삼거리,2023-08,23,15150.0,15570.0
seoul,7,2743,신대방삼거리,2023-09,21,15963.095238095239,16917.0
seoul,7,2743,신대방삼거리,2023-10,22,15609.90909090909,16647.5
seoul,7,2743,신대방삼거리,2023-11,22,16647.454545454544,16731.0
seoul,7,2743,신대방삼거리,2023-12,21,15976.761904761905,16327.0
seoul,7,2743,신대방삼거리,2024-01,23,15478.869565217392,15919.0
seoul,7,2743,신대방삼거리,2024-02,21,15397.0,16270.0
seoul,7,2743,신대방삼거리,2024-03,21,16923.904761904763,17164.0
seoul,7,2743,신대방삼거리,2024-04,22,16803.5,17126.0
seoul,7,2743,신대방삼거리,2024-05,23,16241.434782608696,17178.0
seoul,7,2743,신대방삼거리,2024-06,20,16446.8,16826.0
seoul,7,2743,신대방삼거리,2024-07,23,16041.91304347826,16139.0
seoul,7,2743,신대방삼거리,2024-08,22,15276.181818181818,15523.5
seoul,7,2743,신대방삼거리,2024-09,21,15174.809523809523,16820.0
seoul,7,2743,신대방삼거리,2024-10,23,15839.260869565218,16759.0
seoul,7,2743,신대방삼거리,2024-11,21,16792.333333333332,16764.0
seoul,7,2743,신대방삼거리,2024-12,22,16007.09090909091,16385.0
seoul,7,2744,보라매,2022-07,21,8197.42857142857,8289.0
seoul,7,2744,보라매,2022-08,23,7371.347826086957,7669.0
seoul,7,2744,보라매,2022-09,22,7823.727272727273,8343.0
seoul,7,2744,보라매,2022-10,21,7816.380952380952,8273.0
seoul,7,2744,보라매,2022-11,22,8011.681818181818,8016.0
seoul,7,2744,보라매,2022-12,22,7796.909090909091,7793.5
seoul,7,2744,보라매,2023-01,22,7046.681818181818,7540.0
seoul,7,2744,보라매,2023-02,20,7790.75,7810.5
seoul,7,2744,보라매,2023-03,23,7811.826086956522,8007.0
seoul,7,2744,보라매,2023-04,20,7852.1,7837.5
seoul,7,2744,보라매,2023-05,23,7635.347826086957,8150.0
seoul,7,2744,보라매,2023-06,22,7516.5,7735.5
seoul,7,2744,보라매,2023-07,21,7440.238095238095,7513.0
seoul,7,2744,보라매,2023-08,23,6884.608695652174,7032.0
seoul,7,2744,보라매,2023-09,21,7285.761904761905,7767.0
seoul,7,2744,보라매,2023-10,22,7121.909090909091,7629.5
seoul,7,2744,보라매,2023-11,22,7537.545454545455,7560.5
seoul,7,2744,보라매,2023-12,21,7286.285714285715,7569.0
seoul,7,2744,보라매,2024-01,23,7091.260869565217,7319.0
seoul,7,2744,보라매,2024-02,21,7016.666666666667,7358.0
seoul,7,2744,보라매,2024-03,21,7575.952380952381,7738.0
seoul,7,2744,보라매,2024-04,22,7555.136363636364,7725.5
seoul,7,2744,보라매,2024-05,23,7492.478260869565,7979.0
seoul,7,2744,보라매,2024-06,20,7365.25,7562.0
seoul,7,2744,보라매,2024-07,23,7147.826086956522,7185.0
seoul,7,2744,보라매,2024-08,22,6668.863636363636,6757.0
seoul,7,2744,보라매,2024-09,21,6620.190476190476,7297.0
seoul,7,2744,보라매,2024-10,23,6987.260869565217,7351.0
seoul,7,2744,보라매,2024-11,21,7502.047619047619,7484.0
seoul,7,2744,보라매,2024-12,22,7248.0,7410.5
seoul,7,2745,신풍,2022-07,21,12256.190476190477,12300.0
seoul,7,2745,신풍,2022-08,23,11267.652173913044,11677.0
seoul,7,2745,신풍,2022-09,22,11905.90909090909,12640.0
seoul,7,2745,신풍,2022-10,21,12070.190476190477,12660.0
seoul,7,2745,신풍,2022-11,22,12450.045454545454,12452.5
seoul,7,2745,신풍,2022-12,22,12258.09090909091,12308.0
seoul,7,2745,신풍,2023-01,22,11488.363636363636,12240.5
seoul,7,2745,신풍,2023-02,20,12557.15,12617.0
seoul,7,2745,신풍,2023-03,23,12858.434782608696,13189.0
seoul,7,2745,신풍,2023-04,20,13043.35,13131.5
seoul,7,2745,신풍,2023-05,23,12384.217391304348,13075.0
seoul,7,2745,신풍,2023-06,22,12404.227272727272,12714.0
seoul,7,2745,신풍,2023-07,21,12354.380952380952,12340.0
seoul,7,2745,신풍,2023-08,23,11589.869565217392,11825.0
seoul,7,2745,신풍,2023-09,21,12080.095238095239,12811.0
seoul,7,2745,신풍,2023-10,22,11952.59090909091,12751.5
seoul,7,2745,신풍,2023-11,22,12581.272727272728,12610.5
seoul,7,2745,신풍,2023-12,21,12134.285714285714,12573.0
seoul,7,2745,신풍,2024-01,23,11686.04347826087,11995.0
seoul,7,2745,신풍,2024-02,21,11598.57142857143,12325.0
seoul,7,2745,신풍,2024-03,21,12743.285714285714,12940.0
seoul,7,2745,신풍,2024-04,22,12818.5,13009.0
seoul,7,2745,신풍,2024-05,23,12383.391304347826,13082.0
seoul,7,2745,신풍,2024-06,20,12611.7,12903.5
seoul,7,2745,신풍,2024-07,23,12339.826086956522,12468.0
seoul,7,2745,신풍,2024-08,22,11556.90909090909,11801.0
seoul,7,2745,신풍,2024-09,21,11400.238095238095,12526.0
seoul,7,2745,신풍,2024-10,23,12199.91304347826,12903.0
seoul,7,2745,신풍,2024-11,21,13212.238095238095,13159.0
seoul,7,2745,신풍,2024-12,22,12766.40909090909,13072.0
seoul,7,2746,대림(구로구청),2022-07,21,8167.523809523809,8132.0
seoul,7,2746,대림(구로구청),2022-08,23,8021.130434782609,8135.0
seoul,7,2746,대림(구로구청),2022-09,22,8475.318181818182,8340.0
seoul,7,2746,대림(구로구청),2022-10,21,8343.619047619048,8487.0
seoul,7,2746,대림(구로구청),2022-11,22,8368.09090909091,8377.5
seoul,7,2746,대림(구로구청),2022-12,22,8385.045454545454,8358.0
seoul,7,2746,대림(구로구청),2023-01,22,8405.181818181818,8352.0
seoul,7,2746,대림(구로구청),2023-02,20,8594.8,8565.5
seoul,7,2746,대림(구로구청),2023-03,23,8711.782608695652,8753.0
seoul,7,2746,대림(구로구청),2023-04,20,8888.3,8968.5
seoul,7,2746,대림(구로구청),2023-05,23,8942.739130434782,9165.0
seoul,7,2746,대림(구로구청),2023-06,22,8953.363636363636,9056.5
seoul,7,2746,대림(구로구청),2023-07,21,8891.380952380952,8958.0
seoul,7,2746,대림(구로구청),2023-08,23,8462.04347826087,8599.0
seoul,7,2746,대림(구로구청),2023-09,21,9056.952380952382,8899.0
seoul,7,2746,대림(구로구청),2023-10,22,8833.863636363636,9046.0
seoul,7,2746,대림(구로구청),2023-11,22,9113.09090909091,9143.0
seoul,7,2746,대림(구로구청),2023-12,21,9023.47619047619,9172.0
seoul,7,2746,대림(구로구청),2024-01,23,8906.434782608696,8949.0
seoul,7,2746,대림(구로구청),2024-02,21,9205.047619047618,9180.0
seoul,7,2746,대림(구로구청),2024-03,21,9462.333333333334,9474.0
seoul,7,2746,대림(구로구청),2024-04,22,9365.045454545454,9476.0
seoul,7,2746,대림(구로구청),2024-05,23,9358.869565217392,9513.0
seoul,7,2746,대림(구로구청),2024-06,20,9344.2,9447.5
seoul,7,2746,대림(구로구청),2024-07,23,9285.173913043478,9317.0
seoul,7,2746,대림(구로구청),2024-08,22,9051.0,9148.0
seoul,7,2746,대림(구로구청),2024-09,21,9288.761904761905,9360.0
seoul,7,2746,대림(구로구청),2024-10,23,9168.08695652174,9363.0
seoul,7,2746,대림(구로구청),2024-11,21,9554.380952380952,9562.0
seoul,7,2746,대림(구로구청),2024-12,22,9359.09090909091,9453.0
seoul,7,2747,남구로,2022-07,21,16342.904761904761,16337.0
seoul,7,2747,남구로,2022-08,23,15337.565217391304,15882.0
seoul,7,2747,남구로,2022-09,22,15949.59090909091,16761.5
seoul,7,2747,남구로,2022-10,21,16009.190476190477,16895.0
seoul,7,2747,남구로,2022-11,22,16649.772727272728,16681.5
seoul,7,2747,남구로,2022-12,22,16191.136363636364,16297.0
seoul,7,2747,남구로,2023-01,22,15574.272727272728,16561.5
seoul,7,2747,남구로,2023-02,20,16789.5,16791.5
seoul,7,2747,남구로,2023-03,23,16612.739130434784,17017.0
seoul,7,2747,남구로,2023-04,20,17028.45,16998.0
seoul,7,2747,남구로,2023-05,23,15900.565217391304,17116.0
seoul,7,2747,남구로,2023-06,22,16232.454545454546,16824.0
seoul,7,2747,남구로,2023-07,21,16644.52380952381,16779.0
seoul,7,2747,남구로,2023-08,23,15580.869565217392,16218.0
seoul,7,2747,남구로,2023-09,21,16165.380952380952,17113.0
seoul,7,2747,남구로,2023-10,22,15687.136363636364,17053.5
seoul,7,2747,남구로,2023-11,22,16858.409090909092,16989.0
seoul,7,2747,남구로,2023-12,21,15945.47619047619,16463.0
seoul,7,2747,남구로,2024-01,23,16274.08695652174,16742.0
seoul,7,2747,남구로,2024-02,21,15828.0,16736.0
seoul,7,2747,남구로,2024-03,21,16581.0,17097.0
seoul,7,2747,남구로,2024-04,22,16622.909090909092,17064.0
seoul,7,2747,남구로,2024-05,23,15802.695652173914,16986.0
seoul,7,2747,남구로,2024-06,20,16063.2,16627.0
seoul,7,2747,남구로,2024-07,23,16174.304347826086,16213.0
seoul,7,2747,남구로,2024-08,22,15203.227272727272,15715.0
seoul,7,2747,남구로,2024-09,21,15010.047619047618,16542.0
seoul,7,2747,남구로,2024-10,23,15362.826086956522,16585.0
seoul,7,2747,남구로,2024-11,21,16693.619047619046,16661.0
seoul,7,2747,남구로,2024-12,22,15841.227272727272,16345.0
seoul,7,2748,가산디지털단지,2022-07,21,47680.80952380953,47865.0
seoul,7,2748,가산디지털단지,2022-08,23,43448.739130434784,45683.0
seoul,7,2748,가산디지털단지,2022-09,22,44415.454545454544,48189.0
seoul,7,2748,가산디지털단지,2022-10,21,45530.19047619047,49121.0
seoul,7,2748,가산디지털단지,2022-11,22,48659.045454545456,48711.5
seoul,7,2748,가산디지털단지,2022-12,22,47826.40909090909,48488.5
seoul,7,2748,가산디지털단지,2023-01,22,45403.72727272727,49319.0
seoul,7,2748,가산디지털단지,2023-02,20,49988.55,50107.0
seoul,7,2748,가산디지털단지,2023-03,23,48168.913043478264,49706.0
seoul,7,2748,가산디지털단지,2023-04,20,49350.6,49511.5
seoul,7,2748,가산디지털단지,2023-05,23,45827.739130434784,50189.0
seoul,7,2748,가산디지털단지,2023-06,22,47552.72727272727,49740.5
seoul,7,2748,가산디지털단지,2023-07,21,49870.57142857143,50172.0
seoul,7,2748,가산디지털단지,2023-08,23,46238.086956521736,48971.0
seoul,7,2748,가산디지털단지,2023-09,21,46734.19047619047,50872.0
seoul,7,2748,가산디지털단지,2023-10,22,45627.27272727273,51001.0
seoul,7,2748,가산디지털단지,2023-11,22,50775.045454545456,50935.5
seoul,7,2748,가산디지털단지,2023-12,21,47765.666666666664,50358.0
seoul,7,2748,가산디지털단지,2024-01,23,49737.434782608696,51589.0
seoul,7,2748,가산디지털단지,2024-02,21,47866.0,52190.0
seoul,7,2748,가산디지털단지,2024-03,21,50197.0,52135.0
seoul,7,2748,가산디지털단지,2024-04,22,49796.0,51594.0
seoul,7,2748,가산디지털단지,2024-05,23,46578.434782608696,51613.0
seoul,7,2748,가산디지털단지,2024-06,20,48855.95,51382.0
seoul,7,2748,가산디지털단지,2024-07,23,50617.608695652176,51055.0
seoul,7,2748,가산디지털단지,2024-08,22,46834.72727272727,49388.0
seoul,7,2748,가산디지털단지,2024-09,21,44283.28571428572,50875.0
seoul,7,2748,가산디지털단지,2024-10,23,45312.739130434784,50303.0
seoul,7,2748,가산디지털단지,2024-11,21,50941.90476190476,50871.0
seoul,7,2748,가산디지털단지,2024-12,22,47866.181818181816,50789.0
seoul,7,2749,철산,2022-07,21,22062.190476190477,21910.0
seoul,7,2749,철산,2022-08,23,20290.565217391304,20916.0
seoul,7,2749,철산,2022-09,22,22224.954545454544,23645.5
seoul,7,2749,철산,2022-10,21,22514.85714285714,23744.0
seoul,7,2749,철산,2022-11,22,23188.590909090908,23329.5
seoul,7,2749,철산,2022-12,22,23021.545454545456,22902.5
seoul,7,2749,철산,2023-01,22,21263.636363636364,22651.0
seoul,7,2749,철산,2023-02,20,23213.05,23218.0
seoul,7,2749,철산,2023-03,23,23546.782608695652,24012.0
seoul,7,2749,철산,2023-04,20,23752.45,23811.0
seoul,7,2749,철산,2023-05,23,22871.608695652172,24146.0
seoul,7,2749,철산,2023-06,22,22799.81818181818,23428.0
seoul,7,2749,철산,2023-07,21,22590.04761904762,22453.0
seoul,7,2749,철산,2023-08,23,21103.782608695652,21722.0
seoul,7,2749,철산,2023-09,21,22348.238095238095,23783.0
seoul,7,2749,철산,2023-10,22,22413.227272727272,23868.0
seoul,7,2749,철산,2023-11,22,23647.090909090908,23733.0
seoul,7,2749,철산,2023-12,21,23193.190476190477,23741.0
seoul,7,2749,철산,2024-01,23,22306.956521739132,23088.0
seoul,7,2749,철산,2024-02,21,22007.904761904763,23293.0
seoul,7,2749,철산,2024-03,21,23873.47619047619,24289.0
seoul,7,2749,철산,2024-04,22,24048.863636363636,24487.5
seoul,7,2749,철산,2024-05,23,23410.130434782608,24669.0
seoul,7,2749,철산,2024-06,20,23543.25,23992.0
seoul,7,2749,철산,2024-07,23,23074.695652173912,23149.0
seoul,7,2749,철산,2024-08,22,21849.954545454544,22238.5
seoul,7,2749,철산,2024-09,21,21721.95238095238,24013.0
seoul,7,2749,철산,2024-10,23,22781.347826086956,24010.0
seoul,7,2749,철산,2024-11,21,24117.571428571428,23958.0
seoul,7,2749,철산,2024-12,22,23261.590909090908,23784.5
seoul,7,2750,광명사거리,2022-07,21,22376.238095238095,22282.0
seoul,7,2750,광명사거리,2022-08,23,20654.043478260868,21056.0
seoul,7,2750,광명사거리,2022-09,22,22083.363636363636,23044.0
seoul,7,2750,광명사거리,2022-10,21,22159.714285714286,23041.0
seoul,7,2750,광명사거리,2022-11,22,22679.045454545456,22739.5
seoul,7,2750,광명사거리,2022-12,22,22312.18181818182,22231.0
seoul,7,2750,광명사거리,2023-01,22,21110.227272727272,22232.5
seoul,7,2750,광명사거리,2023-02,20,22733.35,22720.0
seoul,7,2750,광명사거리,2023-03,23,23103.130434782608,23388.0
seoul,7,2750,광명사거리,2023-04,20,23083.75,23218.0
seoul,7,2750,광명사거리,2023-05,23,22225.695652173912,23230.0
seoul,7,2750,광명사거리,2023-06,22,21983.363636363636,22551.5
seoul,7,2750,광명사거리,2023-07,21,21339.47619047619,21361.0
seoul,7,2750,광명사거리,2023-08,23,20152.043478260868,20599.0
seoul,7,2750,광명사거리,2023-09,21,21362.380952380954,22271.0
seoul,7,2750,광명사거리,2023-10,22,21261.409090909092,22422.5
seoul,7,2750,광명사거리,2023-11,22,22223.272727272728,22311.0
seoul,7,2750,광명사거리,2023-12,21,21692.666666666668,22182.0
seoul,7,2750,광명사거리,2024-01,23,21014.217391304348,21552.0
seoul,7,2750,광명사거리,2024-02,21,20982.190476190477,21844.0
seoul,7,2750,광명사거리,2024-03,21,22292.714285714286,22669.0
seoul,7,2750,광명사거리,2024-04,22,22479.227272727272,22782.5
seoul,7,2750,광명사거리,2024-05,23,21820.347826086956,22716.0
seoul,7,2750,광명사거리,2024-06,20,21747.15,21966.0
seoul,7,2750,광명사거리,2024-07,23,21148.521739130436,21411.0
seoul,7,2750,광명사거리,2024-08,22,20011.954545454544,20189.0
seoul,7,2750,광명사거리,2024-09,21,20220.238095238095,21907.0
seoul,7,2750,광명사거리,2024-10,23,21370.565217391304,22305.0
seoul,7,2750,광명사거리,2024-11,21,22605.47619047619,22481.0
seoul,7,2750,광명사거리,2024-12,22,22106.772727272728,22410.0
seoul,7,2751,천왕,2022-07,21,12072.333333333334,12097.0
seoul,7,2751,천왕,2022-08,23,11019.739130434782,11581.0
seoul,7,2751,천왕,2022-09,22,11982.5,12757.5
seoul,7,2751,천왕,2022-10,21,12249.285714285714,13007.0
seoul,7,2751,천왕,2022-11,22,12788.0,12807.0
seoul,7,2751,천왕,2022-12,22,12438.40909090909,12470.5
seoul,7,2751,천왕,2023-01,22,11524.454545454546,12330.0
seoul,7,2751,천왕,2023-02,20,12660.35,12715.0
seoul,7,2751,천왕,2023-03,23,12925.260869565218,13275.0
seoul,7,2751,천왕,2023-04,20,13164.35,13201.5
seoul,7,2751,천왕,2023-05,23,12535.782608695652,13382.0
seoul,7,2751,천왕,2023-06,22,12706.636363636364,13157.0
seoul,7,2751,천왕,2023-07,21,12635.57142857143,12646.0
seoul,7,2751,천왕,2023-08,23,11740.130434782608,12141.0
seoul,7,2751,천왕,2023-09,21,12441.380952380952,13225.0
seoul,7,2751,천왕,2023-10,22,12349.727272727272,13315.5
seoul,7,2751,천왕,2023-11,22,13164.318181818182,13227.0
seoul,7,2751,천왕,2023-12,21,12590.380952380952,13001.0
seoul,7,2751,천왕,2024-01,23,12063.739130434782,12563.0
seoul,7,2751,천왕,2024-02,21,11888.0,12631.0
seoul,7,2751,천왕,2024-03,21,13033.333333333334,13362.0
seoul,7,2751,천왕,2024-04,22,13258.727272727272,13607.5
seoul,7,2751,천왕,2024-05,23,12770.130434782608,13623.0
seoul,7,2751,천왕,2024-06,20,12939.75,13319.0
seoul,7,2751,천왕,2024-07,23,12806.173913043478,12902.0
seoul,7,2751,천왕,2024-08,22,11808.40909090909,12023.5
seoul,7,2751,천왕,2024-09,21,11870.238095238095,13174.0
seoul,7,2751,천왕,2024-10,23,12354.347826086956,13271.0
seoul,7,2751,천왕,2024-11,21,13319.47619047619,13320.0
seoul,7,2751,천왕,2024-12,22,12755.5,13181.5
seoul,7,2752,온수(성공회대입구),2022-07,21,10509.857142857143,10631.0
seoul,7,2752,온수(성공회대입구),2022-08,23,9659.130434782608,9800.0
seoul,7,2752,온수(성공회대입구),2022-09,22,11161.863636363636,11931.5
seoul,7,2752,온수(성공회대입구),2022-10,21,11418.809523809523,12153.0
seoul,7,2752,온수(성공회대입구),2022-11,22,12043.045454545454,11978.5
seoul,7,2752,온수(성공회대입구),2022-12,22,11157.363636363636,11539.5
seoul,7,2752,온수(성공회대입구),2023-01,22,9737.681818181818,10421.5
seoul,7,2752,온수(성공회대입구),2023-02,20,10593.05,10569.5
seoul,7,2752,온수(성공회대입구),2023-03,23,12182.08695652174,12517.0
seoul,7,2752,온수(성공회대입구),2023-04,20,12383.4,12384.5
seoul,7,2752,온수(성공회대입구),2023-05,23,11488.695652173914,12343.0
seoul,7,2752,온수(성공회대입구),2023-06,22,11390.954545454546,11848.5
seoul,7,2752,온수(성공회대입구),2023-07,21,10744.190476190477,10853.0
seoul,7,2752,온수(성공회대입구),2023-08,23,9973.826086956522,10304.0
seoul,7,2752,온수(성공회대입구),2023-09,21,11444.0,12294.0
seoul,7,2752,온수(성공회대입구),2023-10,22,11171.954545454546,12179.0
seoul,7,2752,온수(성공회대입구),2023-11,22,11973.59090909091,12016.5
seoul,7,2752,온수(성공회대입구),2023-12,21,10930.380952380952,11194.0
seoul,7,2752,온수(성공회대입구),2024-01,23,9893.0,10267.0
seoul,7,2752,온수(성공회대입구),2024-02,21,9807.857142857143,10462.0
seoul,7,2752,온수(성공회대입구),2024-03,21,11919.47619047619,12320.0
seoul,7,2752,온수(성공회대입구),2024-04,22,12042.454545454546,12331.5
seoul,7,2752,온수(성공회대입구),2024-05,23,11410.347826086956,12369.0
seoul,7,2752,온수(성공회대입구),2024-06,20,11446.3,11870.0
seoul,7,2752,온수(성공회대입구),2024-07,23,10506.478260869566,10589.0
seoul,7,2752,온수(성공회대입구),2024-08,22,10017.59090909091,10127.5
seoul,7,2752,온수(성공회대입구),2024-09,21,10711.857142857143,11925.0
seoul,7,2752,온수(성공회대입구),2024-10,23,11167.434782608696,12101.0
seoul,7,2752,온수(성공회대입구),2024-11,21,12071.238095238095,12101.0
seoul,7,2752,온수(성공회대입구),2024-12,22,11093.454545454546,11355.5
seoul,7,2753,까치울,2022-12,2,0.0,0.0
seoul,7,2757,부천시청,2022-12,1,0.0,0.0
seoul,7,2761,부평구청,2022-12,1,0.0,0.0
seoul,8,2810,암사역사공원,2024-07,1,3.0,3.0
seoul,8,2810,암사역사공원,2024-08,22,3492.2272727272725,5035.0
seoul,8,2810,암사역사공원,2024-09,21,5492.571428571428,5895.0
seoul,8,2810,암사역사공원,2024-10,23,6253.173913043478,6577.0
seoul,8,2810,암사역사공원,2024-11,21,6788.857142857143,6773.0
seoul,8,2810,암사역사공원,2024-12,22,6461.818181818182,6675.5
seoul,8,2811,암사,2022-07,21,19752.714285714286,19920.0
seoul,8,2811,암사,2022-08,23,18453.82608695652,18874.0
seoul,8,2811,암사,2022-09,22,19389.0,20650.0
seoul,8,2811,암사,2022-10,21,19915.809523809523,21050.0
seoul,8,2811,암사,2022-11,22,20775.18181818182,20750.0
seoul,8,2811,암사,2022-12,22,20381.454545454544,20417.5
seoul,8,2811,암사,2023-01,22,19057.272727272728,20406.5
seoul,8,2811,암사,2023-02,20,20810.7,20885.0
seoul,8,2811,암사,2023-03,23,20895.043478260868,21353.0
seoul,8,2811,암사,2023-04,20,21204.8,21196.5
seoul,8,2811,암사,2023-05,23,20112.82608695652,21426.0
seoul,8,2811,암사,2023-06,22,20465.454545454544,21125.0
seoul,8,2811,암사,2023-07,21,20328.380952380954,20301.0
seoul,8,2811,암사,2023-08,23,19140.478260869564,19669.0
seoul,8,2811,암사,2023-09,21,19815.47619047619,21117.0
seoul,8,2811,암사,2023-10,22,19615.81818181818,21026.5
seoul,8,2811,암사,2023-11,22,20740.136363636364,20817.0
seoul,8,2811,암사,2023-12,21,20105.714285714286,20720.0
seoul,8,2811,암사,2024-01,23,19704.347826086956,20406.0
seoul,8,2811,암사,2024-02,21,19457.761904761905,20665.0
seoul,8,2811,암사,2024-03,21,20864.85714285714,21290.0
seoul,8,2811,암사,2024-04,22,21081.31818181818,21590.0
seoul,8,2811,암사,2024-05,23,20377.217391304348,21632.0
seoul,8,2811,암사,2024-06,20,20773.25,21335.5
seoul,8,2811,암사,2024-07,23,20536.652173913044,20578.0
seoul,8,2811,암사,2024-08,22,18268.454545454544,18475.5
seoul,8,2811,암사,2024-09,21,17189.47619047619,18978.0
seoul,8,2811,암사,2024-10,23,17829.0,18626.0
seoul,8,2811,암사,2024-11,21,18781.809523809523,18830.0
seoul,8,2811,암사,2024-12,22,18170.409090909092,18704.5
seoul,8,2812,천호(풍납토성),2022-07,21,15237.952380952382,15186.0
seoul,8,2812,천호(풍납토성),2022-08,23,14228.304347826086,14507.0
seoul,8,2812,천호(풍납토성),2022-09,22,14655.59090909091,15396.5
seoul,8,2812,천호(풍납토성),2022-10,21,15046.666666666666,15612.0
seoul,8,2812,천호(풍납토성),2022-11,22,15565.681818181818,15428.5
seoul,8,2812,천호(풍납토성),2022-12,22,15700.863636363636,15635.5
seoul,8,2812,천호(풍납토성),2023-01,22,14698.454545454546,15561.0
seoul,8,2812,천호(풍납토성),2023-02,20,16012.6,16053.0
seoul,8,2812,천호(풍납토성),2023-03,23,15950.130434782608,16220.0
seoul,8,2812,천호(풍납토성),2023-04,20,16026.1,16054.0
seoul,8,2812,천호(풍납토성),2023-05,23,15361.739130434782,16040.0
seoul,8,2812,천호(풍납토성),2023-06,22,15553.0,15823.0
seoul,8,2812,천호(풍납토성),2023-07,21,15744.238095238095,15784.0
seoul,8,2812,천호(풍납토성),2023-08,23,14913.478260869566,15176.0
seoul,8,2812,천호(풍납토성),2023-09,21,15165.809523809523,15981.0
seoul,8,2812,천호(풍납토성),2023-10,22,15360.363636363636,16194.5
seoul,8,2812,천호(풍납토성),2023-11,22,16297.136363636364,16380.0
seoul,8,2812,천호(풍납토성),2023-12,21,16278.238095238095,16616.0
seoul,8,2812,천호(풍납토성),2024-01,23,15811.869565217392,16291.0
seoul,8,2812,천호(풍납토성),2024-02,21,15768.190476190477,16518.0
seoul,8,2812,천호(풍납토성),2024-03,21,16570.333333333332,16871.0
seoul,8,2812,천호(풍납토성),2024-04,22,16442.5,16673.5
seoul,8,2812,천호(풍납토성),2024-05,23,16108.304347826086,16765.0
seoul,8,2812,천호(풍납토성),2024-06,20,16370.9,16714.5
seoul,8,2812,천호(풍납토성),2024-07,23,16316.04347826087,16288.0
seoul,8,2812,천호(풍납토성),2024-08,22,16783.68181818182,17160.5
seoul,8,2812,천호(풍납토성),2024-09,21,16596.52380952381,18010.0
seoul,8,2812,천호(풍납토성),2024-10,23,17648.304347826088,18344.0
seoul,8,2812,천호(풍납토성),2024-11,21,18790.14285714286,18737.0
seoul,8,2812,천호(풍납토성),2024-12,22,18856.863636363636,18983.0
seoul,8,2813,강동구청,2022-07,21,10886.714285714286,11008.0
seoul,8,2813,강동구청,2022-08,23,10070.869565217392,10342.0
seoul,8,2813,강동구청,2022-09,22,10689.09090909091,11443.5
seoul,8,2813,강동구청,2022-10,21,10953.619047619048,11618.0
seoul,8,2813,강동구청,2022-11,22,11468.181818181818,11478.0
seoul,8,2813,강동구청,2022-12,22,11637.227272727272,11650.5
seoul,8,2813,강동구청,2023-01,22,10671.90909090909,11460.0
seoul,8,2813,강동구청,2023-02,20,11728.55,11781.0
seoul,8,2813,강동구청,2023-03,23,11622.0,11908.0
seoul,8,2813,강동구청,2023-04,20,11825.9,11866.5
seoul,8,2813,강동구청,2023-05,23,11202.08695652174,11955.0
seoul,8,2813,강동구청,2023-06,22,11395.59090909091,11721.0
seoul,8,2813,강동구청,2023-07,21,11473.952380952382,11397.0
seoul,8,2813,강동구청,2023-08,23,10629.04347826087,10951.0
seoul,8,2813,강동구청,2023-09,21,11088.619047619048,11875.0
seoul,8,2813,강동구청,2023-10,22,10981.40909090909,11822.5
seoul,8,2813,강동구청,2023-11,22,11865.454545454546,11896.5
seoul,8,2813,강동구청,2023-12,21,11715.047619047618,12096.0
seoul,8,2813,강동구청,2024-01,23,11315.521739130434,11681.0
seoul,8,2813,강동구청,2024-02,21,11124.52380952381,11874.0
seoul,8,2813,강동구청,2024-03,21,11872.57142857143,12160.0
seoul,8,2813,강동구청,2024-04,22,11752.727272727272,12086.5
seoul,8,2813,강동구청,2024-05,23,11442.173913043478,12211.0
seoul,8,2813,강동구청,2024-06,20,11579.65,11884.5
seoul,8,2813,강동구청,2024-07,23,11448.173913043478,11486.0
seoul,8,2813,강동구청,2024-08,22,10899.227272727272,11213.5
seoul,8,2813,강동구청,2024-09,21,10870.857142857143,12160.0
seoul,8,2813,강동구청,2024-10,23,11383.521739130434,12170.0
seoul,8,2813,강동구청,2024-11,21,12332.57142857143,12309.0
seoul,8,2813,강동구청,2024-12,22,11989.636363636364,12331.5
seoul,8,2814,몽촌토성(평화의문),2022-07,21,6388.857142857143,6414.0
seoul,8,2814,몽촌토성(평화의문),2022-08,23,5945.260869565217,6160.0
seoul,8,2814,몽촌토성(평화의문),2022-09,22,6374.409090909091,6581.5
seoul,8,2814,몽촌토성(평화의문),2022-10,21,6875.619047619048,6958.0
seoul,8,2814,몽촌토성(평화의문),2022-11,22,6797.818181818182,6826.5
seoul,8,2814,몽촌토성(평화의문),2022-12,22,6828.954545454545,6949.5
seoul,8,2814,몽촌토성(평화의문),2023-01,22,6368.636363636364,6822.5
seoul,8,2814,몽촌토성(평화의문),2023-02,20,7097.45,7150.5
seoul,8,2814,몽촌토성(평화의문),2023-03,23,7113.347826086957,7178.0
seoul,8,2814,몽촌토성(평화의문),2023-04,20,7382.3,7379.0
seoul,8,2814,몽촌토성(평화의문),2023-05,23,7491.130434782609,7508.0
seoul,8,2814,몽촌토성(평화의문),2023-06,22,7061.772727272727,7217.5
seoul,8,2814,몽촌토성(평화의문),2023-07,21,7048.714285714285,7111.0
seoul,8,2814,몽촌토성(평화의문),2023-08,23,6645.695652173913,6798.0
seoul,8,2814,몽촌토성(평화의문),2023-09,21,6851.333333333333,7198.0
seoul,8,2814,몽촌토성(평화의문),2023-10,22,7278.0,7558.0
seoul,8,2814,몽촌토성(평화의문),2023-11,22,7450.818181818182,7448.0
seoul,8,2814,몽촌토성(평화의문),2023-12,21,7380.952380952381,7646.0
seoul,8,2814,몽촌토성(평화의문),2024-01,23,7298.869565217391,7459.0
seoul,8,2814,몽촌토성(평화의문),2024-02,21,7054.857142857143,7487.0
seoul,8,2814,몽촌토성(평화의문),2024-03,21,7492.476190476191,7607.0
seoul,8,2814,몽촌토성(평화의문),2024-04,22,7850.772727272727,7947.0
seoul,8,2814,몽촌토성(평화의문),2024-05,23,7875.782608695652,8037.0
seoul,8,2814,몽촌토성(평화의문),2024-06,20,7496.45,7651.5
seoul,8,2814,몽촌토성(평화의문),2024-07,23,7360.869565217391,7408.0
seoul,8,2814,몽촌토성(평화의문),2024-08,22,7205.363636363636,7366.5
seoul,8,2814,몽촌토성(평화의문),2024-09,21,7361.476190476191,7951.0
seoul,8,2814,몽촌토성(평화의문),2024-10,23,8131.260869565217,8324.0
seoul,8,2814,몽촌토성(평화의문),2024-11,21,8508.52380952381,8505.0
seoul,8,2814,몽촌토성(평화의문),2024-12,22,8058.590909090909,8264.5
seoul,8,2815,잠실(송파구청),2022-07,21,15589.52380952381,15481.0
seoul,8,2815,잠실(송파구청),2022-08,23,14654.04347826087,14589.0
seoul,8,2815,잠실(송파구청),2022-09,22,14378.681818181818,14686.0
seoul,8,2815,잠실(송파구청),2022-10,21,15312.333333333334,15468.0
seoul,8,2815,잠실(송파구청),2022-11,22,15390.181818181818,15344.5
seoul,8,2815,잠실(송파구청),2022-12,22,17434.227272727272,17298.5
seoul,8,2815,잠실(송파구청),2023-01,22,15919.363636363636,16320.5
seoul,8,2815,잠실(송파구청),2023-02,20,16791.75,16771.5
seoul,8,2815,잠실(송파구청),2023-03,23,16326.04347826087,15990.0
seoul,8,2815,잠실(송파구청),2023-04,20,16155.8,16133.5
seoul,8,2815,잠실(송파구청),2023-05,23,15673.782608695652,15681.0
seoul,8,2815,잠실(송파구청),2023-06,22,15954.318181818182,16013.5
seoul,8,2815,잠실(송파구청),2023-07,21,16982.428571428572,17062.0
seoul,8,2815,잠실(송파구청),2023-08,23,16393.91304347826,16317.0
seoul,8,2815,잠실(송파구청),2023-09,21,15554.57142857143,16315.0
seoul,8,2815,잠실(송파구청),2023-10,22,15777.636363636364,16055.5
seoul,8,2815,잠실(송파구청),2023-11,22,17032.090909090908,16865.0
seoul,8,2815,잠실(송파구청),2023-12,21,18740.47619047619,18486.0
seoul,8,2815,잠실(송파구청),2024-01,23,17044.956521739132,17154.0
seoul,8,2815,잠실(송파구청),2024-02,21,17259.380952380954,17777.0
seoul,8,2815,잠실(송파구청),2024-03,21,17447.47619047619,17156.0
seoul,8,2815,잠실(송파구청),2024-04,22,17955.272727272728,17445.0
seoul,8,2815,잠실(송파구청),2024-05,23,17147.652173913044,16992.0
seoul,8,2815,잠실(송파구청),2024-06,20,17252.7,17244.0
seoul,8,2815,잠실(송파구청),2024-07,23,17473.130434782608,17632.0
seoul,8,2815,잠실(송파구청),2024-08,22,18460.590909090908,18422.0
seoul,8,2815,잠실(송파구청),2024-09,21,17777.95238095238,18271.0
seoul,8,2815,잠실(송파구청),2024-10,23,18440.91304347826,18597.0
seoul,8,2815,잠실(송파구청),2024-11,21,19885.14285714286,19482.0
seoul,8,2815,잠실(송파구청),2024-12,22,22086.863636363636,21558.5
seoul,8,2816,석촌,2022-07,21,7963.0952380952385,7986.0
seoul,8,2816,석촌,2022-08,23,7426.391304347826,7586.0
seoul,8,2816,석촌,2022-09,22,7627.181818181818,8006.5
seoul,8,2816,석촌,2022-10,21,7964.047619047619,8293.0
seoul,8,2816,석촌,2022-11,22,8123.227272727273,8143.0
seoul,8,2816,석촌,2022-12,22,8321.681818181818,8308.0
seoul,8,2816,석촌,2023-01,22,7803.0,8278.0
seoul,8,2816,석촌,2023-02,20,8520.65,8545.0
seoul,8,2816,석촌,2023-03,23,8562.260869565218,8499.0
seoul,8,2816,석촌,2023-04,20,8663.95,8584.5
seoul,8,2816,석촌,2023-05,23,8169.04347826087,8526.0
seoul,8,2816,석촌,2023-06,22,8226.5,8419.0
seoul,8,2816,석촌,2023-07,21,8441.333333333334,8466.0
seoul,8,2816,석촌,2023-08,23,8024.782608695652,8222.0
seoul,8,2816,석촌,2023-09,21,8137.142857142857,8660.0
seoul,8,2816,석촌,2023-10,22,8173.863636363636,8674.0
seoul,8,2816,석촌,2023-11,22,8695.727272727272,8710.5
seoul,8,2816,석촌,2023-12,21,8753.095238095239,8927.0
seoul,8,2816,석촌,2024-01,23,8558.217391304348,8784.0
seoul,8,2816,석촌,2024-02,21,8535.047619047618,9075.0
seoul,8,2816,석촌,2024-03,21,8907.619047619048,9038.0
seoul,8,2816,석촌,2024-04,22,9223.727272727272,9145.5
seoul,8,2816,석촌,2024-05,23,8554.130434782608,8935.0
seoul,8,2816,석촌,2024-06,20,8823.5,9054.0
seoul,8,2816,석촌,2024-07,23,8747.347826086956,8743.0
seoul,8,2816,석촌,2024-08,22,8729.636363636364,8900.0
seoul,8,2816,석촌,2024-09,21,8488.380952380952,9322.0
seoul,8,2816,석촌,2024-10,23,9115.304347826086,9503.0
seoul,8,2816,석촌,2024-11,21,9708.333333333334,9605.0
seoul,8,2816,석촌,2024-12,22,9687.90909090909,9776.5
seoul,8,2817,송파,2022-07,21,9158.952380952382,9255.0
seoul,8,2817,송파,2022-08,23,8514.478260869566,8542.0
seoul,8,2817,송파,2022-09,22,8899.363636363636,9444.0
seoul,8,2817,송파,2022-10,21,9126.42857142857,9611.0
seoul,8,2817,송파,2022-11,22,9429.181818181818,9500.0
seoul,8,2817,송파,2022-12,22,9895.772727272728,9782.5
seoul,8,2817,송파,2023-01,22,8960.181818181818,9480.0
seoul,8,2817,송파,2023-02,20,9742.65,9734.5
seoul,8,2817,송파,2023-03,23,9948.173913043478,10159.0
seoul,8,2817,송파,2023-04,20,10233.5,10236.5
seoul,8,2817,송파,2023-05,23,9751.391304347826,10276.0
seoul,8,2817,송파,2023-06,22,9978.90909090909,10186.0
seoul,8,2817,송파,2023-07,21,10166.095238095239,10306.0
seoul,8,2817,송파,2023-08,23,9530.260869565218,9671.0
seoul,8,2817,송파,2023-09,21,9911.47619047619,10599.0
seoul,8,2817,송파,2023-10,22,9680.09090909091,10404.5
seoul,8,2817,송파,2023-11,22,10420.363636363636,10389.5
seoul,8,2817,송파,2023-12,21,10505.333333333334,10670.0
seoul,8,2817,송파,2024-01,23,9986.130434782608,10294.0
seoul,8,2817,송파,2024-02,21,9794.57142857143,10397.0
seoul,8,2817,송파,2024-03,21,10695.952380952382,10765.0
seoul,8,2817,송파,2024-04,22,10524.09090909091,10741.5
seoul,8,2817,송파,2024-05,23,10262.826086956522,10854.0
seoul,8,2817,송파,2024-06,20,10447.3,10704.0
seoul,8,2817,송파,2024-07,23,10473.391304347826,10597.0
seoul,8,2817,송파,2024-08,22,9784.227272727272,10063.0
seoul,8,2817,송파,2024-09,21,9763.285714285714,10771.0
seoul,8,2817,송파,2024-10,23,10210.869565217392,10832.0
seoul,8,2817,송파,2024-11,21,11103.714285714286,10831.0
seoul,8,2817,송파,2024-12,22,10870.0,11168.0
seoul,8,2818,가락시장,2022-07,21,7917.619047619048,7888.0
seoul,8,2818,가락시장,2022-08,23,7443.695652173913,7617.0
seoul,8,2818,가락시장,2022-09,22,7804.181818181818,8188.5
seoul,8,2818,가락시장,2022-10,21,8037.9047619047615,8493.0
seoul,8,2818,가락시장,2022-11,22,8285.772727272728,8298.0
seoul,8,2818,가락시장,2022-12,22,8733.363636363636,8790.0
seoul,8,2818,가락시장,2023-01,22,8071.409090909091,8738.0
seoul,8,2818,가락시장,2023-02,20,8659.35,8656.5
seoul,8,2818,가락시장,2023-03,23,8525.91304347826,8658.0
seoul,8,2818,가락시장,2023-04,20,8685.9,8727.0
seoul,8,2818,가락시장,2023-05,23,8138.304347826087,8606.0
seoul,8,2818,가락시장,2023-06,22,8364.727272727272,8540.5
seoul,8,2818,가락시장,2023-07,21,8297.47619047619,8221.0
seoul,8,2818,가락시장,2023-08,23,7904.130434782609,8158.0
seoul,8,2818,가락시장,2023-09,21,8515.666666666666,9032.0
seoul,8,2818,가락시장,2023-10,22,8312.818181818182,8850.5
seoul,8,2818,가락시장,2023-11,22,9045.272727272728,9063.5
seoul,8,2818,가락시장,2023-12,21,9376.285714285714,9555.0
seoul,8,2818,가락시장,2024-01,23,8667.08695652174,8966.0
seoul,8,2818,가락시장,2024-02,21,8592.190476190477,9047.0
seoul,8,2818,가락시장,2024-03,21,8932.47619047619,8980.0
seoul,8,2818,가락시장,2024-04,22,8827.136363636364,9045.5
seoul,8,2818,가락시장,2024-05,23,8553.652173913044,8983.0
seoul,8,2818,가락시장,2024-06,20,8663.5,8890.0
seoul,8,2818,가락시장,2024-07,23,8449.652173913044,8483.0
seoul,8,2818,가락시장,2024-08,22,8305.636363636364,8587.5
seoul,8,2818,가락시장,2024-09,21,8415.904761904761,9419.0
seoul,8,2818,가락시장,2024-10,23,8957.565217391304,9390.0
seoul,8,2818,가락시장,2024-11,21,9878.952380952382,9782.0
seoul,8,2818,가락시장,2024-12,22,10046.318181818182,10164.0
seoul,8,2819,문정,2022-07,21,23060.52380952381,23278.0
seoul,8,2819,문정,2022-08,23,21232.217391304348,22123.0
seoul,8,2819,문정,2022-09,22,21394.090909090908,23401.0
seoul,8,2819,문정,2022-10,21,21729.095238095237,23440.0
seoul,8,2819,문정,2022-11,22,23101.727272727272,23101.0
seoul,8,2819,문정,2022-12,22,23129.909090909092,23472.0
seoul,8,2819,문정,2023-01,22,21792.227272727272,24021.0
seoul,8,2819,문정,2023-02,20,24338.3,24365.0
seoul,8,2819,문정,2023-03,23,23484.304347826088,24243.0
seoul,8,2819,문정,2023-04,20,24179.35,24136.5
seoul,8,2819,문정,2023-05,23,21874.91304347826,24038.0
seoul,8,2819,문정,2023-06,22,22940.272727272728,23961.5
seoul,8,2819,문정,2023-07,21,23858.380952380954,24069.0
seoul,8,2819,문정,2023-08,23,22007.565217391304,23210.0
seoul,8,2819,문정,2023-09,21,22342.85714285714,24355.0
seoul,8,2819,문정,2023-10,22,22028.31818181818,24458.5
seoul,8,2819,문정,2023-11,22,24492.545454545456,24414.0
seoul,8,2819,문정,2023-12,21,23496.238095238095,24660.0
seoul,8,2819,문정,2024-01,23,24292.434782608696,25099.0
seoul,8,2819,문정,2024-02,21,23374.0,25512.0
seoul,8,2819,문정,2024-03,21,24888.04761904762,25662.0
seoul,8,2819,문정,2024-04,22,24746.81818181818,25545.5
seoul,8,2819,문정,2024-05,23,23282.739130434784,25573.0
seoul,8,2819,문정,2024-06,20,24275.4,25389.0
seoul,8,2819,문정,2024-07,23,24878.130434782608,25071.0
seoul,8,2819,문정,2024-08,22,23167.727272727272,24479.0
seoul,8,2819,문정,2024-09,21,22322.904761904763,25558.0
seoul,8,2819,문정,2024-10,23,23570.82608695652,26075.0
seoul,8,2819,문정,2024-11,21,26315.95238095238,26058.0
seoul,8,2819,문정,2024-12,22,24843.045454545456,26294.5
seoul,8,2820,장지,2022-07,21,18076.666666666668,18293.0
seoul,8,2820,장지,2022-08,23,16746.82608695652,17109.0
seoul,8,2820,장지,2022-09,22,17427.772727272728,18310.5
seoul,8,2820,장지,2022-10,21,17902.904761904763,18737.0
seoul,8,2820,장지,2022-11,22,18532.5,18623.5
seoul,8,2820,장지,2022-12,22,19063.727272727272,19235.0
seoul,8,2820,장지,2023-01,22,17229.045454545456,18367.0
seoul,8,2820,장지,2023-02,20,18823.9,18874.5
seoul,8,2820,장지,2023-03,23,19260.347826086956,19584.0
seoul,8,2820,장지,2023-04,20,19137.85,19157.5
seoul,8,2820,장지,2023-05,23,18325.0,19403.0
seoul,8,2820,장지,2023-06,22,18510.0,18989.0
seoul,8,2820,장지,2023-07,21,18533.714285714286,18523.0
seoul,8,2820,장지,2023-08,23,17408.521739130436,17909.0
seoul,8,2820,장지,2023-09,21,17664.0,18931.0
seoul,8,2820,장지,2023-10,22,17814.954545454544,19022.0
seoul,8,2820,장지,2023-11,22,19081.136363636364,19149.5
seoul,8,2820,장지,2023-12,21,18726.809523809523,19282.0
seoul,8,2820,장지,2024-01,23,17717.695652173912,18152.0
seoul,8,2820,장지,2024-02,21,17624.904761904763,18556.0
seoul,8,2820,장지,2024-03,21,18906.571428571428,19151.0
seoul,8,2820,장지,2024-04,22,18930.5,19369.5
seoul,8,2820,장지,2024-05,23,18525.391304347828,19418.0
seoul,8,2820,장지,2024-06,20,18830.5,19340.5
seoul,8,2820,장지,2024-07,23,18590.217391304348,18565.0
seoul,8,2820,장지,2024-08,22,17747.545454545456,18107.5
seoul,8,2820,장지,2024-09,21,17320.190476190477,18965.0
seoul,8,2820,장지,2024-10,23,18383.652173913044,19460.0
seoul,8,2820,장지,2024-11,21,19856.714285714286,19719.0
seoul,8,2820,장지,2024-12,22,19315.772727272728,19948.5
seoul,8,2821,복정,2022-07,21,9593.714285714286,9732.0
seoul,8,2821,복정,2022-08,23,8831.695652173914,8965.0
seoul,8,2821,복정,2022-09,22,9875.09090909091,10568.0
seoul,8,2821,복정,2022-10,21,10068.761904761905,10767.0
seoul,8,2821,복정,2022-11,22,10539.90909090909,10607.0
seoul,8,2821,복정,2022-12,22,9918.09090909091,10098.0
seoul,8,2821,복정,2023-01,22,8826.318181818182,9549.0
seoul,8,2821,복정,2023-02,20,9852.45,9887.0
seoul,8,2821,복정,2023-03,23,10932.04347826087,11263.0
seoul,8,2821,복정,2023-04,20,11033.35,11003.0
seoul,8,2821,복정,2023-05,23,10226.260869565218,10978.0
seoul,8,2821,복정,2023-06,22,10136.727272727272,10510.0
seoul,8,2821,복정,2023-07,21,9538.52380952381,9549.0
seoul,8,2821,복정,2023-08,23,9039.217391304348,9208.0
seoul,8,2821,복정,2023-09,21,10162.142857142857,10931.0
seoul,8,2821,복정,2023-10,22,10102.636363636364,11051.5
seoul,8,2821,복정,2023-11,22,10821.818181818182,10887.5
seoul,8,2821,복정,2023-12,21,10023.761904761905,10497.0
seoul,8,2821,복정,2024-01,23,9525.260869565218,9860.0
seoul,8,2821,복정,2024-02,21,9371.238095238095,9955.0
seoul,8,2821,복정,2024-03,21,11161.904761904761,11489.0
seoul,8,2821,복정,2024-04,22,11240.772727272728,11574.0
seoul,8,2821,복정,2024-05,23,10692.521739130434,11471.0
seoul,8,2821,복정,2024-06,20,10748.1,11073.5
seoul,8,2821,복정,2024-07,23,10046.173913043478,10089.0
seoul,8,2821,복정,2024-08,22,9713.227272727272,9867.0
seoul,8,2821,복정,2024-09,21,10177.809523809523,11394.0
seoul,8,2821,복정,2024-10,23,10721.347826086956,11540.0
seoul,8,2821,복정,2024-11,21,11706.47619047619,11766.0
seoul,8,2821,복정,2024-12,22,10661.0,11135.5
seoul,8,2822,산성,2022-07,21,5457.0,5434.0
seoul,8,2822,산성,2022-08,23,5057.826086956522,5214.0
seoul,8,2822,산성,2022-09,22,5477.090909090909,5805.5
seoul,8,2822,산성,2022-10,21,5676.047619047619,5964.0
seoul,8,2822,산성,2022-11,22,5764.636363636364,5773.0
seoul,8,2822,산성,2022-12,22,5556.727272727273,5569.5
seoul,8,2822,산성,2023-01,22,5096.636363636364,5419.5
seoul,8,2822,산성,2023-02,20,5595.9,5624.0
seoul,8,2822,산성,2023-03,23,5932.826086956522,6032.0
seoul,8,2822,산성,2023-04,20,5968.95,5988.5
seoul,8,2822,산성,2023-05,23,5739.478260869565,6041.0
seoul,8,2822,산성,2023-06,22,5703.590909090909,5830.0
seoul,8,2822,산성,2023-07,21,5477.571428571428,5446.0
seoul,8,2822,산성,2023-08,23,5163.304347826087,5319.0
seoul,8,2822,산성,2023-09,21,5451.619047619048,5795.0
seoul,8,2822,산성,2023-10,22,5584.454545454545,5878.5
seoul,8,2822,산성,2023-11,22,6164.318181818182,6151.0
seoul,8,2822,산성,2023-12,21,6405.428571428572,6521.0
seoul,8,2822,산성,2024-01,23,6355.04347826087,6527.0
seoul,8,2822,산성,2024-02,21,6350.428571428572,6713.0
seoul,8,2822,산성,2024-03,21,7013.0,7127.0
seoul,8,2822,산성,2024-04,22,7132.045454545455,7259.5
seoul,8,2822,산성,2024-05,23,6905.260869565217,7323.0
seoul,8,2822,산성,2024-06,20,7074.4,7200.0
seoul,8,2822,산성,2024-07,23,6769.869565217391,6760.0
seoul,8,2822,산성,2024-08,22,6345.090909090909,6437.0
seoul,8,2822,산성,2024-09,21,6421.619047619048,7057.0
seoul,8,2822,산성,2024-10,23,6754.782608695652,7084.0
seoul,8,2822,산성,2024-11,21,7233.285714285715,7139.0
seoul,8,2822,산성,2024-12,22,6671.227272727273,6846.0
seoul,8,2823,남한산성입구(성남법원.검찰청),2022-07,21,14044.952380952382,14245.0
seoul,8,2823,남한산성입구(성남법원.검찰청),2022-08,23,13130.347826086956,13460.0
seoul,8,2823,남한산성입구(성남법원.검찰청),2022-09,22,15468.272727272728,16389.5
seoul,8,2823,남한산성입구(성남법원.검찰청),2022-10,21,15635.857142857143,16653.0
seoul,8,2823,남한산성입구(성남법원.검찰청),2022-11,22,16147.818181818182,16154.0
seoul,8,2823,남한산성입구(성남법원.검찰청),2022-12,22,14784.181818181818,15098.5
seoul,8,2823,남한산성입구(성남법원.검찰청),2023-01,22,13033.545454545454,13816.0
seoul,8,2823,남한산성입구(성남법원.검찰청),2023-02,20,14411.55,14335.0
seoul,8,2823,남한산성입구(성남법원.검찰청),2023-03,23,16753.391304347828,17157.0
seoul,8,2823,남한산성입구(성남법원.검찰청),2023-04,20,16949.5,16914.5
seoul,8,2823,남한산성입구(성남법원.검찰청),2023-05,23,15917.173913043478,16988.0
seoul,8,2823,남한산성입구(성남법원.검찰청),2023-06,22,15271.90909090909,15542.0
seoul,8,2823,남한산성입구(성남법원.검찰청),2023-07,21,14053.285714285714,13925.0
seoul,8,2823,남한산성입구(성남법원.검찰청),2023-08,23,13386.08695652174,13762.0
seoul,8,2823,남한산성입구(성남법원.검찰청),2023-09,21,15337.238095238095,16227.0
seoul,8,2823,남한산성입구(성남법원.검찰청),2023-10,22,15285.636363636364,16463.5
seoul,8,2823,남한산성입구(성남법원.검찰청),2023-11,22,16132.454545454546,16168.5
seoul,8,2823,남한산성입구(성남법원.검찰청),2023-12,21,14714.714285714286,15109.0
seoul,8,2823,남한산성입구(성남법원.검찰청),2024-01,23,13345.391304347826,13722.0
seoul,8,2823,남한산성입구(성남법원.검찰청),2024-02,21,13320.238095238095,13953.0
seoul,8,2823,남한산성입구(성남법원.검찰청),2024-03,21,16346.52380952381,16678.0
seoul,8,2823,남한산성입구(성남법원.검찰청),2024-04,22,16514.409090909092,16866.5
seoul,8,2823,남한산성입구(성남법원.검찰청),2024-05,23,15822.173913043478,16905.0
seoul,8,2823,남한산성입구(성남법원.검찰청),2024-06,20,15476.65,15709.0
seoul,8,2823,남한산성입구(성남법원.검찰청),2024-07,23,13870.869565217392,13835.0
seoul,8,2823,남한산성입구(성남법원.검찰청),2024-08,22,13064.954545454546,13337.0
seoul,8,2823,남한산성입구(성남법원.검찰청),2024-09,21,14571.333333333334,16166.0
seoul,8,2823,남한산성입구(성남법원.검찰청),2024-10,23,15178.434782608696,16127.0
seoul,8,2823,남한산성입구(성남법원.검찰청),2024-11,21,16341.952380952382,16294.0
seoul,8,2823,남한산성입구(성남법원.검찰청),2024-12,22,14821.227272727272,15548.0
seoul,8,2824,단대오거리,2022-07,21,10828.952380952382,10938.0
seoul,8,2824,단대오거리,2022-08,23,10193.304347826086,10406.0
seoul,8,2824,단대오거리,2022-09,22,11288.90909090909,11950.5
seoul,8,2824,단대오거리,2022-10,21,11535.904761904761,12082.0
seoul,8,2824,단대오거리,2022-11,22,11768.818181818182,11764.5
seoul,8,2824,단대오거리,2022-12,22,11937.181818181818,11893.0
seoul,8,2824,단대오거리,2023-01,22,11581.363636363636,12294.0
seoul,8,2824,단대오거리,2023-02,20,13133.35,13046.5
seoul,8,2824,단대오거리,2023-03,23,14300.391304347826,14532.0
seoul,8,2824,단대오거리,2023-04,20,14419.4,14492.0
seoul,8,2824,단대오거리,2023-05,23,13817.652173913044,14691.0
seoul,8,2824,단대오거리,2023-06,22,13465.136363636364,13927.0
seoul,8,2824,단대오거리,2023-07,21,12732.190476190477,12657.0
seoul,8,2824,단대오거리,2023-08,23,12002.304347826086,12370.0
seoul,8,2824,단대오거리,2023-09,21,12956.714285714286,13829.0
seoul,8,2824,단대오거리,2023-10,22,13020.681818181818,13953.0
seoul,8,2824,단대오거리,2023-11,22,13568.863636363636,13666.5
seoul,8,2824,단대오거리,2023-12,21,12908.857142857143,13337.0
seoul,8,2824,단대오거리,2024-01,23,12439.521739130434,12874.0
seoul,8,2824,단대오거리,2024-02,21,12322.142857142857,12920.0
seoul,8,2824,단대오거리,2024-03,21,13930.238095238095,14247.0
seoul,8,2824,단대오거리,2024-04,22,14076.818181818182,14363.5
seoul,8,2824,단대오거리,2024-05,23,13681.739130434782,14497.0
seoul,8,2824,단대오거리,2024-06,20,13573.45,13876.5
seoul,8,2824,단대오거리,2024-07,23,12704.173913043478,12691.0
seoul,8,2824,단대오거리,2024-08,22,11910.5,12182.5
seoul,8,2824,단대오거리,2024-09,21,12480.619047619048,13716.0
seoul,8,2824,단대오거리,2024-10,23,13083.565217391304,13853.0
seoul,8,2824,단대오거리,2024-11,21,14191.57142857143,13922.0
seoul,8,2824,단대오거리,2024-12,22,13239.40909090909,13706.0
seoul,8,2825,신흥,2022-07,21,4453.666666666667,4437.0
seoul,8,2825,신흥,2022-08,23,4144.95652173913,4197.0
seoul,8,2825,신흥,2022-09,22,4278.590909090909,4407.5
seoul,8,2825,신흥,2022-10,21,4655.714285714285,4813.0
seoul,8,2825,신흥,2022-11,22,5101.954545454545,5072.5
seoul,8,2825,신흥,2022-12,22,5364.363636363636,5355.5
seoul,8,2825,신흥,2023-01,22,5064.318181818182,5299.0
seoul,8,2825,신흥,2023-02,20,5623.1,5643.5
seoul,8,2825,신흥,2023-03,23,5616.173913043478,5646.0
seoul,8,2825,신흥,2023-04,20,5627.1,5656.0
seoul,8,2825,신흥,2023-05,23,5515.04347826087,5702.0
seoul,8,2825,신흥,2023-06,22,5445.409090909091,5543.0
seoul,8,2825,신흥,2023-07,21,5472.952380952381,5489.0
seoul,8,2825,신흥,2023-08,23,5218.565217391304,5326.0
seoul,8,2825,신흥,2023-09,21,5272.714285714285,5565.0
seoul,8,2825,신흥,2023-10,22,5291.772727272727,5526.5
seoul,8,2825,신흥,2023-11,22,5493.5,5497.0
seoul,8,2825,신흥,2023-12,21,5552.952380952381,5635.0
seoul,8,2825,신흥,2024-01,23,5428.260869565217,5571.0
seoul,8,2825,신흥,2024-02,21,5393.714285714285,5651.0
seoul,8,2825,신흥,2024-03,21,5757.666666666667,5871.0
seoul,8,2825,신흥,2024-04,22,5702.454545454545,5708.5
seoul,8,2825,신흥,2024-05,23,5619.434782608696,5854.0
seoul,8,2825,신흥,2024-06,20,5586.55,5632.5
seoul,8,2825,신흥,2024-07,23,5520.217391304348,5532.0
seoul,8,2825,신흥,2024-08,22,5317.681818181818,5379.0
seoul,8,2825,신흥,2024-09,21,5216.619047619048,5622.0
seoul,8,2825,신흥,2024-10,23,5438.826086956522,5626.0
seoul,8,2825,신흥,2024-11,21,5832.047619047619,5740.0
seoul,8,2825,신흥,2024-12,22,5667.909090909091,5713.0
seoul,8,2826,수진,2022-07,21,5634.714285714285,5663.0
seoul,8,2826,수진,2022-08,23,5252.434782608696,5398.0
seoul,8,2826,수진,2022-09,22,5485.863636363636,5713.5
seoul,8,2826,수진,2022-10,21,5510.142857142857,5714.0
seoul,8,2826,수진,2022-11,22,5692.818181818182,5708.0
seoul,8,2826,수진,2022-12,22,5742.545454545455,5705.5
seoul,8,2826,수진,2023-01,22,5323.045454545455,5601.5
seoul,8,2826,수진,2023-02,20,5748.05,5778.5
seoul,8,2826,수진,2023-03,23,6013.869565217391,6077.0
seoul,8,2826,수진,2023-04,20,6128.2,6085.5
seoul,8,2826,수진,2023-05,23,5867.565217391304,6121.0
seoul,8,2826,수진,2023-06,22,5790.590909090909,5873.5
seoul,8,2826,수진,2023-07,21,5868.285714285715,5838.0
seoul,8,2826,수진,2023-08,23,5531.608695652174,5620.0
seoul,8,2826,수진,2023-09,21,5668.666666666667,5915.0
seoul,8,2826,수진,2023-10,22,5639.818181818182,5897.5
seoul,8,2826,수진,2023-11,22,5918.818181818182,5861.5
seoul,8,2826,수진,2023-12,21,5786.761904761905,5854.0
seoul,8,2826,수진,2024-01,23,5563.086956521739,5683.0
seoul,8,2826,수진,2024-02,21,5448.476190476191,5701.0
seoul,8,2826,수진,2024-03,21,6104.142857142857,6143.0
seoul,8,2826,수진,2024-04,22,6132.090909090909,6161.5
seoul,8,2826,수진,2024-05,23,5998.782608695652,6139.0
seoul,8,2826,수진,2024-06,20,6062.95,6079.0
seoul,8,2826,수진,2024-07,23,5915.04347826087,5921.0
seoul,8,2826,수진,2024-08,22,5679.727272727273,5800.0
seoul,8,2826,수진,2024-09,21,5616.428571428572,6009.0
seoul,8,2826,수진,2024-10,23,5917.826086956522,6087.0
seoul,8,2826,수진,2024-11,21,6307.380952380952,6134.0
seoul,8,2826,수진,2024-12,22,6099.954545454545,6133.0
seoul,8,2827,모란,2022-07,21,4788.333333333333,4610.0
seoul,8,2827,모란,2022-08,23,4581.95652173913,4426.0
seoul,8,2827,모란,2022-09,22,4858.681818181818,4859.0
seoul,8,2827,모란,2022-10,21,4952.285714285715,4805.0
seoul,8,2827,모란,2022-11,22,5035.5,4740.5
seoul,8,2827,모란,2022-12,22,4962.5,4758.0
seoul,8,2827,모란,2023-01,22,4715.863636363636,4710.0
seoul,8,2827,모란,2023-02,20,5181.0,4827.5
seoul,8,2827,모란,2023-03,23,5537.130434782609,5189.0
seoul,8,2827,모란,2023-04,20,5622.8,5211.0
seoul,8,2827,모란,2023-05,23,5530.826086956522,5246.0
seoul,8,2827,모란,2023-06,22,5205.318181818182,5093.0
seoul,8,2827,모란,2023-07,21,5105.428571428572,4943.0
seoul,8,2827,모란,2023-08,23,4947.04347826087,4876.0
seoul,8,2827,모란,2023-09,21,5112.571428571428,5126.0
seoul,8,2827,모란,2023-10,22,5303.954545454545,5156.0
seoul,8,2827,모란,2023-11,22,5199.272727272727,4966.0
seoul,8,2827,모란,2023-12,21,5179.0,4981.0
seoul,8,2827,모란,2024-01,23,5080.086956521739,4808.0
seoul,8,2827,모란,2024-02,21,4962.333333333333,4869.0
seoul,8,2827,모란,2024-03,21,5508.428571428572,5251.0
seoul,8,2827,모란,2024-04,22,5740.727272727273,5355.0
seoul,8,2827,모란,2024-05,23,5676.521739130435,5495.0
seoul,8,2827,모란,2024-06,20,5677.9,5476.0
seoul,8,2827,모란,2024-07,23,5416.869565217391,5237.0
seoul,8,2827,모란,2024-08,22,5282.454545454545,5146.5
seoul,8,2827,모란,2024-09,21,5320.761904761905,5380.0
seoul,8,2827,모란,2024-10,23,5758.086956521739,5332.0
seoul,8,2827,모란,2024-11,21,5878.809523809524,5464.0
seoul,8,2827,모란,2024-12,22,5776.772727272727,5510.0
seoul,8,2828,남위례,2022-07,21,5688.857142857143,5720.0
seoul,8,2828,남위례,2022-08,23,5303.913043478261,5362.0
seoul,8,2828,남위례,2022-09,22,5935.727272727273,6335.5
seoul,8,2828,남위례,2022-10,21,6325.0,6748.0
seoul,8,2828,남위례,2022-11,22,6686.454545454545,6711.0
seoul,8,2828,남위례,2022-12,22,6593.818181818182,6493.5
seoul,8,2828,남위례,2023-01,22,6116.272727272727,6572.0
seoul,8,2828,남위례,2023-02,20,6988.1,7022.0
seoul,8,2828,남위례,2023-03,23,7485.826086956522,7642.0
seoul,8,2828,남위례,2023-04,20,7709.6,7710.5
seoul,8,2828,남위례,2023-05,23,7468.782608695652,7973.0
seoul,8,2828,남위례,2023-06,22,7620.590909090909,7915.0
seoul,8,2828,남위례,2023-07,21,7335.0,7348.0
seoul,8,2828,남위례,2023-08,23,6755.130434782609,7008.0
seoul,8,2828,남위례,2023-09,21,7281.0,7762.0
seoul,8,2828,남위례,2023-10,22,7487.318181818182,8020.5
seoul,8,2828,남위례,2023-11,22,7954.727272727273,7986.5
seoul,8,2828,남위례,2023-12,21,7681.571428571428,7917.0
seoul,8,2828,남위례,2024-01,23,7315.739130434783,7611.0
seoul,8,2828,남위례,2024-02,21,7321.476190476191,7786.0
seoul,8,2828,남위례,2024-03,21,8146.761904761905,8369.0
seoul,8,2828,남위례,2024-04,22,8341.09090909091,8501.5
seoul,8,2828,남위례,2024-05,23,8132.608695652174,8693.0
seoul,8,2828,남위례,2024-06,20,8225.4,8463.0
seoul,8,2828,남위례,2024-07,23,7956.391304347826,7985.0
seoul,8,2828,남위례,2024-08,22,7336.5,7549.0
seoul,8,2828,남위례,2024-09,21,7519.285714285715,8419.0
seoul,8,2828,남위례,2024-10,23,8148.0,8567.0
seoul,8,2828,남위례,2024-11,21,8851.42857142857,8769.0
seoul,8,2828,남위례,2024-12,22,8335.681818181818,8636.5
